C*******************************************************************************
C
C                  INTEGRATED WATER FLOW MODEL (IWFM)
C
C*******************************************************************************
C
C                        URBAN LANDS DATA FILE
C                         Root Zone Component
C                         *** Version 4.13 ***
C
C             Project:  C2VSim Coarse Grid (C2VSimCG)
C                       California Central Valley Groundwater-Surface Water Simulation Model
C             Filename: C2VSimCG_Urban.dat
C             Version:  C2VSimCG v2025
C
C*******************************************************************************
C
C  California Central Valley Groundwater-Surface Water Flow Model - Coarse Grid (C2VSimCG)
C  Copyright (C) 2003-2025
C  State of California, Department of Water Resources 
C
C  This model is free: you can redistribute it and/or modify it 
C  under the terms of the GNU General Public License as published 
C  by the Free Software Foundation, either version 3 of the License, 
C  or (at your option) any later version.
C
C  This model is distributed in the hope that it will be useful, but  
C  WITHOUT ANY WARRANTY; without even the implied warranty of MERCHANTABILITY
C  or FITNESS FOR A PARTICULAR PURPOSE. See the GNU General Public 
C  License for more details.
C
C  You should have received a copy of the GNU General Public License 
C  along with this model. If not, see (https://www.gnu.org/licenses/).
C
C  For technical support, e-mail: IWFMtechsupport@water.ca.gov 
C
C*******************************************************************************
C                          File Description
C
C   This data file contains the parameters and data file names for the simulation
C   of root zone processes and managament of urban lands.
C
C*******************************************************************************
C                         Land Use Areas
C
C   LUFLU   ;  File that lists the urban areas (max. 1000 characters)
C
C--------------------------------------------------------------------------------
    RootZone\C2VSimCG_Urban_Area.dat              / LUFLU
C*******************************************************************************
C                              Rooting Depth 
C
C   FACT   ;    Conversion factor for urban root zone depth 
C   ROOTURB;    Urban root zone depth; [L]
C
C--------------------------------------------------------------------------------
C   VALUE                 DESCRIPTION
C--------------------------------------------------------------------------------
    1.0                   / FACT
    2.0                   / ROOTURB
C*******************************************************************************
C                  Urban Water Use, Management and Simulation Parameters 
C
C   POPULFL  ;  File that lists the urban population (max. 1000 characters)
C   WTRUSEFL ;  File that lists the per capita water use (max. 1000 characters)
C   URBSPECFL;  File that lists the urban water use specifications (max. 1000 characters)
C   IE       ;  Element ID (Enter 0 if following values are to be used for all elements)
C   PERV     ;  Fraction of pervious area to total urban areas
C   CNURB    ;  Curve number for urban lands
C   ICPOPUL  ;  Population - this number corresponds to the appropriate data
C                 column in the Population file (POPULFL)
C   ICWTRUSE ;  Per capita water use - this number corresponds to the appropriate data
C                 column in the Per Capita Water Use file (WTRUSEFL)
C   FRACDM   ;  Relative proportion of the urban demand computed by multiplying population  
C                 with per capita water use to be applied to element IE
C                 * Note: Enter -1.0 for all FRACDM if relative proportion will be computed 
C                         with respect to urban area at each element
C   ICETURB  ;  Urban reference ET (ETo) - this number corresponds to the appropriate data 
C                 column in the ET data file listed in the Main Control Data file.
C   ICCFFURB ;  Coefficient to multiply with ETo to obtain ETc - this number corresponds to 
C                 the appropriate data column in the crop/habitat coefficient data file 
C                 listed in the Main Control Data file.
C   ICRTFURB ;  Fraction of the urban applied water that becomes return flow - this  
C                 number corresponds to the appropriate data column in irrigation 
C                 water return flow factor data file (RFFL).  
C                 * Note: For urban lands, return flow fraction applies only to 
C                         pervious (lawns, parks, etc) urban areas. All water 
C                         delivered to urban indoor areas becomes return flow.
C   ICRUFURB ;  Fraction of the applied water that is re-used - this number corresponds 
C                 to the appropriate data column in irrigation water re-use factor data
C                  file (RUFL).
C   ICURBSPEC;  Urban water use specification data as a fraction of total urban water that
C                is used indoors - this number corresponds to the appropriate data column
C                in the urban water use specifications data file (URBSPECFL).                 
C
C--------------------------------------------------------------------------------
C   VALUE                                         DESCRIPTION
C--------------------------------------------------------------------------------
  RootZone\C2VSimCG_Urban_Population.dat          / POPULFL
  RootZone\C2VSimCG_Urban_PerCapWaterUse.dat      / WTRUSEFL
  RootZone\C2VSimCG_Urban_WaterUseSpecs.dat       / URBSPECFL
C---------------------------------------------------------------------------------------------------------------------------
C     IE    PERV    CNURB           ICPOPUL  ICWTRUSE    FRACDM    ICETURB    ICCFFURB      ICRTFURB    ICRUFURB  ICURBSPEC
C---------------------------------------------------------------------------------------------------------------------------
       1    0.62    2.6115177E+01      6         6       -1        1212        1212           5           6         1
       2    0.62    2.6136144E+01     10        10       -1        1214        1214           5           6         1
       3    0.62    2.6108883E+01     10        10       -1        1214        1214           5           6         1
       4    0.62    2.6091479E+01     10        10       -1        1214        1214           5           6         1
       5    0.62    2.6116822E+01     10        10       -1        1214        1214           5           6         1
       6    0.62    2.6096243E+01     10        10       -1        1214        1214           5           6         1
       7    0.62    2.6074622E+01      6         6       -1        1212        1212           5           6         1
       8    0.62    2.6087784E+01     10        10       -1        1214        1214           5           6         1
       9    0.62    2.6080435E+01     10        10       -1        1214        1214           5           6         1
      10    0.62    2.7365256E+01     10        10       -1        1214        1214           5           6         1
      11    0.62    2.6024691E+01      6         6       -1        1212        1212           5           6         1
      12    0.62    2.6046494E+01      6         6       -1        1212        1212           5           6         1
      13    0.62    2.2799965E+01      6         6       -1        1212        1212           5           6         1
      14    0.62    2.6067185E+01     10        10       -1        1214        1214           5           6         1
      15    0.62    2.6060513E+01     10        10       -1        1214        1214           5           6         1
      16    0.62    2.6051249E+01     10        10       -1        1214        1214           5           6         1
      17    0.62    2.6002271E+01      6         6       -1        1212        1212           5           6         1
      18    0.62    2.6022874E+01      6         6       -1        1212        1212           5           6         1
      19    0.62    2.6037036E+01      6         6       -1        1212        1212           5           6         1
      20    0.62    2.2785103E+01      6         6       -1        1212        1212           5           6         1
      21    0.62    2.6039724E+01     10        10       -1        1214        1214           5           6         1
      22    0.62    2.6924901E+01      6         6       -1        1211        1211           4           6         1
      23    0.62    2.6124160E+01      6         6       -1        1211        1211           5           6         1
      24    0.62    2.6300662E+01      6         6       -1        1212        1212           5           6         1
      25    0.62    2.6633111E+01      6         6       -1        1212        1212           5           6         1
      26    0.62    2.7135145E+01      6         6       -1        1212        1212           5           6         1
      27    0.62    2.6022803E+01      6         6       -1        1212        1212           5           6         1
      28    0.62    2.7815128E+01     10        10       -1        1214        1214           5           6         1
      29    0.62    2.7319468E+01     11        11       -1        1214        1214           5           6         1
      30    0.62    2.7328943E+01      7         7       -1        1212        1212           5           6         1
      31    0.62    2.6496497E+01      7         7       -1        1212        1212           5           6         1
      32    0.62    2.6379777E+01      7         7       -1        1212        1212           5           6         1
      33    0.62    2.6676498E+01      7         7       -1        1212        1212           5           6         1
      34    0.62    2.7120937E+01      7         7       -1        1212        1212           5           6         1
      35    0.62    2.7301512E+01      7         7       -1        1212        1212           5           6         1
      36    0.62    2.7619795E+01     11        11       -1        1214        1214           5           6         1
      37    0.62    2.7732766E+01      3         3       -1        1211        1211           5           6         1
      38    0.62    2.6960513E+01      7         7       -1        1211        1211           5           6         1
      39    0.62    2.6817544E+01      7         7       -1        1211        1211           5           6         1
      40    0.62    2.6589651E+01      7         7       -1        1212        1212           5           6         1
      41    0.62    2.6707257E+01      7         7       -1        1212        1212           5           6         1
      42    0.62    2.8173712E+01      7         7       -1        1212        1212           5           6         1
      43    0.62    2.8308596E+01      7         7       -1        1212        1212           5           6         1
      44    0.62    2.7887962E+01      7         7       -1        1211        1211           5           6         1
      45    0.62    2.8446928E+01      7         7       -1        1211        1211           5           6         1
      46    0.62    2.8061507E+01      3         3       -1        1211        1211           4           6         1
      47    0.62    2.8415274E+01      9         9       -1        1211        1211           5           6         1
      48    0.62    2.7935200E+01      9         9       -1        1215        1215           5           6         2
      49    0.62    2.7679105E+01      9         9       -1        1215        1215           5           6         2
      50    0.62    2.7682815E+01      9         9       -1        1215        1215           5           6         2
      51    0.62    2.7848646E+01      9         9       -1        1215        1215           5           6         2
      52    0.62    2.8228339E+01     11        11       -1        1214        1214           5           6         1
      53    0.62    2.8245776E+01     11        11       -1        1216        1216           5           6         2
      54    0.62    2.7147128E+01      9         9       -1        1215        1215           5           6         2
      55    0.62    2.6547421E+01      9         9       -1        1215        1215           5           6         2
      56    0.62    2.7603612E+01      9         9       -1        1215        1215           5           6         2
      57    0.62    2.7618320E+01      9         9       -1        1215        1215           5           6         2
      58    0.62    2.7839538E+01      9         9       -1        1215        1215           5           6         2
      59    0.62    2.8122522E+01      9         9       -1        1215        1215           5           6         2
      60    0.62    2.6351636E+01      9         9       -1        1215        1215           5           6         2
      61    0.62    2.6140327E+01      9         9       -1        1215        1215           5           6         2
      62    0.62    2.6081993E+01      9         9       -1        1215        1215           5           6         2
      63    0.62    2.6409441E+01      9         9       -1        1215        1215           5           6         2
      64    0.62    2.6504357E+01     13        13       -1        1216        1216           5           6         2
      65    0.62    2.6544753E+01      9         9       -1        1215        1215           5           6         2
      66    0.62    2.6050593E+01      9         9       -1        1215        1215           5           6         2
      67    0.62    2.7275688E+01      9         9       -1        1215        1215           5           6         2
      68    0.62    2.5972264E+01      9         9       -1        1215        1215           5           6         2
      69    0.62    2.6100546E+01      9         9       -1        1215        1215           5           6         2
      70    0.62    2.3045987E+01     13        13       -1        1216        1216           5           6         2
      71    0.62    2.6420554E+01     13        13       -1        1216        1216           5           6         2
      72    0.62    2.6060977E+01      9         9       -1        1215        1215           5           6         2
      73    0.62    2.6223378E+01      9         9       -1        1215        1215           5           6         2
      74    0.62    2.6342318E+01      9         9       -1        1215        1215           5           6         2
      75    0.62    2.6019423E+01      9         9       -1        1215        1215           5           6         2
      76    0.62    2.5972264E+01      9         9       -1        1215        1215           5           6         2
      77    0.62    2.6016305E+01     13        13       -1        1216        1216           5           6         2
      78    0.62    2.7372237E+01     13        13       -1        1216        1216           5           6         2
      79    0.62    2.9133143E+01      9         9       -1        1215        1215           5           6         2
      80    0.62    2.9203088E+01      9         9       -1        1215        1215           5           6         2
      81    0.62    2.8032101E+01      9         9       -1        1215        1215           5           6         2
      82    0.62    2.6311995E+01      9         9       -1        1215        1215           5           6         2
      83    0.62    2.5972264E+01      9         9       -1        1215        1215           5           6         2
      84    0.62    2.5972264E+01     13        13       -1        1216        1216           5           6         2
      85    0.62    2.7291387E+01     13        13       -1        1216        1216           5           6         2
      86    0.62    3.3721417E+01      9         9       -1        1215        1215           5           6         2
      87    0.62    2.8520023E+01      9         9       -1        1215        1215           5           6         2
      88    0.62    2.9447574E+01      9         9       -1        1215        1215           5           6         2
      89    0.62    2.6520762E+01      9         9       -1        1215        1215           5           6         2
      90    0.62    2.5972264E+01      9         9       -1        1215        1215           5           6         2
      91    0.62    2.5972264E+01     13        13       -1        1216        1216           5           6         2
      92    0.62    2.6104246E+01     13        13       -1        1216        1216           5           6         2
      93    0.62    3.3271258E+01      9         9       -1        1215        1215           5           6         2
      94    0.62    3.1722061E+01      9         9       -1        1215        1215           5           6         2
      95    0.62    2.6837174E+01      9         9       -1        1215        1215           5           6         2
      96    0.62    2.6713563E+01      9         9       -1        1215        1215           5           6         2
      97    0.62    2.6471428E+01     13        13       -1        1216        1216           5           6         2
      98    0.62    2.7655508E+01     13        13       -1        1216        1216           5           6         2
      99    0.62    3.8169961E+01      9         9       -1        1215        1215           5           6         2
     100    0.62    3.6544642E+01      9         9       -1        1215        1215           5           6         2
     101    0.62    3.7216787E+01      9         9       -1        1215        1215           5           6         2
     102    0.62    3.1456645E+01      9         9       -1        1215        1215           5           6         2
     103    0.62    2.9039059E+01      9         9       -1        1215        1215           5           6         2
     104    0.62    2.3852377E+01     12        12       -1        1216        1216           5           6         2
     105    0.62    2.6611739E+01     13        13       -1        1216        1216           5           6         2
     106    0.62    4.0862167E+01      9         9       -1        1215        1215           5           6         2
     107    0.62    4.2056722E+01      9         9       -1        1215        1215           5           6         2
     108    0.62    4.2907946E+01      9         9       -1        1215        1215           5           6         2
     109    0.62    3.7493312E+01      9         9       -1        1215        1215           5           6         2
     110    0.62    3.2181249E+01      8         8       -1        1219        1219           5           6         2
     111    0.62    2.9327294E+01      8         8       -1        1219        1219           5           6         2
     112    0.62    2.4346118E+01      8         8       -1        1221        1221           5           6         2
     113    0.62    1.7936296E+01     12        12       -1        1216        1216           5           6         2
     114    0.62    2.7274093E+01     12        12       -1        1216        1216           5           6         2
     115    0.62    2.8035039E+01     12        12       -1        1216        1216           5           6         2
     116    0.62    2.6534224E+01     12        12       -1        1216        1216           5           6         2
     117    0.62    2.6639832E+01     12        12       -1        1216        1216           5           6         2
     118    0.62    2.7752145E+01     12        12       -1        1216        1216           5           6         2
     119    0.62    2.2876239E+01     12        12       -1        1225        1225           5           6         2
     120    0.62    2.2816167E+01     12        12       -1        1225        1225           5           6         2
     121    0.62    4.8889937E+01      4         4       -1        1213        1213           5           6         2
     122    0.62    5.1468153E+01      5         5       -1        1213        1213           5           6         2
     123    0.62    5.0601584E+01      8         8       -1        1217        1217           5           6         2
     124    0.62    5.1996769E+01     19        19       -1        1219        1219           5           6         3
     125    0.62    3.7580933E+01      8         8       -1        1217        1217           5           6         2
     126    0.62    3.0615772E+01      8         8       -1        1217        1217           5           6         2
     127    0.62    2.9087396E+01      8         8       -1        1219        1219           5           6         2
     128    0.62    2.6254773E+01     22        22       -1        1221        1221           5           6         4
     129    0.62    2.6574147E+01      8         8       -1        1221        1221           5           6         4
     130    0.62    2.2856608E+01     28        28       -1        1224        1224           5           6         4
     131    0.62    2.5995736E+01     25        25       -1        1225        1225           5           6         5
     132    0.62    2.5972264E+01     25        25       -1        1225        1225           5           6         5
     133    0.62    2.2725731E+01     28        28       -1        1224        1224           5           6         4
     134    0.62    2.5972264E+01     25        25       -1        1225        1225           5           6         5
     135    0.62    2.2767940E+01     25        25       -1        1225        1225           5           6         5
     136    0.62    2.7589242E+01     25        25       -1        1225        1225           5           6         5
     137    0.62    5.6250732E+01      4         4       -1        1213        1213           4           6         2
     138    0.62    6.3300737E+01      4         4       -1        1217        1217           5           6         2
     139    0.62    6.8483362E+01     19        19       -1        1219        1219           5           6         3
     140    0.62    5.2333870E+01     19        19       -1        1219        1219           5           6         3
     141    0.62    4.0286653E+01     19        19       -1        1219        1219           5           6         3
     142    0.62    3.7268267E+01     19        19       -1        1219        1219           5           6         3
     143    0.62    3.0265463E+01     19        19       -1        1219        1219           5           6         3
     144    0.62    2.6680792E+01     19        19       -1        1221        1221           5           6         3
     145    0.62    2.5972264E+01     22        22       -1        1221        1221           5           6         4
     146    0.62    2.2725731E+01     28        28       -1        1224        1224           5           6         4
     147    0.62    2.7270877E+01     25        25       -1        1227        1227           5           6         5
     148    0.62    2.7270877E+01     25        25       -1        1225        1225           5           6         5
     149    0.62    2.7509679E+01     25        25       -1        1227        1227           5           6         5
     150    0.62    2.6874968E+01     25        25       -1        1225        1225           5           6         5
     151    0.62    2.7019520E+01     25        25       -1        1225        1225           3           6         5
     152    0.62    2.7687161E+01     25        25       -1        1227        1227           5           6         5
     153    0.62    2.7940916E+01     25        25       -1        1227        1227           4           6         5
     154    0.62    2.6754317E+01     31        31       -1        1227        1227           5           6         5
     155    0.62    2.3546360E+01     33        33       -1        1229        1229           5           6         5
     156    0.62    3.2424325E+01     19        19       -1        1219        1219           5           6         3
     157    0.62    2.9406720E+01     19        19       -1        1221        1221           5           6         3
     158    0.62    2.7238424E+01     19        19       -1        1221        1221           5           6         3
     159    0.62    2.6006012E+01     28        28       -1        1224        1224           5           6         4
     160    0.62    2.7270877E+01     25        25       -1        1227        1227           5           6         5
     161    0.62    2.7287279E+01     25        25       -1        1227        1227           5           6         5
     162    0.62    2.7371592E+01     25        25       -1        1227        1227           5           6         5
     163    0.62    2.7466452E+01     31        31       -1        1227        1227           5           6         5
     164    0.62    2.2926937E+01     31        31       -1        1227        1227           5           6         5
     165    0.62    2.6552891E+01     33        33       -1        1229        1229           5           6         5
     166    0.62    6.1750425E+01     19        19       -1        1219        1219           5           6         3
     167    0.62    5.0950196E+01     19        19       -1        1219        1219           5           6         3
     168    0.62    4.0842387E+01     19        19       -1        1219        1219           5           6         3
     169    0.62    3.2925073E+01     19        19       -1        1219        1219           5           6         3
     170    0.62    3.1121514E+01     19        19       -1        1221        1221           5           6         3
     171    0.62    2.8765949E+01     19        19       -1        1221        1221           5           6         3
     172    0.62    2.8479136E+01     19        19       -1        1221        1221           5           6         3
     173    0.62    2.6112307E+01     30        30       -1        1224        1224           5           6         4
     174    0.62    2.7270877E+01     26        26       -1        1227        1227           5           6         5
     175    0.62    2.7270877E+01     31        31       -1        1227        1227           5           6         5
     176    0.62    2.7270877E+01     31        31       -1        1227        1227           5           6         5
     177    0.62    2.7270877E+01     31        31       -1        1227        1227           5           6         5
     178    0.62    2.2726076E+01     31        31       -1        1227        1227           5           6         5
     179    0.62    2.6416973E+01     33        33       -1        1228        1228           5           6         5
     180    0.62    4.7682387E+01     19        19       -1        1219        1219           5           6         3
     181    0.62    3.9424791E+01     19        19       -1        1219        1219           4           6         3
     182    0.62    3.1351602E+01     19        19       -1        1219        1219           4           6         3
     183    0.62    2.7688831E+01     19        19       -1        1219        1219           5           6         3
     184    0.62    2.9249059E+01     19        19       -1        1221        1221           5           6         3
     185    0.62    2.9227971E+01     19        19       -1        1221        1221           5           6         3
     186    0.62    2.8598849E+01     19        19       -1        1221        1221           5           6         3
     187    0.62    2.8006771E+01     19        19       -1        1221        1221           5           6         3
     188    0.62    2.6079716E+01     30        30       -1        1224        1224           5           6         4
     189    0.62    2.7296079E+01     30        30       -1        1227        1227           5           6         4
     190    0.62    2.7270877E+01     26        26       -1        1227        1227           5           6         5
     191    0.62    2.7270877E+01     31        31       -1        1227        1227           5           6         5
     192    0.62    2.7270877E+01     31        31       -1        1227        1227           5           6         5
     193    0.62    2.7270877E+01     31        31       -1        1227        1227           5           6         5
     194    0.62    2.2760308E+01     31        31       -1        1227        1227           5           6         5
     195    0.62    2.6306548E+01     33        33       -1        1228        1228           5           6         5
     196    0.62    2.6559213E+01     33        33       -1        1228        1228           5           6         5
     197    0.62    2.8045688E+01     19        19       -1        1219        1219           5           6         3
     198    0.62    2.8808934E+01     19        19       -1        1221        1221           5           6         3
     199    0.62    2.8890811E+01     19        19       -1        1221        1221           5           6         3
     200    0.62    2.8799249E+01     19        19       -1        1221        1221           5           6         3
     201    0.62    2.8398441E+01     19        19       -1        1221        1221           5           6         3
     202    0.62    3.0142269E+01     18        18       -1        1219        1219           5           6         3
     203    0.62    2.9025055E+01     18        18       -1        1221        1221           5           6         3
     204    0.62    2.8384721E+01     18        18       -1        1221        1221           5           6         3
     205    0.62    2.9557808E+01     18        18       -1        1221        1221           5           6         3
     206    0.62    2.9330478E+01     18        18       -1        1221        1221           5           6         3
     207    0.62    2.6626232E+01     30        30       -1        1224        1224           5           6         4
     208    0.62    2.7599009E+01     30        30       -1        1224        1224           5           6         4
     209    0.62    2.7364011E+01     25        25       -1        1227        1227           5           6         5
     210    0.62    2.7270877E+01     31        31       -1        1227        1227           5           6         5
     211    0.62    2.7270877E+01     31        31       -1        1227        1227           5           6         5
     212    0.62    2.7397005E+01     25        25       -1        1236        1236           5           6         5
     213    0.62    2.7270877E+01     31        31       -1        1236        1236           5           6         5
     214    0.62    2.5972264E+01     31        31       -1        1227        1227           5           6         5
     215    0.62    2.5989934E+01     31        31       -1        1227        1227           5           6         5
     216    0.62    2.6217020E+01     34        34       -1        1231        1231           5           6         5
     217    0.62    3.2164330E+01     18        18       -1        1219        1219           5           6         3
     218    0.62    3.1054878E+01     18        18       -1        1221        1221           5           6         3
     219    0.62    3.1309081E+01     18        18       -1        1221        1221           5           6         3
     220    0.62    3.4850350E+01     18        18       -1        1222        1222           5           6         3
     221    0.62    3.5372568E+01     18        18       -1        1222        1222           5           6         3
     222    0.62    3.2936441E+01     18        18       -1        1222        1222           5           6         3
     223    0.62    3.1336206E+01     18        18       -1        1221        1221           5           6         3
     224    0.62    2.8532925E+01     21        21       -1        1221        1221           5           6         4
     225    0.62    2.7402013E+01     29        29       -1        1224        1224           5           6         4
     226    0.62    2.7988473E+01     29        29       -1        1224        1224           5           6         4
     227    0.62    2.6190141E+01     25        25       -1        1236        1236           5           6         5
     228    0.62    2.5972264E+01     32        32       -1        1236        1236           5           6         5
     229    0.62    2.5972264E+01     32        32       -1        1227        1227           5           6         5
     230    0.62    2.5993971E+01     32        32       -1        1227        1227           5           6         5
     231    0.62    2.6066258E+01     34        34       -1        1231        1231           5           6         5
     232    0.62    2.7356883E+01     34        34       -1        1230        1230           5           6         5
     233    0.62    3.8396799E+01     18        18       -1        1220        1220           5           6         3
     234    0.62    3.8871618E+01     18        18       -1        1222        1222           5           6         3
     235    0.62    3.5891406E+01     18        18       -1        1222        1222           5           6         3
     236    0.62    3.3664541E+01     18        18       -1        1222        1222           5           6         3
     237    0.62    2.9817938E+01     21        21       -1        1222        1222           5           6         4
     238    0.62    2.7803863E+01     29        29       -1        1224        1224           5           6         4
     239    0.62    2.8185001E+01     29        29       -1        1224        1224           5           6         4
     240    0.62    2.6271094E+01     27        27       -1        1236        1236           5           6         5
     241    0.62    4.2937382E+01     18        18       -1        1220        1220           5           6         3
     242    0.62    4.2253751E+01     18        18       -1        1222        1222           5           6         3
     243    0.62    4.0042161E+01     18        18       -1        1222        1222           5           6         3
     244    0.62    3.5551341E+01     18        18       -1        1222        1222           5           6         3
     245    0.62    3.0348449E+01     21        21       -1        1222        1222           5           6         4
     246    0.62    2.8114568E+01     29        29       -1        1222        1222           5           6         4
     247    0.62    2.6696657E+01     29        29       -1        1224        1224           5           6         4
     248    0.62    2.6083289E+01     27        27       -1        1236        1236           5           6         5
     249    0.62    2.5972264E+01     32        32       -1        1234        1234           5           6         5
     250    0.62    2.5972264E+01     32        32       -1        1234        1234           5           6         5
     251    0.62    2.5972264E+01     34        34       -1        1231        1231           5           6         5
     252    0.62    2.5972264E+01     34        34       -1        1231        1231           5           6         5
     253    0.62    4.7548712E+01     18        18       -1        1220        1220           5           6         3
     254    0.62    4.5198974E+01     18        18       -1        1222        1222           5           6         3
     255    0.62    3.9877158E+01     18        18       -1        1222        1222           5           6         3
     256    0.62    3.5477656E+01     18        18       -1        1222        1222           5           6         3
     257    0.62    3.4432952E+01     18        18       -1        1222        1222           5           6         3
     258    0.62    3.2391192E+01     21        21       -1        1222        1222           5           6         4
     259    0.62    2.8918104E+01     21        21       -1        1222        1222           5           6         4
     260    0.62    2.3189957E+01     24        24       -1        1239        1239           5           6         4
     261    0.62    4.5480732E+01     18        18       -1        1220        1220           4           6         3
     262    0.62    4.1509087E+01     18        18       -1        1220        1220           5           6         3
     263    0.62    3.7816934E+01     18        18       -1        1220        1220           5           6         3
     264    0.62    3.4751283E+01     18        18       -1        1222        1222           5           6         3
     265    0.62    3.1284138E+01     21        21       -1        1222        1222           5           6         4
     266    0.62    2.9357505E+01     21        21       -1        1222        1222           5           6         4
     267    0.62    2.7087179E+01     24        24       -1        1239        1239           5           6         4
     268    0.62    2.6062274E+01     27        27       -1        1237        1237           5           6         5
     269    0.62    2.6996088E+01     24        24       -1        1239        1239           5           6         4
     270    0.62    2.6548119E+01     24        24       -1        1239        1239           5           6         4
     271    0.62    2.7569928E+01     32        32       -1        1227        1227           5           6         5
     272    0.62    2.5972264E+01     32        32       -1        1234        1234           5           6         5
     273    0.62    4.2369906E+01     18        18       -1        1220        1220           5           6         3
     274    0.62    3.9420518E+01     18        18       -1        1220        1220           5           6         3
     275    0.62    3.4218965E+01     18        18       -1        1220        1220           5           6         3
     276    0.62    3.0569707E+01     21        21       -1        1222        1222           5           6         4
     277    0.62    2.8506089E+01     21        21       -1        1222        1222           5           6         4
     278    0.62    2.7207516E+01     24        24       -1        1239        1239           5           6         4
     279    0.62    2.7692499E+01     24        24       -1        1239        1239           5           6         4
     280    0.62    2.7419571E+01     32        32       -1        1227        1227           5           6         5
     281    0.62    2.6051539E+01     32        32       -1        1234        1234           5           6         5
     282    0.62    2.2725731E+01     34        34       -1        1232        1232           5           6         5
     283    0.62    2.5972264E+01     34        34       -1        1232        1232           5           6         5
     284    0.62    3.9711457E+01     18        18       -1        1220        1220           5           6         3
     285    0.62    3.7164703E+01     18        18       -1        1220        1220           5           6         3
     286    0.62    3.3808569E+01     18        18       -1        1220        1220           5           6         3
     287    0.62    3.2677718E+01     18        18       -1        1220        1220           5           6         3
     288    0.62    3.0144913E+01     18        18       -1        1222        1222           5           6         3
     289    0.62    3.0366052E+01     21        21       -1        1222        1222           5           6         4
     290    0.62    2.9153560E+01     21        21       -1        1222        1222           5           6         4
     291    0.62    2.6768477E+01     24        24       -1        1241        1241           5           6         4
     292    0.62    2.7502591E+01     24        24       -1        1241        1241           5           6         4
     293    0.62    2.6130895E+01     32        32       -1        1234        1234           5           6         5
     294    0.62    2.6195054E+01     32        32       -1        1234        1234           5           6         5
     295    0.62    2.6205057E+01     34        34       -1        1232        1232           5           6         5
     296    0.62    2.7458339E+01     34        34       -1        1232        1232           5           6         5
     297    0.62    2.7680518E+01     34        34       -1        1232        1232           5           6         5
     298    0.62    3.3509647E+01     20        20       -1        1220        1220           5           6         3
     299    0.62    3.1203554E+01     20        20       -1        1220        1220           5           6         3
     300    0.62    2.9411314E+01     20        20       -1        1220        1220           5           6         3
     301    0.62    2.9656998E+01     23        23       -1        1222        1222           5           6         4
     302    0.62    2.6792085E+01     24        24       -1        1241        1241           5           6         4
     303    0.62    2.7518695E+01     24        24       -1        1241        1241           5           6         4
     304    0.62    2.6208332E+01     32        32       -1        1234        1234           5           6         5
     305    0.62    2.6296027E+01     32        32       -1        1234        1234           5           6         5
     306    0.62    2.6254901E+01     34        34       -1        1232        1232           5           6         5
     307    0.62    2.7531224E+01     34        34       -1        1232        1232           5           6         5
     308    0.62    2.7779812E+01     34        34       -1        1232        1232           5           6         5
     309    0.62    3.0406057E+01     20        20       -1        1220        1220           5           6         3
     310    0.62    3.0903064E+01     20        20       -1        1220        1220           5           6         3
     311    0.62    2.8859210E+01     20        20       -1        1220        1220           5           6         3
     312    0.62    2.8576955E+01     20        20       -1        1222        1222           5           6         3
     313    0.62    2.9598936E+01     23        23       -1        1222        1222           5           6         4
     314    0.62    2.8016936E+01     23        23       -1        1222        1222           5           6         4
     315    0.62    2.8738276E+01     24        24       -1        1241        1241           5           6         4
     316    0.62    2.8284456E+01     24        24       -1        1241        1241           5           6         4
     317    0.62    2.6659410E+01     32        32       -1        1234        1234           5           6         5
     318    0.62    2.6459981E+01     34        34       -1        1232        1232           5           6         5
     319    0.62    2.6356051E+01     34        34       -1        1232        1232           5           6         5
     320    0.62    2.6301671E+01     34        34       -1        1232        1232           5           6         5
     321    0.62    2.7979540E+01     34        34       -1        1248        1248           4           6         5
     322    0.62    2.7512157E+01     17        17       -1        1243        1243           5           6         6
     323    0.62    2.8196385E+01     17        17       -1        1243        1243           5           6         6
     324    0.62    3.0146243E+01     20        20       -1        1220        1220           5           6         3
     325    0.62    2.9182161E+01     20        20       -1        1220        1220           5           6         3
     326    0.62    2.9083700E+01     20        20       -1        1222        1222           5           6         3
     327    0.62    2.8556870E+01     23        23       -1        1222        1222           5           6         4
     328    0.62    2.9685271E+01     24        24       -1        1241        1241           5           6         4
     329    0.62    2.4242010E+01     24        24       -1        1237        1237           5           6         4
     330    0.62    2.4083297E+01     37        37       -1        1247        1247           5           6         5
     331    0.62    2.3902923E+01     37        37       -1        1247        1247           5           6         7
     332    0.62    2.6845560E+01     37        37       -1        1248        1248           5           6         7
     333    0.62    2.6512968E+01     37        37       -1        1248        1248           5           6         7
     334    0.62    2.6371159E+01     35        35       -1        1248        1248           5           6         7
     335    0.62    2.7690521E+01     35        35       -1        1249        1249           4           6         7
     336    0.62    2.8086401E+01     17        17       -1        1243        1243           5           6         6
     337    0.62    3.0251031E+01     17        17       -1        1243        1243           5           6         6
     338    0.62    3.0394559E+01     20        20       -1        1220        1220           5           6         3
     339    0.62    3.0004415E+01     20        20       -1        1220        1220           5           6         3
     340    0.62    2.9410860E+01     24        24       -1        1241        1241           5           6         4
     341    0.62    2.5176309E+01     37        37       -1        1247        1247           5           6         5
     342    0.62    2.8176924E+01     37        37       -1        1247        1247           5           6         7
     343    0.62    2.7550453E+01     37        37       -1        1248        1248           5           6         7
     344    0.62    2.7339236E+01     37        37       -1        1248        1248           5           6         7
     345    0.62    2.8180138E+01     35        35       -1        1248        1248           5           6         7
     346    0.62    2.7717029E+01     35        35       -1        1249        1249           5           6         7
     347    0.62    2.6211028E+01     35        35       -1        1249        1249           5           6         7
     348    0.62    3.1732115E+01     17        17       -1        1243        1243           5           6         6
     349    0.62    2.7822064E+01     17        17       -1        1243        1243           5           6         6
     350    0.62    3.2289836E+01     17        17       -1        1245        1245           5           6         6
     351    0.62    3.0879092E+01     17        17       -1        1245        1245           5           6         6
     352    0.62    2.9888221E+01     17        17       -1        1245        1245           5           6         6
     353    0.62    2.9016786E+01     37        37       -1        1247        1247           5           6         7
     354    0.62    3.1715478E+01     17        17       -1        1243        1243           5           6         6
     355    0.62    3.3497522E+01     17        17       -1        1243        1243           5           6         6
     356    0.62    3.4223205E+01     17        17       -1        1243        1243           5           6         6
     357    0.62    3.6068231E+01     17        17       -1        1245        1245           5           6         6
     358    0.62    3.5709436E+01     17        17       -1        1245        1245           5           6         6
     359    0.62    3.2905271E+01     17        17       -1        1247        1247           5           6         6
     360    0.62    3.3479503E+01     36        36       -1        1247        1247           5           6         7
     361    0.62    3.1911947E+01     37        37       -1        1247        1247           5           6         7
     362    0.62    2.9135788E+01     37        37       -1        1247        1247           5           6         7
     363    0.62    2.8339370E+01     37        37       -1        1247        1247           5           6         7
     364    0.62    2.9904442E+01     37        37       -1        1248        1248           5           6         7
     365    0.62    2.9251203E+01     35        35       -1        1248        1248           5           6         7
     366    0.62    2.8727368E+01     35        35       -1        1249        1249           5           6         7
     367    0.62    2.7045895E+01     35        35       -1        1249        1249           5           6         7
     368    0.62    2.8472889E+01     35        35       -1        1249        1249           5           6         7
     369    0.62    3.0085455E+01     35        35       -1        1249        1249           5           6         7
     370    0.62    3.0287806E+01     35        35       -1        1249        1249           5           6         7
     371    0.62    2.9361018E+01     35        35       -1        1249        1249           5           6         7
     372    0.62    2.9468518E+01     35        35       -1        1251        1251           5           6         7
     373    0.62    2.9032469E+01     35        35       -1        1251        1251           5           6         7
     374    0.62    2.8878820E+01     35        35       -1        1249        1249           5           6         7
     375    0.62    3.4364103E+01     36        36       -1        1251        1251           5           6         7
     376    0.62    3.2494083E+01     36        36       -1        1247        1247           5           6         7
     377    0.62    3.0975203E+01     37        37       -1        1247        1247           5           6         7
     378    0.62    3.3180497E+01     36        36       -1        1251        1251           5           6         7
     379    0.62    3.1465764E+01     36        36       -1        1251        1251           5           6         7
     380    0.62    2.9853101E+01     36        36       -1        1251        1251           5           6         7
     381    0.62    3.0150913E+01     36        36       -1        1251        1251           5           6         7
     382    0.62    3.0101989E+01     36        36       -1        1251        1251           5           6         7
     383    0.62    2.9045899E+01     35        35       -1        1251        1251           5           6         7
     384    0.62    2.9759536E+01     36        36       -1        1251        1251           5           6         7
     385    0.62    2.7622184E+01     36        36       -1        1251        1251           5           6         7
     386    0.62    2.4448579E+01     36        36       -1        1251        1251           4           6         7
     387    0.62    2.5761269E+01     36        36       -1        1252        1252           5           6         7
     388    0.62    3.1778361E+01     36        36       -1        1251        1251           5           6         7
     389    0.62    3.1748410E+01     36        36       -1        1251        1251           5           6         7
     390    0.62    2.0779598E+01     36        36       -1        1252        1252           5           6         7
     391    0.62    2.6583292E+01     36        36       -1        1252        1252           5           6         7
     392    0.62    3.3541495E+01     36        36       -1        1251        1251           5           6         7
     393    0.62    3.3694696E+01     36        36       -1        1251        1251           5           6         7
     394    0.62    3.1213170E+01     38        38       -1        1252        1252           5           6         8
     395    0.62    2.9960846E+01     38        38       -1        1252        1252           5           6         8
     396    0.62    3.8236890E+01     38        38       -1        1252        1252           5           6         8
     397    0.62    3.0834869E+01     38        38       -1        1252        1252           5           6         8
     398    0.62    3.8949613E+01     38        38       -1        1252        1252           5           6         8
     399    0.62    4.5397806E+01     38        38       -1        1252        1252           5           6         8
     400    0.62    4.4190385E+01     39        39       -1        1254        1254           4           6         8
     401    0.62    4.8270977E+01     39        39       -1        1254        1254           4           6         8
     402    0.62    3.2855293E+01     17        17       -1        1243        1243           5           6         6
     403    0.62    3.5450006E+01     17        17       -1        1243        1243           5           6         6
     404    0.62    3.6586220E+01     17        17       -1        1243        1243           5           6         6
     405    0.62    3.6759714E+01     17        17       -1        1243        1243           5           6         6
     406    0.62    3.6364324E+01     17        17       -1        1243        1243           5           6         6
     407    0.62    3.6822246E+01     17        17       -1        1245        1245           5           6         6
     408    0.62    3.4177962E+01     36        36       -1        1245        1245           5           6         6
     409    0.62    3.9241398E+01     17        17       -1        1243        1243           5           6         6
     410    0.62    4.0306305E+01     17        17       -1        1243        1243           5           6         6
     411    0.62    4.0155688E+01     17        17       -1        1243        1243           5           6         6
     412    0.62    3.4529917E+01     17        17       -1        1243        1243           5           6         6
     413    0.62    3.3389201E+01     17        17       -1        1243        1243           5           6         6
     414    0.62    3.8472550E+01     49        49       -1        1265        1265           5           6         9
     415    0.62    3.5518071E+01     49        49       -1        1265        1265           5           6         9
     416    0.62    3.5253478E+01     38        38       -1        1252        1252           5           6         8
     417    0.62    3.5756565E+01     38        38       -1        1252        1252           5           6         8
     418    0.62    3.7485008E+01     38        38       -1        1252        1252           5           6         8
     419    0.62    4.1660489E+01     38        38       -1        1252        1252           5           6         8
     420    0.62    4.5675261E+01     39        39       -1        1254        1254           5           6         8
     421    0.62    5.1192344E+01     39        39       -1        1254        1254           5           6         8
     422    0.62    5.0220394E+01     39        39       -1        1254        1254           5           6         8
     423    0.62    4.4364564E+01     17        17       -1        1243        1243           5           6         6
     424    0.62    4.7425225E+01     50        50       -1        1250        1250           5           6         6
     425    0.62    4.6138185E+01     50        50       -1        1250        1250           5           6         6
     426    0.62    4.4320775E+01     50        50       -1        1250        1250           5           6         6
     427    0.62    4.2185195E+01     50        50       -1        1250        1250           5           6         6
     428    0.62    3.9705031E+01     51        51       -1        1250        1250           5           6         6
     429    0.62    3.7960980E+01     51        51       -1        1250        1250           5           6         6
     430    0.62    3.8665574E+01     49        49       -1        1265        1265           5           6         9
     431    0.62    3.8087354E+01     47        47       -1        1265        1265           5           6         9
     432    0.62    3.6905805E+01     38        38       -1        1252        1252           5           6         8
     433    0.62    3.8823527E+01     38        38       -1        1252        1252           5           6         8
     434    0.62    4.2651954E+01     39        39       -1        1254        1254           5           6         8
     435    0.62    4.6901047E+01     39        39       -1        1254        1254           5           6         8
     436    0.62    4.6430856E+01     39        39       -1        1254        1254           5           6         8
     437    0.62    5.8427264E+01     39        39       -1        1254        1254           5           6         8
     438    0.62    5.8432345E+01     39        39       -1        1254        1254           5           6         8
     439    0.62    5.2206009E+01     39        39       -1        1254        1254           5           6         8
     440    0.62    5.6341977E+01     50        50       -1        1250        1250           5           6         6
     441    0.62    5.2536372E+01     50        50       -1        1250        1250           5           6         6
     442    0.62    4.8364077E+01     50        50       -1        1250        1250           5           6         6
     443    0.62    4.3905059E+01     50        50       -1        1250        1250           5           6         6
     444    0.62    4.0768367E+01     49        49       -1        1265        1265           5           6         9
     445    0.62    3.9826121E+01     51        51       -1        1250        1250           5           6         6
     446    0.62    3.8648523E+01     51        51       -1        1265        1265           5           6         6
     447    0.62    3.9353694E+01     49        49       -1        1265        1265           5           6         9
     448    0.62    3.8471743E+01     49        49       -1        1265        1265           5           6         9
     449    0.62    3.8211674E+01     47        47       -1        1265        1265           5           6         9
     450    0.62    3.6861184E+01     38        38       -1        1252        1252           5           6         8
     451    0.62    3.8192533E+01     38        38       -1        1252        1252           5           6         8
     452    0.62    3.9286887E+01     38        38       -1        1252        1252           5           6         8
     453    0.62    4.1380303E+01     39        39       -1        1254        1254           5           6         8
     454    0.62    4.1739269E+01     39        39       -1        1254        1254           5           6         8
     455    0.62    4.3082141E+01     39        39       -1        1254        1254           5           6         8
     456    0.62    4.6901577E+01     39        39       -1        1254        1254           5           6         8
     457    0.62    5.3528910E+01     39        39       -1        1254        1254           5           6         8
     458    0.62    5.2137835E+01     40        40       -1        1254        1254           5           6         8
     459    0.62    4.6228739E+01     40        40       -1        1254        1254           5           6         8
     460    0.62    4.7975052E+01     40        40       -1        1254        1254           5           6         8
     461    0.62    4.4730598E+01     40        40       -1        1254        1254           5           6         8
     462    0.62    6.3064487E+01     50        50       -1        1250        1250           4           6         6
     463    0.62    5.7363056E+01     50        50       -1        1250        1250           5           6         6
     464    0.62    4.9945500E+01     50        50       -1        1250        1250           5           6         6
     465    0.62    4.4705967E+01     50        50       -1        1250        1250           5           6         6
     466    0.62    4.3227683E+01     48        48       -1        1265        1265           5           6         9
     467    0.62    3.9686312E+01     49        49       -1        1265        1265           5           6         9
     468    0.62    3.9036620E+01     49        49       -1        1265        1265           5           6         9
     469    0.62    3.7797723E+01     49        49       -1        1265        1265           5           6         9
     470    0.62    3.7229983E+01     47        47       -1        1265        1265           5           6         9
     471    0.62    3.5419093E+01     38        38       -1        1252        1252           5           6         8
     472    0.62    3.5309320E+01     39        39       -1        1254        1254           5           6         8
     473    0.62    3.6702351E+01     39        39       -1        1254        1254           5           6         8
     474    0.62    3.7216034E+01     39        39       -1        1254        1254           5           6         8
     475    0.62    3.6922569E+01     39        39       -1        1254        1254           5           6         8
     476    0.62    3.7970236E+01     42        42       -1        1254        1254           5           6         8
     477    0.62    4.1109051E+01     42        42       -1        1254        1254           5           6         8
     478    0.62    3.9940126E+01     40        40       -1        1254        1254           5           6         8
     479    0.62    4.1060379E+01     40        40       -1        1254        1254           5           6         8
     480    0.62    5.8736166E+01     50        50       -1        1218        1218           4           6         6
     481    0.62    5.5019379E+01      1         1       -1        1218        1218           5           6         6
     482    0.62    5.5662600E+01     50        50       -1        1250        1250           5           6         6
     483    0.62    4.8744084E+01     50        50       -1        1250        1250           5           6         6
     484    0.62    4.3210842E+01     48        48       -1        1265        1265           5           6         9
     485    0.62    3.7261200E+01     48        48       -1        1265        1265           5           6         9
     486    0.62    3.6845916E+01     49        49       -1        1265        1265           5           6         9
     487    0.62    3.4632048E+01     49        49       -1        1265        1265           5           6         9
     488    0.62    3.3471242E+01     47        47       -1        1265        1265           5           6         9
     489    0.62    3.4093161E+01     47        47       -1        1265        1265           5           6         9
     490    0.62    3.5568748E+01     38        38       -1        1265        1265           5           6         9
     491    0.62    3.1393932E+01     47        47       -1        1265        1265           5           6         9
     492    0.62    3.3692889E+01     47        47       -1        1265        1265           5           6         9
     493    0.62    3.0450869E+01     47        47       -1        1265        1265           5           6         9
     494    0.62    3.2549317E+01     39        39       -1        1254        1254           5           6         8
     495    0.62    4.5332092E+01      1         1       -1        1218        1218           5           6         6
     496    0.62    4.7847866E+01      1         1       -1        1218        1218           5           6         6
     497    0.62    4.6656107E+01      1         1       -1        1218        1218           5           6         6
     498    0.62    4.2339190E+01     50        50       -1        1250        1250           5           6         6
     499    0.62    4.1030651E+01     50        50       -1        1250        1250           5           6         6
     500    0.62    3.5141745E+01     50        50       -1        1250        1250           5           6         6
     501    0.62    3.7750859E+01     48        48       -1        1265        1265           5           6         9
     502    0.62    3.2367730E+01     48        48       -1        1265        1265           5           6         9
     503    0.62    3.1627229E+01     47        47       -1        1265        1265           5           6         9
     504    0.62    2.9127545E+01     47        47       -1        1265        1265           5           6         9
     505    0.62    2.8588455E+01     47        47       -1        1265        1265           5           6         9
     506    0.62    2.6968645E+01     46        46       -1        1265        1265           5           6         9
     507    0.62    2.8266484E+01     46        46       -1        1265        1265           5           6         9
     508    0.62    2.4081918E+01     46        46       -1        1265        1265           5           6         9
     509    0.62    2.4996057E+01     42        42       -1        1254        1254           5           6         8
     510    0.62    2.6961737E+01     46        46       -1        1265        1265           5           6         9
     511    0.62    3.2859830E+01     42        42       -1        1254        1254           5           6         8
     512    0.62    3.6042511E+01     42        42       -1        1254        1254           5           6         8
     513    0.62    1.8720684E+01     42        42       -1        1254        1254           5           6         8
     514    0.62    2.6766284E+01     42        42       -1        1254        1254           5           6         8
     515    0.62    2.7938147E+01     42        42       -1        1254        1254           5           6         8
     516    0.62    3.3192718E+01     42        42       -1        1254        1254           5           6         8
     517    0.62    3.5595920E+01     42        42       -1        1254        1254           5           6         8
     518    0.62    3.6334172E+01     40        40       -1        1223        1223           5           6         8
     519    0.62    3.8148728E+01     40        40       -1        1254        1254           4           6         8
     520    0.62    2.7133489E+01     46        46       -1        1265        1265           5           6         9
     521    0.62    2.4350532E+01     42        42       -1        1254        1254           5           6         8
     522    0.62    1.8271622E+01     42        42       -1        1254        1254           5           6         8
     523    0.62    1.9025470E+01     42        42       -1        1254        1254           5           6         8
     524    0.62    2.9756787E+01     42        42       -1        1254        1254           5           6         8
     525    0.62    2.8994476E+01     42        42       -1        1254        1254           5           6         8
     526    0.62    2.7712410E+01     42        42       -1        1254        1254           5           6         8
     527    0.62    3.0975465E+01     41        41       -1        1254        1254           5           6         8
     528    0.62    3.2496340E+01     40        40       -1        1223        1223           5           6         8
     529    0.62    3.5995710E+01     40        40       -1        1223        1223           3           6         8
     530    0.62    3.2927856E+01     41        41       -1        1223        1223           5           6         8
     531    0.62    3.4161008E+01     41        41       -1        1223        1223           3           6         8
     532    0.62    3.2777960E+01     41        41       -1        1223        1223           3           6         8
     533    0.62    3.9232330E+01      1         1       -1        1218        1218           5           6         6
     534    0.62    3.8128682E+01      1         1       -1        1218        1218           5           6         6
     535    0.62    3.7284383E+01      1         1       -1        1218        1218           5           6         6
     536    0.62    3.5995755E+01      1         1       -1        1218        1218           5           6         6
     537    0.62    3.2978249E+01     50        50       -1        1250        1250           5           6         6
     538    0.62    3.2490782E+01     50        50       -1        1250        1250           5           6         6
     539    0.62    3.1225191E+01     50        50       -1        1250        1250           5           6         6
     540    0.62    3.1427312E+01     47        47       -1        1265        1265           5           6         9
     541    0.62    3.0528054E+01     47        47       -1        1265        1265           5           6         9
     542    0.62    2.7533442E+01     46        46       -1        1265        1265           5           6         9
     543    0.62    2.6821942E+01     46        46       -1        1265        1265           5           6         9
     544    0.62    2.6627239E+01     46        46       -1        1265        1265           5           6         9
     545    0.62    2.6383860E+01     46        46       -1        1265        1265           5           6         9
     546    0.62    2.7143137E+01     42        42       -1        1255        1255           5           6         8
     547    0.62    2.8272257E+01     42        42       -1        1254        1254           5           6         8
     548    0.62    2.8538002E+01     42        42       -1        1254        1254           5           6         8
     549    0.62    2.8610085E+01     42        42       -1        1254        1254           5           6         8
     550    0.62    3.1046960E+01     42        42       -1        1223        1223           5           6         8
     551    0.62    3.1648100E+01      1         1       -1        1218        1218           5           6         6
     552    0.62    2.8826737E+01      1         1       -1        1218        1218           5           6         6
     553    0.62    3.0355672E+01      1         1       -1        1218        1218           5           6         6
     554    0.62    3.1376505E+01      1         1       -1        1218        1218           5           6         6
     555    0.62    3.1477288E+01     47        47       -1        1265        1265           5           6         9
     556    0.62    3.0876767E+01     47        47       -1        1265        1265           5           6         9
     557    0.62    3.1129717E+01     47        47       -1        1265        1265           5           6         9
     558    0.62    2.9384115E+01     45        45       -1        1265        1265           5           6         9
     559    0.62    2.6774486E+01     46        46       -1        1265        1265           5           6         9
     560    0.62    2.7687029E+01     46        46       -1        1265        1265           5           6         9
     561    0.62    2.6174224E+01     46        46       -1        1265        1265           5           6         9
     562    0.62    2.6131383E+01     46        46       -1        1265        1265           5           6         9
     563    0.62    2.6034111E+01     46        46       -1        1265        1265           5           6         9
     564    0.62    2.8135226E+01     42        42       -1        1255        1255           5           6         8
     565    0.62    2.8186466E+01     42        42       -1        1255        1255           5           6         8
     566    0.62    2.5485070E+01     42        42       -1        1255        1255           5           6         8
     567    0.62    3.2252009E+01     42        42       -1        1255        1255           5           6         8
     568    0.62    3.4220755E+01     43        43       -1        1223        1223           5           6         8
     569    0.62    2.8829475E+01      1         1       -1        1218        1218           5           6         6
     570    0.62    2.8898960E+01     52        52       -1        1265        1265           5           6         9
     571    0.62    2.4999508E+01     52        52       -1        1265        1265           5           6         9
     572    0.62    2.4231281E+01     52        52       -1        1265        1265           4           6         9
     573    0.62    2.7808991E+01     45        45       -1        1265        1265           5           6         9
     574    0.62    2.3355501E+01     45        45       -1        1265        1265           5           6         9
     575    0.62    2.6693283E+01     45        45       -1        1265        1265           5           6         9
     576    0.62    2.6104265E+01     45        45       -1        1265        1265           5           6         9
     577    0.62    2.6212020E+01     46        46       -1        1265        1265           5           6         9
     578    0.62    2.6383234E+01     45        45       -1        1253        1253           5           6         9
     579    0.62    2.6302732E+01     46        46       -1        1265        1265           5           6         9
     580    0.62    2.6230678E+01     46        46       -1        1265        1265           5           6         9
     581    0.62    2.3053950E+01     46        46       -1        1265        1265           5           6         9
     582    0.62    2.6898869E+01     54        54       -1        1255        1255           5           6         11
     583    0.62    2.8511096E+01     42        42       -1        1255        1255           5           6         8
     584    0.62    2.8429502E+01     42        42       -1        1255        1255           5           6         8
     585    0.62    2.9983046E+01     42        42       -1        1255        1255           5           6         8
     586    0.62    3.3765505E+01     42        42       -1        1255        1255           5           6         8
     587    0.62    3.5405385E+01     43        43       -1        1223        1223           5           6         8
     588    0.62    2.6896592E+01     45        45       -1        1253        1253           5           6         9
     589    0.62    2.6542445E+01     46        46       -1        1265        1265           5           6         9
     590    0.62    2.6231294E+01     46        46       -1        1265        1265           5           6         9
     591    0.62    2.3205134E+01     46        46       -1        1265        1265           5           6         9
     592    0.62    1.7647645E+01     54        54       -1        1256        1256           5           6         11
     593    0.62    1.8142870E+01     54        54       -1        1256        1256           5           6         11
     594    0.62    2.8336177E+01     42        42       -1        1255        1255           5           6         8
     595    0.62    2.9609938E+01     42        42       -1        1255        1255           5           6         8
     596    0.62    3.2759167E+01     42        42       -1        1255        1255           5           6         8
     597    0.62    3.3879314E+01     43        43       -1        1223        1223           5           6         8
     598    0.62    3.2954061E+01     43        43       -1        1223        1223           5           6         8
     599    0.62    2.5468544E+01     54        54       -1        1256        1256           5           6         11
     600    0.62    3.0181529E+01     55        55       -1        1256        1256           5           6         11
     601    0.45    3.1885546E+01     56        56       -1        1256        1256           5           2         11
     602    0.62    3.1813941E+01     57        57       -1        1256        1256           5           6         11
     603    0.62    3.0668002E+01     43        43       -1        1223        1223           4           6         8
     604    0.62    2.6175598E+01     44        44       -1        1253        1253           4           6         9
     605    0.62    2.6816133E+01     44        44       -1        1253        1253           5           6         9
     606    0.62    2.6064346E+01     46        46       -1        1253        1253           5           6         9
     607    0.62    2.6065769E+01     46        46       -1        1253        1253           5           6         9
     608    0.62    2.6173892E+01     46        46       -1        1253        1253           5           6         9
     609    0.62    2.3011562E+01     46        46       -1        1265        1265           5           6         9
     610    0.62    1.7487257E+01     54        54       -1        1256        1256           5           6         11
     611    0.62    1.7949130E+01     54        54       -1        1256        1256           5           6         11
     612    0.62    1.8980653E+01     54        54       -1        1256        1256           5           6         11
     613    0.62    1.9439199E+01     54        54       -1        1256        1256           5           6         11
     614    0.45    2.9912976E+01     56        56       -1        1256        1256           5           2         11
     615    0.62    3.0603856E+01     57        57       -1        1256        1256           5           6         11
     616    0.62    2.8611708E+01     57        57       -1        1256        1256           5           6         11
     617    0.62    2.9416309E+01     57        57       -1        1223        1223           5           6         11
     618    0.62    2.6251530E+01     53        53       -1        1260        1260           3           6         9
     619    0.62    2.6045734E+01     46        46       -1        1253        1253           5           6         9
     620    0.62    2.6006135E+01     46        46       -1        1253        1253           5           6         9
     621    0.62    2.6067703E+01     46        46       -1        1253        1253           5           6         9
     622    0.62    2.6230672E+01     53        53       -1        1260        1260           4           6         9
     623    0.62    2.6153986E+01     53        53       -1        1260        1260           5           6         9
     624    0.62    2.6205849E+01     70        70       -1        1260        1260           5           6         9
     625    0.62    2.6032745E+01     70        70       -1        1260        1260           5           6         10
     626    0.62    2.6399557E+01     54        54       -1        1256        1256           5           6         11
     627    0.45    2.5021541E+01     56        56       -1        1256        1256           4           2         11
     628    0.45    2.5996087E+01     56        56       -1        1256        1256           5           2         11
     629    0.45    2.9999872E+01     56        56       -1        1256        1256           5           2         11
     630    0.45    3.0045080E+01     56        56       -1        1256        1256           5           2         11
     631    0.62    2.8363129E+01     57        57       -1        1256        1256           5           6         11
     632    0.62    2.8321550E+01     57        57       -1        1256        1256           5           6         11
     633    0.62    3.1238690E+01     57        57       -1        1256        1256           5           6         11
     634    0.62    2.7150607E+01     71        71       -1        1260        1260           5           6         10
     635    0.62    2.6626018E+01     71        71       -1        1260        1260           5           6         10
     636    0.45    2.7308149E+01     56        56       -1        1256        1256           5           2         11
     637    0.45    2.5003716E+01     56        56       -1        1256        1256           5           2         11
     638    0.45    2.6041799E+01     56        56       -1        1256        1256           3           2         11
     639    0.45    3.2438778E+01     56        56       -1        1256        1256           4           2         11
     640    0.45    3.2717861E+01     56        56       -1        1256        1256           5           2         11
     641    0.62    3.1511543E+01     57        57       -1        1256        1256           5           6         11
     642    0.62    3.3306335E+01     57        57       -1        1256        1256           5           6         11
     643    0.62    3.8000005E+01     57        57       -1        1256        1256           5           6         11
     644    0.62    2.7334134E+01     71        71       -1        1260        1260           5           6         10
     645    0.62    2.7237529E+01     71        71       -1        1260        1260           5           6         10
     646    0.45    2.8650051E+01     59        59       -1        1257        1257           3           2         12
     647    0.45    2.8571550E+01     56        56       -1        1256        1256           4           2         11
     648    0.45    2.5998077E+01     56        56       -1        1256        1256           4           2         11
     649    0.45    2.6503885E+01     56        56       -1        1256        1256           3           2         11
     650    0.45    2.8853449E+01     56        56       -1        1256        1256           4           2         11
     651    0.45    3.2044994E+01     56        56       -1        1256        1256           5           2         11
     652    0.45    3.3351577E+01     56        56       -1        1256        1256           5           2         11
     653    0.45    3.5431850E+01     56        56       -1        1256        1256           5           2         11
     654    0.62    4.2879671E+01     57        57       -1        1256        1256           5           6         11
     655    0.62    4.7401706E+01     57        57       -1        1256        1256           5           6         11
     656    0.45    3.2036274E+01     56        56       -1        1256        1256           4           2         11
     657    0.62    4.3339516E+01     57        57       -1        1256        1256           4           6         11
     658    0.62    5.1799834E+01     57        57       -1        1256        1256           5           6         11
     659    0.62    5.5617152E+01     57        57       -1        1256        1256           5           6         11
     660    0.62    2.7439824E+01     71        71       -1        1260        1260           4           6         10
     661    0.62    2.7269348E+01     71        71       -1        1260        1260           5           6         10
     662    0.45    2.9213585E+01     59        59       -1        1257        1257           3           2         12
     663    0.45    2.6892695E+01     59        59       -1        1257        1257           3           2         12
     664    0.45    2.8055782E+01     59        59       -1        1257        1257           3           2         12
     665    0.45    3.1105326E+01     59        59       -1        1257        1257           3           2         12
     666    0.45    3.6153996E+01     61        61       -1        1257        1257           3           2         12
     667    0.45    5.1468433E+01     61        61       -1        1257        1257           3           2         12
     668    0.45    6.3533592E+01     61        61       -1        1257        1257           3           2         12
     669    0.45    6.2397046E+01     61        61       -1        1257        1257           3           2         12
     670    0.62    2.7114625E+01     71        71       -1        1260        1260           5           6         10
     671    0.62    2.6759152E+01     71        71       -1        1260        1260           5           6         10
     672    0.45    2.9275478E+01     59        59       -1        1257        1257           3           2         12
     673    0.45    3.1972875E+01     59        59       -1        1257        1257           3           2         12
     674    0.45    3.0039777E+01     59        59       -1        1257        1257           3           2         12
     675    0.45    3.9114793E+01     59        59       -1        1257        1257           3           2         12
     676    0.45    4.5640017E+01     61        61       -1        1257        1257           3           2         12
     677    0.45    5.5957636E+01     61        61       -1        1257        1257           3           2         12
     678    0.45    6.6682834E+01     60        60       -1        1257        1257           3           2         12
     679    0.45    6.5104340E+01     60        60       -1        1257        1257           3           2         12
     680    0.62    2.8096499E+01     71        71       -1        1260        1260           5           6         10
     681    0.62    2.7657755E+01     71        71       -1        1261        1261           5           6         10
     682    0.62    2.9821435E+01     71        71       -1        1260        1260           5           6         10
     683    0.62    2.4644318E+01     71        71       -1        1261        1261           5           6         10
     684    0.45    2.9501934E+01     59        59       -1        1257        1257           3           2         12
     685    0.45    3.2600661E+01     59        59       -1        1257        1257           3           2         12
     686    0.45    3.7082260E+01     59        59       -1        1257        1257           3           2         12
     687    0.45    4.2279491E+01     60        60       -1        1257        1257           3           2         12
     688    0.45    4.8123238E+01     60        60       -1        1257        1257           3           2         12
     689    0.45    5.5326540E+01     60        60       -1        1257        1257           3           2         12
     690    0.45    6.0739527E+01     60        60       -1        1257        1257           3           2         12
     691    0.45    6.0049583E+01     60        60       -1        1257        1257           3           2         12
     692    0.62    3.0645771E+01     71        71       -1        1260        1260           5           6         10
     693    0.62    3.0272962E+01     71        71       -1        1261        1261           5           6         10
     694    0.45    3.1494945E+01     58        58       -1        1257        1257           4           2         12
     695    0.45    3.1779146E+01     58        58       -1        1257        1257           3           2         12
     696    0.45    3.5618568E+01     58        58       -1        1257        1257           3           2         12
     697    0.45    2.9353514E+01     58        58       -1        1257        1257           3           2         12
     698    0.45    4.8773611E+01     60        60       -1        1257        1257           3           2         12
     699    0.45    5.1851888E+01     60        60       -1        1257        1257           3           2         12
     700    0.45    5.3510308E+01     60        60       -1        1257        1257           3           2         12
     701    0.45    5.0388428E+01     60        60       -1        1257        1257           3           2         12
     702    0.62    3.5714317E+01     69        69       -1        1261        1261           5           6         10
     703    0.62    3.7033954E+01     64        64       -1        1258        1258           5           6         13
     704    0.62    4.2210471E+01     64        64       -1        1258        1258           5           6         13
     705    0.62    2.9114191E+01     62        62       -1        1258        1258           5           6         13
     706    0.62    3.0005265E+01     62        62       -1        1258        1258           5           6         13
     707    0.62    4.1026009E+01     62        62       -1        1258        1258           5           6         13
     708    0.62    4.6488546E+01     63        63       -1        1258        1258           5           6         13
     709    0.62    4.8195592E+01     63        63       -1        1258        1258           5           6         13
     710    0.62    4.4771936E+01     63        63       -1        1258        1258           5           6         13
     711    0.62    3.1412895E+01     71        71       -1        1260        1260           5           6         10
     712    0.62    3.8121236E+01     69        69       -1        1261        1261           5           6         10
     713    0.62    4.3290758E+01     69        69       -1        1261        1261           5           6         10
     714    0.62    4.5333901E+01     64        64       -1        1258        1258           5           6         13
     715    0.62    4.6118924E+01     69        69       -1        1261        1261           5           6         10
     716    0.62    4.6957092E+01     64        64       -1        1258        1258           5           6         13
     717    0.62    4.1780366E+01     62        62       -1        1258        1258           5           6         13
     718    0.62    3.0045360E+01     62        62       -1        1258        1258           5           6         13
     719    0.62    4.4045629E+01     63        63       -1        1258        1258           5           6         13
     720    0.62    4.2916983E+01     63        63       -1        1258        1258           5           6         13
     721    0.62    3.8124539E+01     63        63       -1        1258        1258           5           6         13
     722    0.62    3.6258949E+01     63        63       -1        1258        1258           5           6         13
     723    0.62    3.4679318E+01     69        69       -1        1261        1261           5           6         10
     724    0.62    3.7954312E+01     69        69       -1        1261        1261           5           6         10
     725    0.62    4.5155209E+01     69        69       -1        1261        1261           5           6         10
     726    0.62    5.1635713E+01     69        69       -1        1261        1261           5           6         10
     727    0.62    5.4133701E+01     69        69       -1        1261        1261           5           6         10
     728    0.62    5.2985556E+01     64        64       -1        1258        1258           5           6         13
     729    0.62    6.1202800E+01     64        64       -1        1258        1258           5           6         13
     730    0.62    5.1206782E+01     64        64       -1        1258        1258           5           6         13
     731    0.62    4.0137457E+01     62        62       -1        1258        1258           5           6         13
     732    0.62    5.2870530E+01     64        64       -1        1258        1258           5           6         13
     733    0.62    4.4931466E+01     62        62       -1        1258        1258           5           6         13
     734    0.62    4.1603516E+01     62        62       -1        1258        1258           5           6         13
     735    0.62    3.7727512E+01     63        63       -1        1258        1258           5           6         13
     736    0.62    3.0505855E+01     63        63       -1        1258        1258           5           6         13
     737    0.62    3.2641984E+01     63        63       -1        1258        1258           5           6         13
     738    0.62    3.9079464E+01     62        62       -1        1258        1258           5           6         13
     739    0.62    3.2947923E+01     62        62       -1        1258        1258           5           6         13
     740    0.62    2.9612908E+01     63        63       -1        1258        1258           5           6         13
     741    0.62    3.2081417E+01     63        63       -1        1258        1258           5           6         13
     742    0.62    5.3176398E+01     64        64       -1        1258        1258           5           6         13
     743    0.62    4.4483923E+01     62        62       -1        1258        1258           5           6         13
     744    0.62    3.8388980E+01     62        62       -1        1258        1258           5           6         13
     745    0.62    3.1565116E+01     62        62       -1        1258        1258           5           6         13
     746    0.62    3.0038142E+01     62        62       -1        1258        1258           5           6         13
     747    0.62    3.2218591E+01     63        63       -1        1258        1258           5           6         13
     748    0.62    3.3664242E+01     69        69       -1        1260        1260           5           6         10
     749    0.62    3.5588375E+01     69        69       -1        1261        1261           5           6         10
     750    0.62    4.4433518E+01     69        69       -1        1261        1261           5           6         10
     751    0.62    5.4335535E+01     69        69       -1        1261        1261           5           6         10
     752    0.62    6.1794718E+01     69        69       -1        1261        1261           5           6         10
     753    0.62    6.0118618E+01     69        69       -1        1261        1261           5           6         10
     754    0.62    6.2289334E+01     64        64       -1        1258        1258           5           6         13
     755    0.62    4.8141660E+01     64        64       -1        1258        1258           5           6         13
     756    0.62    3.8599268E+01     64        64       -1        1258        1258           5           6         13
     757    0.62    3.5002688E+01     64        64       -1        1258        1258           5           6         13
     758    0.62    3.0538632E+01     64        64       -1        1258        1258           5           6         13
     759    0.62    2.9986929E+01     62        62       -1        1258        1258           5           6         13
     760    0.62    3.0167288E+01     63        63       -1        1258        1258           5           6         13
     761    0.62    3.2659397E+01     63        63       -1        1258        1258           5           6         13
     762    0.62    5.9028256E+01     64        64       -1        1258        1258           5           6         13
     763    0.62    4.8956898E+01     64        64       -1        1258        1258           5           6         13
     764    0.62    3.9663970E+01     64        64       -1        1258        1258           5           6         13
     765    0.62    3.5478294E+01     64        64       -1        1258        1258           5           6         13
     766    0.62    3.2304256E+01     64        64       -1        1258        1258           5           6         13
     767    0.62    3.1560414E+01     64        64       -1        1258        1258           5           6         13
     768    0.62    3.0352185E+01     64        64       -1        1259        1259           5           6         13
     769    0.62    2.9767047E+01     64        64       -1        1258        1258           5           6         13
     770    0.62    2.9498844E+01     64        64       -1        1258        1258           5           6         13
     771    0.62    2.9742302E+01     63        63       -1        1258        1258           5           6         13
     772    0.62    3.2253432E+01     63        63       -1        1258        1258           5           6         13
     773    0.62    3.5670707E+01     69        69       -1        1262        1262           5           6         10
     774    0.62    3.8409706E+01     69        69       -1        1261        1261           5           6         10
     775    0.62    4.6554724E+01     69        69       -1        1261        1261           5           6         10
     776    0.62    5.5445581E+01     69        69       -1        1261        1261           5           6         10
     777    0.62    4.6516390E+01     69        69       -1        1262        1262           5           6         10
     778    0.62    5.0700670E+01     69        69       -1        1261        1261           5           6         10
     779    0.62    5.6592649E+01     69        69       -1        1261        1261           5           6         10
     780    0.62    5.6857110E+01     69        69       -1        1261        1261           5           6         10
     781    0.62    4.4349891E+01     64        64       -1        1258        1258           5           6         13
     782    0.62    3.4199466E+01     64        64       -1        1258        1258           5           6         13
     783    0.62    2.8056420E+01     64        64       -1        1258        1258           5           6         13
     784    0.62    2.7380000E+01     64        64       -1        1258        1258           5           6         13
     785    0.62    2.6585532E+01     64        64       -1        1259        1259           5           6         13
     786    0.62    2.5981166E+01     64        64       -1        1259        1259           5           6         13
     787    0.62    2.9135936E+01     64        64       -1        1258        1258           5           6         13
     788    0.62    2.9180869E+01     64        64       -1        1258        1258           5           6         13
     789    0.62    3.0946978E+01     63        63       -1        1258        1258           5           6         13
     790    0.62    3.0390608E+01     63        63       -1        1258        1258           5           6         13
     791    0.62    5.7143528E+01     69        69       -1        1261        1261           5           6         10
     792    0.62    5.1539400E+01     69        69       -1        1261        1261           5           6         10
     793    0.62    5.8572563E+01     69        69       -1        1261        1261           5           6         10
     794    0.62    6.1564741E+01     69        69       -1        1261        1261           5           6         10
     795    0.62    6.5364533E+01     69        69       -1        1261        1261           5           6         10
     796    0.62    6.9882242E+01     69        69       -1        1262        1262           5           6         10
     797    0.62    7.7995965E+01     69        69       -1        1262        1262           5           6         10
     798    0.62    6.3051763E+01     69        69       -1        1261        1261           5           6         10
     799    0.62    5.2510218E+01     69        69       -1        1261        1261           5           6         10
     800    0.62    4.6042768E+01     69        69       -1        1261        1261           5           6         10
     801    0.62    4.0989487E+01     69        69       -1        1261        1261           5           6         10
     802    0.62    3.3624455E+01     64        64       -1        1258        1258           5           6         13
     803    0.62    4.1482258E+01     68        68       -1        1261        1261           5           6         10
     804    0.62    3.8172129E+01     68        68       -1        1261        1261           5           6         10
     805    0.62    3.2684290E+01     67        67       -1        1259        1259           5           6         13
     806    0.62    3.2477474E+01     67        67       -1        1259        1259           5           6         13
     807    0.62    3.0870486E+01     67        67       -1        1259        1259           5           6         13
     808    0.62    2.5923591E+01     67        67       -1        1259        1259           5           6         13
     809    0.62    2.8123825E+01     67        67       -1        1259        1259           5           6         13
     810    0.62    2.9395114E+01     65        65       -1        1259        1259           5           6         13
     811    0.62    2.4579762E+01     65        65       -1        1259        1259           5           6         13
     812    0.62    2.6671266E+01     67        67       -1        1259        1259           5           6         13
     813    0.62    2.8549218E+01     65        65       -1        1259        1259           5           6         13
     814    0.62    2.8515691E+01     65        65       -1        1259        1259           5           6         13
     815    0.62    2.9891827E+01     66        66       -1        1259        1259           5           6         13
     816    0.62    3.0206738E+01     66        66       -1        1259        1259           5           6         13
     817    0.62    3.0791449E+01     66        66       -1        1259        1259           5           6         13
     818    0.62    2.7688700E+01     65        65       -1        1259        1259           5           6         13
     819    0.62    2.7436866E+01     65        65       -1        1259        1259           5           6         13
     820    0.62    2.7390555E+01     66        66       -1        1259        1259           5           6         13
     821    0.62    2.7166550E+01     66        66       -1        1259        1259           5           6         13
     822    0.62    2.9342410E+01     66        66       -1        1259        1259           5           6         13
     823    0.62    2.6566719E+01     65        65       -1        1259        1259           5           6         13
     824    0.62    2.6729769E+01     65        65       -1        1259        1259           5           6         13
     825    0.62    2.6487488E+01     66        66       -1        1259        1259           5           6         13
     826    0.62    2.6362939E+01     66        66       -1        1259        1259           5           6         13
     827    0.62    2.8446050E+01     66        66       -1        1259        1259           5           6         13
     828    0.62    8.3398331E+01     68        68       -1        1262        1262           5           6         10
     829    0.62    8.2098061E+01     68        68       -1        1262        1262           5           6         10
     830    0.62    6.3440727E+01     68        68       -1        1261        1261           5           6         10
     831    0.62    3.8558499E+01     68        68       -1        1261        1261           5           6         10
     832    0.62    2.6705105E+01     67        67       -1        1259        1259           5           6         13
     833    0.62    2.6135679E+01     67        67       -1        1259        1259           5           6         13
     834    0.62    2.6302207E+01     67        67       -1        1259        1259           5           6         13
     835    0.62    2.6416912E+01     67        67       -1        1259        1259           5           6         13
     836    0.62    2.3437948E+01     65        65       -1        1259        1259           5           6         13
     837    0.62    2.3466971E+01     65        65       -1        1259        1259           5           6         13
     838    0.62    2.6855805E+01     66        66       -1        1259        1259           5           6         13
     839    0.62    2.7359056E+01     66        66       -1        1259        1259           5           6         13
     840    0.62    6.3936073E+01     68        68       -1        1226        1226           4           6         10
     841    0.62    7.0515082E+01     68        68       -1        1262        1262           5           6         10
     842    0.62    8.1043078E+01     68        68       -1        1262        1262           5           6         10
     843    0.62    7.3531721E+01     68        68       -1        1262        1262           5           6         10
     844    0.62    5.6892986E+01     68        68       -1        1262        1262           5           6         10
     845    0.62    3.4919784E+01     68        68       -1        1261        1261           5           6         10
     846    0.62    5.1515236E+01     68        68       -1        1262        1262           5           6         10
     847    0.62    4.0271373E+01     68        68       -1        1262        1262           5           6         10
     848    0.62    3.4600237E+01     68        68       -1        1262        1262           5           6         10
     849    0.62    2.7974465E+01     67        67       -1        1259        1259           5           6         13
     850    0.62    2.9194119E+01     67        67       -1        1259        1259           5           6         13
     851    0.62    2.7199063E+01     67        67       -1        1259        1259           5           6         13
     852    0.62    2.6685325E+01     67        67       -1        1259        1259           5           6         13
     853    0.62    2.6783020E+01     67        67       -1        1259        1259           5           6         13
     854    0.62    2.3511107E+01     65        65       -1        1259        1259           5           6         13
     855    0.62    2.3460970E+01     65        65       -1        1259        1259           5           6         13
     856    0.62    2.7150959E+01     66        66       -1        1259        1259           5           6         13
     857    0.62    2.7638220E+01     66        66       -1        1259        1259           5           6         13
     858    0.62    5.9780398E+01     68        68       -1        1262        1262           5           6         10
     859    0.62    6.3455967E+01     68        68       -1        1262        1262           5           6         10
     860    0.62    5.5665490E+01     68        68       -1        1262        1262           5           6         10
     861    0.62    4.9054384E+01     91        91       -1        1263        1263           5           6         14
     862    0.62    5.1209515E+01     91        91       -1        1263        1263           5           6         14
     863    0.62    4.7152614E+01     91        91       -1        1263        1263           5           6         14
     864    0.62    4.0186636E+01     91        91       -1        1263        1263           5           6         14
     865    0.62    3.8628003E+01     91        91       -1        1263        1263           5           6         14
     866    0.62    4.3212157E+01     91        91       -1        1263        1263           5           6         14
     867    0.62    3.4908403E+01     91        91       -1        1263        1263           5           6         14
     868    0.62    3.5538068E+01     91        91       -1        1263        1263           5           6         14
     869    0.62    3.1892136E+01     68        68       -1        1262        1262           5           6         10
     870    0.62    2.4694315E+01     67        67       -1        1259        1259           5           6         13
     871    0.62    2.4902058E+01     67        67       -1        1259        1259           5           6         13
     872    0.62    2.6979528E+01     67        67       -1        1259        1259           5           6         13
     873    0.62    2.3834304E+01     67        67       -1        1259        1259           5           6         13
     874    0.62    2.3645285E+01     67        67       -1        1259        1259           5           6         13
     875    0.62    2.3624394E+01     67        67       -1        1259        1259           5           6         13
     876    0.62    2.3775770E+01     65        65       -1        1259        1259           5           6         13
     877    0.62    2.7122978E+01     65        65       -1        1259        1259           5           6         13
     878    0.62    2.7353966E+01     66        66       -1        1259        1259           5           6         13
     879    0.62    2.7471339E+01     66        66       -1        1259        1259           5           6         13
     880    0.62    2.6526182E+01     66        66       -1        1259        1259           5           6         13
     881    0.62    3.4086283E+01     91        91       -1        1263        1263           5           6         14
     882    0.62    3.5568779E+01     91        91       -1        1263        1263           5           6         14
     883    0.62    3.3532385E+01     91        91       -1        1263        1263           5           6         14
     884    0.62    3.1395917E+01     91        91       -1        1263        1263           5           6         14
     885    0.62    2.9653816E+01     74        74       -1        1233        1233           5           6         15
     886    0.62    2.7757409E+01     74        74       -1        1233        1233           5           6         15
     887    0.62    2.6963464E+01     74        74       -1        1233        1233           5           6         15
     888    0.62    2.6932194E+01     74        74       -1        1233        1233           5           6         15
     889    0.62    2.3364646E+01     72        72       -1        1235        1235           5           6         16
     890    0.62    1.7478252E+01     72        72       -1        1235        1235           5           6         16
     891    0.62    2.3478020E+01     72        72       -1        1235        1235           5           6         16
     892    0.62    2.8665919E+01     72        72       -1        1235        1235           5           6         16
     893    0.62    2.7154744E+01     72        72       -1        1235        1235           5           6         16
     894    0.62    2.6724274E+01     72        72       -1        1235        1235           5           6         16
     895    0.62    2.3440630E+01     73        73       -1        1235        1235           5           6         16
     896    0.62    2.8704047E+01     91        91       -1        1263        1263           5           6         14
     897    0.62    2.8586047E+01     91        91       -1        1263        1263           5           6         14
     898    0.62    3.0439513E+01     91        91       -1        1263        1263           5           6         14
     899    0.62    3.0030472E+01     91        91       -1        1263        1263           5           6         14
     900    0.62    2.9049080E+01     74        74       -1        1264        1264           5           6         15
     901    0.62    2.8363332E+01     74        74       -1        1264        1264           5           6         15
     902    0.62    2.4906177E+01     91        91       -1        1263        1263           5           6         14
     903    0.62    2.6174876E+01     91        91       -1        1263        1263           5           6         14
     904    0.62    2.8259889E+01     91        91       -1        1263        1263           5           6         14
     905    0.62    2.8341146E+01     91        91       -1        1263        1263           5           6         14
     906    0.62    2.7715149E+01     78        78       -1        1264        1264           5           6         15
     907    0.62    2.6073872E+01     78        78       -1        1264        1264           5           6         15
     908    0.62    2.6336687E+01     74        74       -1        1233        1233           5           6         15
     909    0.62    2.6594522E+01     74        74       -1        1233        1233           5           6         15
     910    0.62    2.3465293E+01     72        72       -1        1235        1235           5           6         16
     911    0.62    1.7593755E+01     72        72       -1        1235        1235           5           6         16
     912    0.62    2.7281346E+01     72        72       -1        1235        1235           5           6         16
     913    0.62    2.7129790E+01     72        72       -1        1235        1235           5           6         16
     914    0.62    2.7034513E+01     72        72       -1        1235        1235           5           6         16
     915    0.62    2.3384351E+01     72        72       -1        1235        1235           5           6         16
     916    0.62    2.6794041E+01     73        73       -1        1235        1235           5           6         16
     917    0.62    2.7449248E+01     91        91       -1        1263        1263           5           6         14
     918    0.62    2.2880523E+01     91        91       -1        1263        1263           5           6         14
     919    0.62    2.7430331E+01     91        91       -1        1263        1263           5           6         14
     920    0.62    2.7510076E+01     91        91       -1        1263        1263           5           6         14
     921    0.62    2.7349706E+01     78        78       -1        1264        1264           5           6         15
     922    0.62    2.6057186E+01     78        78       -1        1264        1264           5           6         15
     923    0.62    2.6313534E+01     74        74       -1        1233        1233           5           6         15
     924    0.62    2.6619159E+01     74        74       -1        1233        1233           5           6         15
     925    0.62    2.3496684E+01     72        72       -1        1235        1235           5           6         16
     926    0.62    2.3653715E+01     72        72       -1        1235        1235           5           6         16
     927    0.62    2.3505601E+01     72        72       -1        1235        1235           5           6         16
     928    0.62    2.3688284E+01     72        72       -1        1235        1235           5           6         16
     929    0.62    2.3270116E+01     72        72       -1        1235        1235           5           6         16
     930    0.62    1.7311624E+01     72        72       -1        1235        1235           5           6         16
     931    0.62    2.3349542E+01     72        72       -1        1235        1235           5           6         16
     932    0.62    2.6749632E+01     73        73       -1        1235        1235           5           6         16
     933    0.62    2.8149350E+01     73        73       -1        1235        1235           5           6         16
     934    0.62    2.7219294E+01     91        91       -1        1263        1263           5           6         14
     935    0.62    2.2908853E+01     91        91       -1        1263        1263           5           6         14
     936    0.62    2.5972264E+01     91        91       -1        1263        1263           5           6         14
     937    0.62    2.7270877E+01     91        91       -1        1263        1263           5           6         14
     938    0.62    2.7312066E+01     78        78       -1        1264        1264           5           6         15
     939    0.62    2.6108078E+01     78        78       -1        1264        1264           5           6         15
     940    0.62    2.6371844E+01     74        74       -1        1233        1233           5           6         15
     941    0.62    2.6590495E+01     74        74       -1        1233        1233           5           6         15
     942    0.62    2.6609696E+01     74        74       -1        1233        1233           5           6         15
     943    0.62    2.7087091E+01     91        91       -1        1263        1263           5           6         14
     944    0.62    2.6128775E+01     91        91       -1        1263        1263           5           6         14
     945    0.62    2.5972264E+01     91        91       -1        1263        1263           5           6         14
     946    0.62    2.7270877E+01     91        91       -1        1263        1263           5           6         14
     947    0.62    2.7279371E+01     78        78       -1        1233        1233           5           6         15
     948    0.62    2.6103529E+01     78        78       -1        1264        1264           5           6         15
     949    0.62    2.6312115E+01     74        74       -1        1233        1233           5           6         15
     950    0.62    2.6803782E+01     91        91       -1        1263        1263           5           6         14
     951    0.62    2.5972264E+01     91        91       -1        1263        1263           5           6         14
     952    0.62    2.5972264E+01     91        91       -1        1263        1263           5           6         14
     953    0.62    2.7346384E+01     91        91       -1        1263        1263           5           6         14
     954    0.62    2.7414180E+01     91        91       -1        1233        1233           5           6         14
     955    0.62    2.6183176E+01     78        78       -1        1233        1233           5           6         15
     956    0.62    2.3088735E+01     74        74       -1        1233        1233           5           6         15
     957    0.62    2.6758416E+01     74        74       -1        1233        1233           5           6         15
     958    0.62    2.6698350E+01     91        91       -1        1263        1263           5           6         14
     959    0.62    2.6178717E+01     91        91       -1        1263        1263           5           6         14
     960    0.62    2.7650308E+01     91        91       -1        1263        1263           5           6         14
     961    0.62    2.7715674E+01     91        91       -1        1263        1263           5           6         14
     962    0.62    2.7566370E+01     78        78       -1        1233        1233           5           6         15
     963    0.62    2.6200788E+01     78        78       -1        1233        1233           5           6         15
     964    0.62    2.6383835E+01     74        74       -1        1233        1233           5           6         15
     965    0.62    2.3459582E+01     74        74       -1        1233        1233           5           6         15
     966    0.62    2.3213864E+01     72        72       -1        1235        1235           5           6         16
     967    0.62    2.3301002E+01     72        72       -1        1235        1235           5           6         16
     968    0.62    2.3331152E+01     72        72       -1        1235        1235           5           6         16
     969    0.62    2.3396723E+01     72        72       -1        1235        1235           5           6         16
     970    0.62    2.3362810E+01     72        72       -1        1235        1235           5           6         16
     971    0.62    2.3367028E+01     72        72       -1        1235        1235           5           6         16
     972    0.62    2.8083267E+01     72        72       -1        1235        1235           5           6         16
     973    0.62    2.6964478E+01     91        91       -1        1263        1263           5           6         14
     974    0.62    2.6874762E+01     91        91       -1        1263        1263           5           6         14
     975    0.62    2.8417682E+01     91        91       -1        1263        1263           5           6         14
     976    0.62    2.7078914E+01     91        91       -1        1263        1263           5           6         14
     977    0.62    2.6473880E+01     78        78       -1        1233        1233           5           6         15
     978    0.62    2.6144553E+01     78        78       -1        1233        1233           5           6         15
     979    0.62    2.3262214E+01     74        74       -1        1233        1233           5           6         15
     980    0.62    1.7530369E+01     74        74       -1        1233        1233           5           6         15
     981    0.62    2.3265542E+01     75        75       -1        1238        1238           5           6         17
     982    0.62    1.7368460E+01     75        75       -1        1238        1238           5           6         17
     983    0.62    1.7565910E+01     75        75       -1        1238        1238           5           6         17
     984    0.62    1.7506797E+01     75        75       -1        1238        1238           5           6         17
     985    0.62    2.3454403E+01     75        75       -1        1238        1238           5           6         17
     986    0.62    1.7402840E+01     75        75       -1        1238        1238           5           6         17
     987    0.62    2.3346806E+01     75        75       -1        1238        1238           5           6         17
     988    0.62    2.3264184E+01     75        75       -1        1238        1238           5           6         17
     989    0.62    2.6628681E+01     72        72       -1        1235        1235           5           6         16
     990    0.62    2.6676208E+01     72        72       -1        1235        1235           5           6         16
     991    0.62    2.7348020E+01     91        91       -1        1263        1263           5           6         14
     992    0.62    2.7717548E+01     91        91       -1        1263        1263           5           6         14
     993    0.62    2.8154499E+01     91        91       -1        1263        1263           5           6         14
     994    0.62    2.7951415E+01     91        91       -1        1263        1263           5           6         14
     995    0.62    2.7027643E+01     78        78       -1        1233        1233           5           6         15
     996    0.62    2.6110235E+01     78        78       -1        1233        1233           5           6         15
     997    0.62    2.3359578E+01     78        78       -1        1233        1233           5           6         15
     998    0.62    1.7743312E+01     74        74       -1        1233        1233           5           6         15
     999    0.62    1.7529344E+01     75        75       -1        1238        1238           5           6         17
    1000    0.62    1.7797908E+01     75        75       -1        1238        1238           5           6         17
    1001    0.62    1.7769562E+01     75        75       -1        1238        1238           5           6         17
    1002    0.62    1.7587744E+01     75        75       -1        1238        1238           5           6         17
    1003    0.62    2.8200884E+01     93        93       -1        1263        1263           5           6         14
    1004    0.62    2.2970104E+01     93        93       -1        1263        1263           5           6         14
    1005    0.62    2.2813128E+01     93        93       -1        1263        1263           5           6         14
    1006    0.62    2.6652766E+01     93        93       -1        1263        1263           5           6         14
    1007    0.62    2.4056977E+01     91        91       -1        1263        1263           5           6         14
    1008    0.62    2.8429206E+01     91        91       -1        1263        1263           5           6         14
    1009    0.62    2.9418509E+01     91        91       -1        1263        1263           5           6         14
    1010    0.62    2.9709780E+01     91        91       -1        1263        1263           5           6         14
    1011    0.62    3.0253435E+01     79        79       -1        1233        1233           5           6         15
    1012    0.62    2.8363704E+01     78        78       -1        1233        1233           5           6         15
    1013    0.62    2.5389776E+01     78        78       -1        1233        1233           5           6         15
    1014    0.62    2.7803063E+01     78        78       -1        1233        1233           5           6         15
    1015    0.62    2.4584070E+01     78        78       -1        1233        1233           5           6         15
    1016    0.62    2.4550879E+01     74        74       -1        1233        1233           5           6         15
    1017    0.62    1.8009891E+01     75        75       -1        1238        1238           5           6         17
    1018    0.62    1.7739848E+01     75        75       -1        1238        1238           5           6         17
    1019    0.62    1.7552151E+01     75        75       -1        1238        1238           5           6         17
    1020    0.62    1.7338371E+01     75        75       -1        1238        1238           5           6         17
    1021    0.62    2.6480942E+01     75        75       -1        1238        1238           5           6         17
    1022    0.62    2.3072495E+01     81        81       -1        1238        1238           5           6         17
    1023    0.62    2.6572271E+01     84        84       -1        1238        1238           4           6         17
    1024    0.62    2.3776039E+01     91        91       -1        1263        1263           5           6         14
    1025    0.62    2.5707875E+01     91        91       -1        1263        1263           5           6         14
    1026    0.62    3.1171364E+01     91        91       -1        1263        1263           5           6         14
    1027    0.62    3.3826648E+01     92        92       -1        1263        1263           5           6         14
    1028    0.62    3.3145709E+01     79        79       -1        1233        1233           5           6         15
    1029    0.62    3.2588909E+01     79        79       -1        1233        1233           5           6         15
    1030    0.62    2.6757667E+01     79        79       -1        1233        1233           5           6         15
    1031    0.62    2.5478308E+01     78        78       -1        1233        1233           5           6         15
    1032    0.62    2.5044255E+01     74        74       -1        1233        1233           5           6         15
    1033    0.62    2.4651454E+01     76        76       -1        1238        1238           5           6         17
    1034    0.62    2.4265823E+01     77        77       -1        1238        1238           5           6         17
    1035    0.62    2.4124133E+01     91        91       -1        1263        1263           5           6         14
    1036    0.62    2.9906719E+01     91        91       -1        1263        1263           5           6         14
    1037    0.62    3.2468870E+01     91        91       -1        1263        1263           5           6         14
    1038    0.62    3.6625513E+01     92        92       -1        1263        1263           5           6         14
    1039    0.62    3.7070844E+01     92        92       -1        1263        1263           5           6         14
    1040    0.62    3.5506551E+01     80        80       -1        1233        1233           5           6         15
    1041    0.62    2.7820997E+01     80        80       -1        1233        1233           5           6         15
    1042    0.62    2.6556858E+01     80        80       -1        1233        1233           5           6         15
    1043    0.62    2.5627679E+01     80        80       -1        1233        1233           5           6         15
    1044    0.62    2.5038542E+01     80        80       -1        1233        1233           5           6         15
    1045    0.62    2.7758342E+01     83        83       -1        1238        1238           5           6         17
    1046    0.62    1.7535198E+01     83        83       -1        1238        1238           5           6         17
    1047    0.62    2.3177245E+01     81        81       -1        1238        1238           5           6         17
    1048    0.62    2.6176542E+01     81        81       -1        1238        1238           5           6         17
    1049    0.62    2.6317727E+01     84        84       -1        1238        1238           5           6         17
    1050    0.62    2.5315348E+01     91        91       -1        1263        1263           4           6         14
    1051    0.62    2.6971710E+01     91        91       -1        1263        1263           5           6         14
    1052    0.62    3.3558240E+01     92        92       -1        1263        1263           5           6         14
    1053    0.62    3.7873300E+01     92        92       -1        1263        1263           5           6         14
    1054    0.62    4.0015187E+01     80        80       -1        1233        1233           5           6         14
    1055    0.62    3.8161778E+01     80        80       -1        1233        1233           5           6         15
    1056    0.62    2.8941443E+01     80        80       -1        1233        1233           5           6         15
    1057    0.62    2.7121970E+01     80        80       -1        1233        1233           5           6         15
    1058    0.62    2.9641070E+01     80        80       -1        1233        1233           5           6         15
    1059    0.62    2.8408667E+01     82        82       -1        1238        1238           5           6         17
    1060    0.62    3.0580196E+01     88        88       -1        1240        1240           5           6         18
    1061    0.62    2.7614791E+01     83        83       -1        1238        1238           5           6         17
    1062    0.62    2.3562854E+01     83        83       -1        1238        1238           5           6         17
    1063    0.62    2.3199033E+01     83        83       -1        1238        1238           5           6         17
    1064    0.62    2.6176933E+01     84        84       -1        1238        1238           5           6         17
    1065    0.62    2.6241928E+01     84        84       -1        1238        1238           4           6         17
    1066    0.62    2.6369084E+01     92        92       -1        1263        1263           5           6         14
    1067    0.62    3.1644568E+01     92        92       -1        1263        1263           5           6         14
    1068    0.62    3.5302161E+01     92        92       -1        1263        1263           5           6         14
    1069    0.62    3.6480204E+01     86        86       -1        1233        1233           5           6         15
    1070    0.62    3.7586949E+01     80        80       -1        1233        1233           5           6         15
    1071    0.62    3.3440026E+01     80        80       -1        1233        1233           5           6         15
    1072    0.62    3.1291332E+01     88        88       -1        1240        1240           5           6         18
    1073    0.62    3.0100172E+01     88        88       -1        1240        1240           5           6         18
    1074    0.62    2.9708019E+01     88        88       -1        1240        1240           5           6         18
    1075    0.62    2.9475870E+01     88        88       -1        1240        1240           5           6         18
    1076    0.62    2.8088929E+01     89        89       -1        1240        1240           5           6         18
    1077    0.62    2.7024496E+01     83        83       -1        1238        1238           5           6         17
    1078    0.62    2.7238136E+01     83        83       -1        1238        1238           5           6         17
    1079    0.62    2.3296811E+01     83        83       -1        1238        1238           5           6         17
    1080    0.62    2.6429106E+01     85        85       -1        1238        1238           5           6         17
    1081    0.62    3.4519940E+01     80        80       -1        1233        1233           5           6         15
    1082    0.62    3.4797720E+01     80        80       -1        1233        1233           5           6         15
    1083    0.62    3.3172555E+01     86        86       -1        1233        1233           5           6         15
    1084    0.62    3.1971334E+01     86        86       -1        1233        1233           5           6         15
    1085    0.62    2.9430822E+01     89        89       -1        1240        1240           5           6         18
    1086    0.62    2.4964079E+01     89        89       -1        1240        1240           5           6         18
    1087    0.62    2.4120151E+01     89        89       -1        1240        1240           5           6         18
    1088    0.62    2.3720160E+01     89        89       -1        1240        1240           5           6         18
    1089    0.62    2.6997092E+01     83        83       -1        1238        1238           5           6         17
    1090    0.62    2.6803462E+01     83        83       -1        1238        1238           5           6         17
    1091    0.62    2.6758872E+01     85        85       -1        1238        1238           4           6         17
    1092    0.62    2.6567499E+01     89        89       -1        1240        1240           5           6         18
    1093    0.62    2.6805404E+01     89        89       -1        1240        1240           4           6         18
    1094    0.62    2.4480324E+01     89        89       -1        1240        1240           5           6         18
    1095    0.62    2.3986770E+01     89        89       -1        1240        1240           5           6         18
    1096    0.62    2.6495014E+01     89        89       -1        1240        1240           5           6         18
    1097    0.62    2.6559790E+01     89        89       -1        1240        1240           5           6         18
    1098    0.62    1.7249408E+01     89        89       -1        1240        1240           5           6         18
    1099    0.62    2.3329152E+01     89        89       -1        1240        1240           5           6         18
    1100    0.62    2.5260747E+01     89        89       -1        1240        1240           5           6         18
    1101    0.62    2.4991685E+01     89        89       -1        1240        1240           5           6         18
    1102    0.62    2.4682145E+01     89        89       -1        1240        1240           5           6         18
    1103    0.62    2.4111984E+01     89        89       -1        1240        1240           5           6         18
    1104    0.62    2.7818918E+01     89        89       -1        1240        1240           4           6         18
    1105    0.62    2.7307316E+01     89        89       -1        1240        1240           5           6         18
    1106    0.62    3.0424897E+01     86        86       -1        1233        1233           5           6         15
    1107    0.62    3.3195312E+01     86        86       -1        1233        1233           5           6         15
    1108    0.62    3.2242853E+01     86        86       -1        1233        1233           5           6         15
    1109    0.62    3.1464909E+01     86        86       -1        1233        1233           5           6         15
    1110    0.62    3.1381508E+01     86        86       -1        1233        1233           5           6         15
    1111    0.62    3.0156342E+01     86        86       -1        1233        1233           5           6         15
    1112    0.62    3.0713766E+01     86        86       -1        1233        1233           5           6         15
    1113    0.62    3.1440863E+01     86        86       -1        1233        1233           5           6         15
    1114    0.62    2.9733093E+01     89        89       -1        1240        1240           5           6         18
    1115    0.62    2.9639428E+01     89        89       -1        1240        1240           5           6         18
    1116    0.62    2.5522941E+01     89        89       -1        1240        1240           5           6         18
    1117    0.62    2.6001453E+01     89        89       -1        1240        1240           5           6         18
    1118    0.62    3.0185417E+01     89        89       -1        1240        1240           5           6         18
    1119    0.62    3.0334046E+01     89        89       -1        1240        1240           5           6         18
    1120    0.62    3.0980617E+01     89        89       -1        1240        1240           3           6         18
    1121    0.62    2.9375172E+01     89        89       -1        1240        1240           5           6         18
    1122    0.62    2.9983060E+01     89        89       -1        1240        1240           5           6         18
    1123    0.62    3.0317548E+01     89        89       -1        1240        1240           5           6         18
    1124    0.62    2.6227591E+01     89        89       -1        1240        1240           5           6         18
    1125    0.62    3.0594443E+01     89        89       -1        1240        1240           5           6         18
    1126    0.62    3.3041147E+01     89        89       -1        1240        1240           5           6         18
    1127    0.62    3.3573242E+01     89        89       -1        1240        1240           5           6         18
    1128    0.62    3.2914042E+01     89        89       -1        1240        1240           4           6         18
    1129    0.62    3.3616615E+01     89        89       -1        1240        1240           5           6         18
    1130    0.62    2.7701207E+01     90        90       -1        1240        1240           5           6         18
    1131    0.62    3.1040387E+01     90        90       -1        1240        1240           5           6         18
    1132    0.62    3.0459459E+01     90        90       -1        1240        1240           5           6         18
    1133    0.62    3.0022856E+01     89        89       -1        1240        1240           5           6         18
    1134    0.62    2.8843861E+01     90        90       -1        1240        1240           5           6         18
    1135    0.62    2.9276448E+01     86        86       -1        1233        1233           5           6         15
    1136    0.62    2.7847623E+01     86        86       -1        1233        1233           5           6         15
    1137    0.62    2.8597606E+01     86        86       -1        1233        1233           5           6         15
    1138    0.62    2.9468294E+01     86        86       -1        1233        1233           5           6         15
    1139    0.62    3.0165209E+01     86        86       -1        1233        1233           5           6         15
    1140    0.62    3.0149780E+01     86        86       -1        1233        1233           5           6         15
    1141    0.62    2.9534841E+01     86        86       -1        1233        1233           5           6         15
    1142    0.62    2.9003836E+01     86        86       -1        1233        1233           5           6         15
    1143    0.62    2.8287451E+01     86        86       -1        1233        1233           5           6         15
    1144    0.62    2.8692912E+01     86        86       -1        1233        1233           5           6         15
    1145    0.62    2.6160653E+01     86        86       -1        1233        1233           5           6         15
    1146    0.62    2.8333508E+01     86        86       -1        1233        1233           5           6         15
    1147    0.62    2.8118045E+01     90        90       -1        1240        1240           5           6         18
    1148    0.62    2.8956153E+01     90        90       -1        1240        1240           5           6         18
    1149    0.62    2.9859196E+01     90        90       -1        1240        1240           5           6         18
    1150    0.62    3.0555787E+01     90        90       -1        1240        1240           5           6         18
    1151    0.62    3.1322357E+01     90        90       -1        1240        1240           5           6         18
    1152    0.62    2.8533548E+01     90        90       -1        1240        1240           5           6         18
    1153    0.62    2.9443875E+01     90        90       -1        1240        1240           5           6         18
    1154    0.62    3.0043754E+01     90        90       -1        1240        1240           5           6         18
    1155    0.62    3.0094049E+01     90        90       -1        1240        1240           5           6         18
    1156    0.62    3.2939114E+01     90        90       -1        1240        1240           4           6         18
    1157    0.62    3.3556440E+01     90        90       -1        1240        1240           5           6         18
    1158    0.62    3.2097958E+01     90        90       -1        1240        1240           5           6         18
    1159    0.62    2.9388160E+01     96        96       -1        1233        1233           5           6         15
    1160    0.62    2.5064755E+01     96        96       -1        1233        1233           5           6         15
    1161    0.62    2.9905033E+01     96        96       -1        1233        1233           5           6         15
    1162    0.62    2.8821884E+01     86        86       -1        1233        1233           5           6         15
    1163    0.62    2.6959530E+01     86        86       -1        1233        1233           5           6         15
    1164    0.62    2.9257700E+01     86        86       -1        1233        1233           5           6         15
    1165    0.62    3.0730591E+01     90        90       -1        1240        1240           5           6         18
    1166    0.62    3.0290069E+01     90        90       -1        1240        1240           5           6         18
    1167    0.62    3.1003093E+01     90        90       -1        1240        1240           5           6         18
    1168    0.62    2.7790524E+01     90        90       -1        1240        1240           5           6         18
    1169    0.62    2.7359843E+01     90        90       -1        1240        1240           5           6         18
    1170    0.62    2.8290049E+01     90        90       -1        1240        1240           5           6         18
    1171    0.62    2.8643314E+01     90        90       -1        1240        1240           5           6         18
    1172    0.62    3.2610106E+01     90        90       -1        1240        1240           5           6         18
    1173    0.62    3.1954516E+01     90        90       -1        1240        1240           5           6         18
    1174    0.62    2.7648420E+01     90        90       -1        1240        1240           5           6         18
    1175    0.62    2.1261400E+01     90        90       -1        1240        1240           5           6         18
    1176    0.62    2.8891991E+01     90        90       -1        1240        1240           5           6         18
    1177    0.62    2.9064991E+01     90        90       -1        1240        1240           5           6         18
    1178    0.62    3.2578416E+01     90        90       -1        1240        1240           5           6         18
    1179    0.62    3.2246258E+01     90        90       -1        1240        1240           5           6         18
    1180    0.62    3.1546452E+01    101       101       -1        1240        1240           5           6         18
    1181    0.62    3.1862718E+01    101       101       -1        1244        1244           5           6         20
    1182    0.62    2.7874223E+01     90        90       -1        1240        1240           5           6         18
    1183    0.62    2.8685786E+01     90        90       -1        1240        1240           5           6         18
    1184    0.62    2.8837565E+01     90        90       -1        1240        1240           5           6         18
    1185    0.62    2.7695660E+01     90        90       -1        1240        1240           5           6         18
    1186    0.62    3.2019843E+01     90        90       -1        1240        1240           5           6         18
    1187    0.62    3.2250989E+01     90        90       -1        1240        1240           5           6         18
    1188    0.62    3.1092508E+01     87        87       -1        1233        1233           5           6         15
    1189    0.62    2.9921622E+01     86        86       -1        1233        1233           5           6         15
    1190    0.62    2.8724164E+01     86        86       -1        1233        1233           5           6         15
    1191    0.62    2.9812054E+01     96        96       -1        1233        1233           5           6         15
    1192    0.62    2.9620438E+01     96        96       -1        1233        1233           5           6         15
    1193    0.62    2.8543225E+01     96        96       -1        1233        1233           5           6         15
    1194    0.62    2.9454689E+01     96        96       -1        1233        1233           5           6         15
    1195    0.62    2.9293864E+01     96        96       -1        1233        1233           5           6         15
    1196    0.62    2.7585353E+01     96        96       -1        1233        1233           5           6         15
    1197    0.62    2.9128914E+01     96        96       -1        1233        1233           5           6         15
    1198    0.62    3.1111075E+01     96        96       -1        1233        1233           5           6         15
    1199    0.62    3.2796519E+01     90        90       -1        1240        1240           5           6         18
    1200    0.62    3.1833254E+01     90        90       -1        1240        1240           5           6         18
    1201    0.62    2.8243641E+01     90        90       -1        1240        1240           5           6         18
    1202    0.62    2.8636792E+01     90        90       -1        1240        1240           5           6         18
    1203    0.62    2.8754086E+01     90        90       -1        1240        1240           5           6         18
    1204    0.62    3.3221997E+01     90        90       -1        1240        1240           5           6         18
    1205    0.62    3.3560541E+01     90        90       -1        1240        1240           5           6         18
    1206    0.62    3.3700584E+01     90        90       -1        1240        1240           5           6         18
    1207    0.62    2.9839171E+01     90        90       -1        1240        1240           5           6         18
    1208    0.62    2.1524396E+01     90        90       -1        1240        1240           5           6         18
    1209    0.62    2.7274336E+01     90        90       -1        1240        1240           5           6         18
    1210    0.62    2.9705471E+01    101       101       -1        1244        1244           5           6         20
    1211    0.62    2.9997491E+01    101       101       -1        1244        1244           5           6         20
    1212    0.62    2.8961026E+01     94        94       -1        1242        1242           5           6         19
    1213    0.62    3.3401780E+01     94        94       -1        1242        1242           4           6         19
    1214    0.62    2.9348445E+01    103       103       -1        1242        1242           5           6         19
    1215    0.62    2.9907898E+01    103       103       -1        1242        1242           5           6         19
    1216    0.62    2.9806032E+01    103       103       -1        1242        1242           5           6         19
    1217    0.62    3.2362540E+01     98        98       -1        1242        1242           5           6         19
    1218    0.62    3.4623162E+01     98        98       -1        1242        1242           5           6         19
    1219    0.62    3.6034370E+01     98        98       -1        1242        1242           5           6         19
    1220    0.62    3.7762054E+01     98        98       -1        1242        1242           5           6         19
    1221    0.62    3.6941748E+01     98        98       -1        1242        1242           5           6         19
    1222    0.62    3.6435910E+01     99        99       -1        1244        1244           5           6         20
    1223    0.62    3.0459723E+01     99        99       -1        1244        1244           5           6         20
    1224    0.62    2.8430975E+01     99        99       -1        1244        1244           5           6         20
    1225    0.62    2.9376898E+01    100       100       -1        1244        1244           5           6         20
    1226    0.62    2.6612864E+01    100       100       -1        1244        1244           5           6         20
    1227    0.62    3.4803531E+01    103       103       -1        1242        1242           5           6         19
    1228    0.62    3.1243824E+01    103       103       -1        1242        1242           5           6         19
    1229    0.62    3.0532704E+01    103       103       -1        1242        1242           5           6         19
    1230    0.62    3.0195071E+01    103       103       -1        1242        1242           5           6         19
    1231    0.62    3.2979034E+01    103       103       -1        1242        1242           5           6         19
    1232    0.62    3.5413379E+01     98        98       -1        1242        1242           5           6         19
    1233    0.62    3.7894822E+01     98        98       -1        1242        1242           5           6         19
    1234    0.62    4.0219850E+01     98        98       -1        1242        1242           5           6         19
    1235    0.62    4.2259474E+01     98        98       -1        1242        1242           5           6         19
    1236    0.62    4.1088979E+01     98        98       -1        1242        1242           5           6         19
    1237    0.62    3.5037297E+01     99        99       -1        1244        1244           5           6         20
    1238    0.62    3.2866989E+01     99        99       -1        1244        1244           5           6         20
    1239    0.62    3.0658719E+01     99        99       -1        1244        1244           5           6         20
    1240    0.62    3.1800485E+01    100       100       -1        1244        1244           5           6         20
    1241    0.62    2.9536546E+01    100       100       -1        1244        1244           5           6         20
    1242    0.62    3.2137500E+01    103       103       -1        1242        1242           4           6         19
    1243    0.62    3.1414675E+01    103       103       -1        1242        1242           5           6         19
    1244    0.62    3.1366955E+01    103       103       -1        1242        1242           5           6         19
    1245    0.62    3.2006239E+01    103       103       -1        1242        1242           5           6         19
    1246    0.62    3.4138174E+01    103       103       -1        1242        1242           5           6         19
    1247    0.62    3.6964206E+01     98        98       -1        1242        1242           5           6         19
    1248    0.62    4.1562760E+01     98        98       -1        1242        1242           5           6         19
    1249    0.62    4.4731032E+01     98        98       -1        1242        1242           5           6         19
    1250    0.62    4.4516677E+01     98        98       -1        1242        1242           5           6         19
    1251    0.62    3.8564468E+01     98        98       -1        1242        1242           5           6         19
    1252    0.62    3.9832139E+01     99        99       -1        1244        1244           5           6         20
    1253    0.62    2.8807626E+01     99        99       -1        1244        1244           5           6         20
    1254    0.62    3.6029450E+01     99        99       -1        1244        1244           5           6         20
    1255    0.62    3.7938493E+01     99        99       -1        1244        1244           5           6         20
    1256    0.62    3.4269848E+01    100       100       -1        1244        1244           5           6         20
    1257    0.62    3.2404087E+01    100       100       -1        1244        1244           5           6         20
    1258    0.62    3.1972288E+01    103       103       -1        1242        1242           5           6         19
    1259    0.62    2.7512318E+01    103       103       -1        1242        1242           5           6         19
    1260    0.62    2.8052663E+01    103       103       -1        1242        1242           5           6         19
    1261    0.62    2.8029347E+01    103       103       -1        1242        1242           5           6         19
    1262    0.62    3.4452484E+01    103       103       -1        1242        1242           5           6         19
    1263    0.62    3.3183381E+01    103       103       -1        1242        1242           5           6         19
    1264    0.62    4.3320828E+01     98        98       -1        1242        1242           5           6         19
    1265    0.62    4.3999876E+01     98        98       -1        1242        1242           5           6         19
    1266    0.62    3.0730289E+01    103       103       -1        1242        1242           5           6         19
    1267    0.62    3.8210157E+01    103       103       -1        1242        1242           5           6         19
    1268    0.62    3.7016901E+01    103       103       -1        1242        1242           5           6         19
    1269    0.62    4.6712640E+01     98        98       -1        1242        1242           5           6         19
    1270    0.62    4.9232139E+01     98        98       -1        1242        1242           5           6         19
    1271    0.62    5.0224900E+01     98        98       -1        1242        1242           5           6         19
    1272    0.62    3.2561392E+01     99        99       -1        1244        1244           5           6         20
    1273    0.62    3.1880346E+01     99        99       -1        1244        1244           5           6         20
    1274    0.62    3.9800000E+01     99        99       -1        1244        1244           5           6         20
    1275    0.62    3.5950835E+01     99        99       -1        1244        1244           5           6         20
    1276    0.62    3.7309537E+01    100       100       -1        1244        1244           5           6         20
    1277    0.62    3.4976083E+01    100       100       -1        1244        1244           5           6         20
    1278    0.62    2.5048058E+01    103       103       -1        1242        1242           4           6         19
    1279    0.62    3.7043107E+01    103       103       -1        1242        1242           5           6         19
    1280    0.62    4.0977384E+01    103       103       -1        1242        1242           5           6         19
    1281    0.62    5.2315807E+01     98        98       -1        1242        1242           5           6         19
    1282    0.62    5.5803463E+01     98        98       -1        1242        1242           5           6         19
    1283    0.62    5.7398092E+01     98        98       -1        1242        1242           5           6         19
    1284    0.62    4.9333512E+01     99        99       -1        1244        1244           5           6         20
    1285    0.62    3.5260711E+01     99        99       -1        1244        1244           5           6         20
    1286    0.62    4.3580901E+01     99        99       -1        1244        1244           5           6         20
    1287    0.62    3.9313923E+01     99        99       -1        1244        1244           5           6         20
    1288    0.62    3.5217292E+01    100       100       -1        1244        1244           5           6         20
    1289    0.62    3.6945659E+01    100       100       -1        1244        1244           5           6         20
    1290    0.62    3.7136810E+01    103       103       -1        1242        1242           5           6         19
    1291    0.62    4.6682901E+01    103       103       -1        1242        1242           5           6         19
    1292    0.62    4.5388890E+01    103       103       -1        1242        1242           5           6         19
    1293    0.62    5.7371814E+01     98        98       -1        1242        1242           5           6         19
    1294    0.62    6.0412733E+01     98        98       -1        1242        1242           5           6         19
    1295    0.62    6.4649535E+01     98        98       -1        1242        1242           5           6         19
    1296    0.62    6.4676173E+01     97        97       -1        1246        1246           5           6         21
    1297    0.62    6.0917883E+01     97        97       -1        1246        1246           5           6         21
    1298    0.62    5.9236576E+01     99        99       -1        1244        1244           5           6         20
    1299    0.62    4.7197868E+01     99        99       -1        1244        1244           5           6         20
    1300    0.62    4.1843565E+01     99        99       -1        1244        1244           5           6         20
    1301    0.62    3.6713543E+01    100       100       -1        1244        1244           5           6         20
    1302    0.62    3.8484033E+01    100       100       -1        1244        1244           5           6         20
    1303    0.62    2.9742254E+01    103       103       -1        1242        1242           4           6         19
    1304    0.62    3.3328521E+01    103       103       -1        1242        1242           5           6         19
    1305    0.62    3.7891545E+01    103       103       -1        1242        1242           5           6         19
    1306    0.62    6.5259082E+01     98        98       -1        1242        1242           5           6         19
    1307    0.62    7.0676955E+01     98        98       -1        1242        1242           5           6         19
    1308    0.62    6.1894914E+01     97        97       -1        1246        1246           5           6         21
    1309    0.62    5.6655928E+01     97        97       -1        1246        1246           5           6         21
    1310    0.62    3.6660614E+01     99        99       -1        1244        1244           5           6         20
    1311    0.62    4.1710719E+01     99        99       -1        1244        1244           5           6         20
    1312    0.62    4.1803491E+01     97        97       -1        1246        1246           5           6         21
    1313    0.62    3.9406969E+01     97        97       -1        1246        1246           5           6         21
    1314    0.62    2.9792816E+01    103       103       -1        1242        1242           5           6         19
    1315    0.62    3.3387888E+01    103       103       -1        1242        1242           5           6         19
    1316    0.62    3.9165411E+01    103       103       -1        1242        1242           5           6         19
    1317    0.62    6.4768453E+01    103       103       -1        1242        1242           5           6         19
    1318    0.62    6.7347168E+01     98        98       -1        1242        1242           5           6         19
    1319    0.62    8.4317714E+01     97        97       -1        1246        1246           5           6         21
    1320    0.62    6.7751349E+01     97        97       -1        1246        1246           5           6         21
    1321    0.62    4.1752339E+01     97        97       -1        1246        1246           5           6         21
    1322    0.62    3.4739593E+01     97        97       -1        1246        1246           5           6         21
    1323    0.62    2.9884989E+01     97        97       -1        1246        1246           5           6         21
    1324    0.62    2.7338142E+01     97        97       -1        1246        1246           5           6         21
    1325    0.62    3.5158108E+01     97        97       -1        1246        1246           5           6         21
    1326    0.62    3.8258961E+01     97        97       -1        1246        1246           5           6         21
    1327    0.62    3.8319396E+01     97        97       -1        1246        1246           5           6         21
    1328    0.62    2.7734682E+01     97        97       -1        1246        1246           5           6         21
    1329    0.62    6.6633994E+01    103       103       -1        1242        1242           5           6         19
    1330    0.62    7.1755531E+01     97        97       -1        1246        1246           5           6         21
    1331    0.62    4.5633174E+01     97        97       -1        1246        1246           5           6         21
    1332    0.62    3.9153763E+01     97        97       -1        1246        1246           5           6         21
    1333    0.62    2.9741544E+01     97        97       -1        1246        1246           5           6         21
    1334    0.62    2.6168274E+01     97        97       -1        1246        1246           5           6         21
    1335    0.62    3.2812222E+01     97        97       -1        1246        1246           5           6         21
    1336    0.62    3.6968366E+01    102       102       -1        1246        1246           5           6         21
    1337    0.62    3.7431181E+01    104       104       -1        1242        1242           5           6         19
    1338    0.62    4.1131231E+01    104       104       -1        1242        1242           5           6         19
    1339    0.62    4.0322104E+01    104       104       -1        1242        1242           5           6         19
    1340    0.62    2.9528825E+01    104       104       -1        1242        1242           5           6         19
    1341    0.62    3.5744456E+01    104       104       -1        1242        1242           5           6         19
    1342    0.62    6.1127068E+01    104       104       -1        1242        1242           5           6         19
    1343    0.62    6.1771163E+01     97        97       -1        1246        1246           5           6         21
    1344    0.62    5.3922062E+01     97        97       -1        1246        1246           5           6         21
    1345    0.62    3.2698046E+01     97        97       -1        1246        1246           5           6         21
    1346    0.62    3.3944916E+01     97        97       -1        1246        1246           5           6         21
    1347    0.62    3.0598504E+01     97        97       -1        1246        1246           5           6         21
    1348    0.62    2.2546330E+01     97        97       -1        1246        1246           5           6         21
    1349    0.62    3.1470606E+01    102       102       -1        1246        1246           5           6         21
    1350    0.62    2.6162598E+01    104       104       -1        1242        1242           5           6         19
    1351    0.62    2.4603976E+01    104       104       -1        1242        1242           5           6         19
    1352    0.62    4.5771894E+01     97        97       -1        1246        1246           5           6         21
    1353    0.62    4.7785799E+01     97        97       -1        1246        1246           5           6         21
    1354    0.62    4.1762851E+01     97        97       -1        1246        1246           5           6         21
    1355    0.62    2.7909103E+01     97        97       -1        1246        1246           5           6         21
    1356    0.62    2.6318003E+01     97        97       -1        1246        1246           5           6         21
    1357    0.62    2.8004297E+01     97        97       -1        1246        1246           5           6         21
    1358    0.62    2.2370555E+01    102       102       -1        1246        1246           5           6         21
    1359    0.62    3.1799129E+01    102       102       -1        1246        1246           5           6         21
    1360    0.62    2.7774523E+01    104       104       -1        1242        1242           5           6         19
    1361    0.62    2.8243879E+01    104       104       -1        1242        1242           5           6         19
    1362    0.62    2.9777978E+01    105       105       -1        1246        1246           5           6         21
    1363    0.62    3.8346732E+01     97        97       -1        1246        1246           5           6         21
    1364    0.62    3.8933869E+01     97        97       -1        1246        1246           5           6         21
    1365    0.62    3.4963139E+01     97        97       -1        1246        1246           5           6         21
    1366    0.62    2.7537603E+01     97        97       -1        1246        1246           5           6         21
    1367    0.62    2.3537533E+01     97        97       -1        1246        1246           5           6         21
    1368    0.62    2.5686184E+01     97        97       -1        1246        1246           5           6         21
    1369    0.62    2.6675640E+01    102       102       -1        1246        1246           5           6         21
    1370    0.62    2.8997117E+01    102       102       -1        1246        1246           5           6         21
    1371    0.62    2.2664170E+01    102       102       -1        1246        1246           5           6         21
    1372    0.62    2.8024951E+01    105       105       -1        1246        1246           5           6         21
    1373    0.62    2.8621354E+01    105       105       -1        1246        1246           5           6         21
    1374    0.62    2.9187475E+01    105       105       -1        1246        1246           5           6         21
    1375    0.62    2.5824111E+01    105       105       -1        1246        1246           5           6         21
    1376    0.62    2.6550243E+01    105       105       -1        1246        1246           5           6         21
    1377    0.62    2.7059485E+01    105       105       -1        1246        1246           5           6         21
    1378    0.62    2.6159244E+01    105       105       -1        1246        1246           4           6         21
    1379    0.62    2.5074430E+01    105       105       -1        1246        1246           5           6         21
    1380    0.62    2.4731815E+01    105       105       -1        1246        1246           5           6         21
    1381    0.62    2.3701318E+01    105       105       -1        1246        1246           5           6         21
    1382    0.62    1.7998480E+01    102       102       -1        1246        1246           5           6         21
    1383    0.62    1.7666129E+01    105       105       -1        1246        1246           5           6         21
    1384    0.62    1.7917828E+01    102       102       -1        1246        1246           5           6         21
    1385    0.62    2.6263021E+01    102       102       -1        1246        1246           5           6         21
    1386    0.62    2.4482393E+01    105       105       -1        1246        1246           5           6         21
    1387    0.62    2.3831970E+01    105       105       -1        1246        1246           5           6         21
    1388    0.62    1.7986170E+01    102       102       -1        1246        1246           5           6         21
    1389    0.62    2.6266483E+01    102       102       -1        1246        1246           5           6         21
    1390    0.62    2.4365260E+01    102       102       -1        1246        1246           5           6         21
    1391    0.62    2.5718704E+01    102       102       -1        1246        1246           5           6         21
    1392    0.62    2.7953350E+01    102       102       -1        1246        1246           5           6         21
C*******************************************************************************
C                           Initial Soil Moisture Condition
C                                   For Urban Lands
C
C   IE     ; Element ID (0 if following values are to be used for all elements)
C   FSOILMP; Fraction of initial soil moisture at element IE that is due to precipitation
C   SOILM  ; Initial root zone moisture content for urban land; [L/L]
C
C-----------------------------------------------------------------------------
C    IE   FSOILMP  SOILM
C-----------------------------------------------------------------------------
      1    0.5     0.1103
      2    0.5     0.1272
      3    0.5     0.1186
      4    0.5     0.1081
      5    0.5     0.1406
      6    0.5     0.1117
      7    0.5     0.1155
      8    0.5     0.1307
      9    0.5     0.1252
     10    0.5     0.1025
     11    0.5     0.1387
     12    0.5     0.1371
     13    0.5     0.0977
     14    0.5     0.1296
     15    0.5     0.1270
     16    0.5     0.1099
     17    0.5     0.1330
     18    0.5     0.1255
     19    0.5     0.1172
     20    0.5     0.1128
     21    0.5     0.1050
     22    0.5     0.1186
     23    0.5     0.1207
     24    0.5     0.1156
     25    0.5     0.1171
     26    0.5     0.1138
     27    0.5     0.1105
     28    0.5     0.0996
     29    0.5     0.0983
     30    0.5     0.1141
     31    0.5     0.1129
     32    0.5     0.1084
     33    0.5     0.1084
     34    0.5     0.1107
     35    0.5     0.1048
     36    0.5     0.0931
     37    0.5     0.1129
     38    0.5     0.1154
     39    0.5     0.1094
     40    0.5     0.1106
     41    0.5     0.1013
     42    0.5     0.1211
     43    0.5     0.1230
     44    0.5     0.1158
     45    0.5     0.1108
     46    0.5     0.1103
     47    0.5     0.1065
     48    0.5     0.1101
     49    0.5     0.1240
     50    0.5     0.1059
     51    0.5     0.1144
     52    0.5     0.1058
     53    0.5     0.1021
     54    0.5     0.1112
     55    0.5     0.1117
     56    0.5     0.1086
     57    0.5     0.1004
     58    0.5     0.1071
     59    0.5     0.1017
     60    0.5     0.1137
     61    0.5     0.1071
     62    0.5     0.0928
     63    0.5     0.1008
     64    0.5     0.1262
     65    0.5     0.1101
     66    0.5     0.1065
     67    0.5     0.1040
     68    0.5     0.1140
     69    0.5     0.1247
     70    0.5     0.1029
     71    0.5     0.1535
     72    0.5     0.1132
     73    0.5     0.1252
     74    0.5     0.1110
     75    0.5     0.1177
     76    0.5     0.1152
     77    0.5     0.1168
     78    0.5     0.1142
     79    0.5     0.1271
     80    0.5     0.1349
     81    0.5     0.1103
     82    0.5     0.1106
     83    0.5     0.1185
     84    0.5     0.1206
     85    0.5     0.1091
     86    0.5     0.1067
     87    0.5     0.0885
     88    0.5     0.0968
     89    0.5     0.1209
     90    0.5     0.1300
     91    0.5     0.1049
     92    0.5     0.1113
     93    0.5     0.1399
     94    0.5     0.1067
     95    0.5     0.1122
     96    0.5     0.1146
     97    0.5     0.1131
     98    0.5     0.1142
     99    0.5     0.0954
    100    0.5     0.1394
    101    0.5     0.1037
    102    0.5     0.1058
    103    0.5     0.1176
    104    0.5     0.1262
    105    0.5     0.1139
    106    0.5     0.1070
    107    0.5     0.1120
    108    0.5     0.0947
    109    0.5     0.1029
    110    0.5     0.1254
    111    0.5     0.1313
    112    0.5     0.1078
    113    0.5     0.1227
    114    0.5     0.1485
    115    0.5     0.1059
    116    0.5     0.1499
    117    0.5     0.1623
    118    0.5     0.0970
    119    0.5     0.0994
    120    0.5     0.0964
    121    0.5     0.1123
    122    0.5     0.1149
    123    0.5     0.1231
    124    0.5     0.1229
    125    0.5     0.0977
    126    0.5     0.0911
    127    0.5     0.1350
    128    0.5     0.1084
    129    0.5     0.1183
    130    0.5     0.1268
    131    0.5     0.1362
    132    0.5     0.1159
    133    0.5     0.1351
    134    0.5     0.1476
    135    0.5     0.1290
    136    0.5     0.1373
    137    0.5     0.1144
    138    0.5     0.1060
    139    0.5     0.1060
    140    0.5     0.1230
    141    0.5     0.1413
    142    0.5     0.1274
    143    0.5     0.1469
    144    0.5     0.1546
    145    0.5     0.1138
    146    0.5     0.1294
    147    0.5     0.1579
    148    0.5     0.1569
    149    0.5     0.1517
    150    0.5     0.1257
    151    0.5     0.1014
    152    0.5     0.1391
    153    0.5     0.1215
    154    0.5     0.0916
    155    0.5     0.0751
    156    0.5     0.1477
    157    0.5     0.1582
    158    0.5     0.1539
    159    0.5     0.1372
    160    0.5     0.1694
    161    0.5     0.1715
    162    0.5     0.1501
    163    0.5     0.1398
    164    0.5     0.0864
    165    0.5     0.0982
    166    0.5     0.1354
    167    0.5     0.1573
    168    0.5     0.1644
    169    0.5     0.1756
    170    0.5     0.1784
    171    0.5     0.1638
    172    0.5     0.1602
    173    0.5     0.1432
    174    0.5     0.1892
    175    0.5     0.2043
    176    0.5     0.1759
    177    0.5     0.1499
    178    0.5     0.1153
    179    0.5     0.1363
    180    0.5     0.1955
    181    0.5     0.1865
    182    0.5     0.1761
    183    0.5     0.1746
    184    0.5     0.1882
    185    0.5     0.1827
    186    0.5     0.1755
    187    0.5     0.1515
    188    0.5     0.1616
    189    0.5     0.1752
    190    0.5     0.1948
    191    0.5     0.1933
    192    0.5     0.1761
    193    0.5     0.1549
    194    0.5     0.1250
    195    0.5     0.1385
    196    0.5     0.1391
    197    0.5     0.1811
    198    0.5     0.1866
    199    0.5     0.1794
    200    0.5     0.1818
    201    0.5     0.1633
    202    0.5     0.1739
    203    0.5     0.1834
    204    0.5     0.1732
    205    0.5     0.1746
    206    0.5     0.1727
    207    0.5     0.1588
    208    0.5     0.1819
    209    0.5     0.1934
    210    0.5     0.1604
    211    0.5     0.1372
    212    0.5     0.1679
    213    0.5     0.1586
    214    0.5     0.1379
    215    0.5     0.1344
    216    0.5     0.1421
    217    0.5     0.1745
    218    0.5     0.1762
    219    0.5     0.1752
    220    0.5     0.1716
    221    0.5     0.1793
    222    0.5     0.1782
    223    0.5     0.1778
    224    0.5     0.1440
    225    0.5     0.1558
    226    0.5     0.1790
    227    0.5     0.1583
    228    0.5     0.1358
    229    0.5     0.1746
    230    0.5     0.1595
    231    0.5     0.1552
    232    0.5     0.1358
    233    0.5     0.1706
    234    0.5     0.1779
    235    0.5     0.1781
    236    0.5     0.1764
    237    0.5     0.1549
    238    0.5     0.1481
    239    0.5     0.1764
    240    0.5     0.1527
    241    0.5     0.1702
    242    0.5     0.1696
    243    0.5     0.1777
    244    0.5     0.1783
    245    0.5     0.1494
    246    0.5     0.1446
    247    0.5     0.1505
    248    0.5     0.1377
    249    0.5     0.1691
    250    0.5     0.1525
    251    0.5     0.1418
    252    0.5     0.1166
    253    0.5     0.1732
    254    0.5     0.1763
    255    0.5     0.1519
    256    0.5     0.1655
    257    0.5     0.1777
    258    0.5     0.1660
    259    0.5     0.1571
    260    0.5     0.1351
    261    0.5     0.1581
    262    0.5     0.1481
    263    0.5     0.1718
    264    0.5     0.1754
    265    0.5     0.1601
    266    0.5     0.1386
    267    0.5     0.1572
    268    0.5     0.1629
    269    0.5     0.1717
    270    0.5     0.1918
    271    0.5     0.1761
    272    0.5     0.1682
    273    0.5     0.1386
    274    0.5     0.1236
    275    0.5     0.1486
    276    0.5     0.1541
    277    0.5     0.1468
    278    0.5     0.1445
    279    0.5     0.1948
    280    0.5     0.1825
    281    0.5     0.1546
    282    0.5     0.1102
    283    0.5     0.1216
    284    0.5     0.1304
    285    0.5     0.1274
    286    0.5     0.1208
    287    0.5     0.1439
    288    0.5     0.1669
    289    0.5     0.1826
    290    0.5     0.1643
    291    0.5     0.1564
    292    0.5     0.1974
    293    0.5     0.1690
    294    0.5     0.1490
    295    0.5     0.1474
    296    0.5     0.1428
    297    0.5     0.1345
    298    0.5     0.1237
    299    0.5     0.1265
    300    0.5     0.1572
    301    0.5     0.1763
    302    0.5     0.1819
    303    0.5     0.1868
    304    0.5     0.1752
    305    0.5     0.1607
    306    0.5     0.1493
    307    0.5     0.1496
    308    0.5     0.1375
    309    0.5     0.1505
    310    0.5     0.1693
    311    0.5     0.1618
    312    0.5     0.1806
    313    0.5     0.1924
    314    0.5     0.1782
    315    0.5     0.1945
    316    0.5     0.1879
    317    0.5     0.1547
    318    0.5     0.1475
    319    0.5     0.1418
    320    0.5     0.1378
    321    0.5     0.1193
    322    0.5     0.1406
    323    0.5     0.1588
    324    0.5     0.1630
    325    0.5     0.1600
    326    0.5     0.1723
    327    0.5     0.1820
    328    0.5     0.1968
    329    0.5     0.1566
    330    0.5     0.1201
    331    0.5     0.1522
    332    0.5     0.1537
    333    0.5     0.1253
    334    0.5     0.1206
    335    0.5     0.1148
    336    0.5     0.1504
    337    0.5     0.1583
    338    0.5     0.1491
    339    0.5     0.1594
    340    0.5     0.1541
    341    0.5     0.1455
    342    0.5     0.1708
    343    0.5     0.1711
    344    0.5     0.1421
    345    0.5     0.1292
    346    0.5     0.1234
    347    0.5     0.1227
    348    0.5     0.1562
    349    0.5     0.1354
    350    0.5     0.1569
    351    0.5     0.1570
    352    0.5     0.1382
    353    0.5     0.1630
    354    0.5     0.1544
    355    0.5     0.1546
    356    0.5     0.1557
    357    0.5     0.1866
    358    0.5     0.1793
    359    0.5     0.1547
    360    0.5     0.1566
    361    0.5     0.1737
    362    0.5     0.1779
    363    0.5     0.1749
    364    0.5     0.1443
    365    0.5     0.1422
    366    0.5     0.1392
    367    0.5     0.1319
    368    0.5     0.1053
    369    0.5     0.1447
    370    0.5     0.1313
    371    0.5     0.1327
    372    0.5     0.1288
    373    0.5     0.1329
    374    0.5     0.1026
    375    0.5     0.1738
    376    0.5     0.1778
    377    0.5     0.1298
    378    0.5     0.1427
    379    0.5     0.1313
    380    0.5     0.1248
    381    0.5     0.1229
    382    0.5     0.1214
    383    0.5     0.1107
    384    0.5     0.1313
    385    0.5     0.1259
    386    0.5     0.1042
    387    0.5     0.1273
    388    0.5     0.1286
    389    0.5     0.1247
    390    0.5     0.1270
    391    0.5     0.1306
    392    0.5     0.1242
    393    0.5     0.1226
    394    0.5     0.1285
    395    0.5     0.1372
    396    0.5     0.1203
    397    0.5     0.1172
    398    0.5     0.1279
    399    0.5     0.1133
    400    0.5     0.1161
    401    0.5     0.1240
    402    0.5     0.1582
    403    0.5     0.1677
    404    0.5     0.1676
    405    0.5     0.1613
    406    0.5     0.1771
    407    0.5     0.1903
    408    0.5     0.1494
    409    0.5     0.1534
    410    0.5     0.1595
    411    0.5     0.1654
    412    0.5     0.1450
    413    0.5     0.1437
    414    0.5     0.1947
    415    0.5     0.1583
    416    0.5     0.1396
    417    0.5     0.1335
    418    0.5     0.1366
    419    0.5     0.1294
    420    0.5     0.1206
    421    0.5     0.1284
    422    0.5     0.1156
    423    0.5     0.1320
    424    0.5     0.1458
    425    0.5     0.1551
    426    0.5     0.1545
    427    0.5     0.1512
    428    0.5     0.1593
    429    0.5     0.1631
    430    0.5     0.1646
    431    0.5     0.1628
    432    0.5     0.1577
    433    0.5     0.1372
    434    0.5     0.1383
    435    0.5     0.1307
    436    0.5     0.1334
    437    0.5     0.1127
    438    0.5     0.1130
    439    0.5     0.1429
    440    0.5     0.1457
    441    0.5     0.1495
    442    0.5     0.1547
    443    0.5     0.1556
    444    0.5     0.1618
    445    0.5     0.1650
    446    0.5     0.1702
    447    0.5     0.1704
    448    0.5     0.1554
    449    0.5     0.1617
    450    0.5     0.1614
    451    0.5     0.1404
    452    0.5     0.1427
    453    0.5     0.1461
    454    0.5     0.1461
    455    0.5     0.1219
    456    0.5     0.1087
    457    0.5     0.1064
    458    0.5     0.1381
    459    0.5     0.0954
    460    0.5     0.1208
    461    0.5     0.1314
    462    0.5     0.1515
    463    0.5     0.1501
    464    0.5     0.1501
    465    0.5     0.1609
    466    0.5     0.1691
    467    0.5     0.1663
    468    0.5     0.1954
    469    0.5     0.1597
    470    0.5     0.1608
    471    0.5     0.1583
    472    0.5     0.1515
    473    0.5     0.1546
    474    0.5     0.1452
    475    0.5     0.1441
    476    0.5     0.1301
    477    0.5     0.1088
    478    0.5     0.0926
    479    0.5     0.1237
    480    0.5     0.1584
    481    0.5     0.1499
    482    0.5     0.1496
    483    0.5     0.1517
    484    0.5     0.1766
    485    0.5     0.1742
    486    0.5     0.1783
    487    0.5     0.1648
    488    0.5     0.1673
    489    0.5     0.1731
    490    0.5     0.1515
    491    0.5     0.1656
    492    0.5     0.1671
    493    0.5     0.1652
    494    0.5     0.1478
    495    0.5     0.1596
    496    0.5     0.1639
    497    0.5     0.1621
    498    0.5     0.1602
    499    0.5     0.1569
    500    0.5     0.1570
    501    0.5     0.1771
    502    0.5     0.1701
    503    0.5     0.1833
    504    0.5     0.1832
    505    0.5     0.1671
    506    0.5     0.1518
    507    0.5     0.1996
    508    0.5     0.1065
    509    0.5     0.1017
    510    0.5     0.1601
    511    0.5     0.1421
    512    0.5     0.1399
    513    0.5     0.0971
    514    0.5     0.0989
    515    0.5     0.1123
    516    0.5     0.1152
    517    0.5     0.1059
    518    0.5     0.0901
    519    0.5     0.1151
    520    0.5     0.1249
    521    0.5     0.0941
    522    0.5     0.0937
    523    0.5     0.0962
    524    0.5     0.1217
    525    0.5     0.1151
    526    0.5     0.1038
    527    0.5     0.1015
    528    0.5     0.0861
    529    0.5     0.1135
    530    0.5     0.1030
    531    0.5     0.1069
    532    0.5     0.1091
    533    0.5     0.1977
    534    0.5     0.2081
    535    0.5     0.1956
    536    0.5     0.1740
    537    0.5     0.1650
    538    0.5     0.1584
    539    0.5     0.1475
    540    0.5     0.1962
    541    0.5     0.1983
    542    0.5     0.2161
    543    0.5     0.2114
    544    0.5     0.1819
    545    0.5     0.1709
    546    0.5     0.1682
    547    0.5     0.1600
    548    0.5     0.1326
    549    0.5     0.1169
    550    0.5     0.1045
    551    0.5     0.1698
    552    0.5     0.1932
    553    0.5     0.2016
    554    0.5     0.2060
    555    0.5     0.1961
    556    0.5     0.2044
    557    0.5     0.1911
    558    0.5     0.2127
    559    0.5     0.2013
    560    0.5     0.2074
    561    0.5     0.1915
    562    0.5     0.1730
    563    0.5     0.1549
    564    0.5     0.1742
    565    0.5     0.1763
    566    0.5     0.1515
    567    0.5     0.1231
    568    0.5     0.1122
    569    0.5     0.1803
    570    0.5     0.1839
    571    0.5     0.1056
    572    0.5     0.1196
    573    0.5     0.1573
    574    0.5     0.1321
    575    0.5     0.1654
    576    0.5     0.1687
    577    0.5     0.1914
    578    0.5     0.1859
    579    0.5     0.1721
    580    0.5     0.1469
    581    0.5     0.1270
    582    0.5     0.1441
    583    0.5     0.1806
    584    0.5     0.1840
    585    0.5     0.1650
    586    0.5     0.1255
    587    0.5     0.1291
    588    0.5     0.1765
    589    0.5     0.1509
    590    0.5     0.1394
    591    0.5     0.1036
    592    0.5     0.0692
    593    0.5     0.0633
    594    0.5     0.1817
    595    0.5     0.1609
    596    0.5     0.1390
    597    0.5     0.1302
    598    0.5     0.1264
    599    0.5     0.0891
    600    0.5     0.1123
    601    0.5     0.1286
    602    0.5     0.1306
    603    0.5     0.1178
    604    0.5     0.1521
    605    0.5     0.1602
    606    0.5     0.1608
    607    0.5     0.1532
    608    0.5     0.1477
    609    0.5     0.1101
    610    0.5     0.0777
    611    0.5     0.0700
    612    0.5     0.0649
    613    0.5     0.0629
    614    0.5     0.1054
    615    0.5     0.1235
    616    0.5     0.1174
    617    0.5     0.1197
    618    0.5     0.1621
    619    0.5     0.1809
    620    0.5     0.1898
    621    0.5     0.1885
    622    0.5     0.1532
    623    0.5     0.1698
    624    0.5     0.1400
    625    0.5     0.1738
    626    0.5     0.1151
    627    0.5     0.0948
    628    0.5     0.0849
    629    0.5     0.1033
    630    0.5     0.1087
    631    0.5     0.1053
    632    0.5     0.1203
    633    0.5     0.1028
    634    0.5     0.1485
    635    0.5     0.1606
    636    0.5     0.1150
    637    0.5     0.0985
    638    0.5     0.0994
    639    0.5     0.1182
    640    0.5     0.1234
    641    0.5     0.1396
    642    0.5     0.1309
    643    0.5     0.1225
    644    0.5     0.1567
    645    0.5     0.1550
    646    0.5     0.1008
    647    0.5     0.1047
    648    0.5     0.0958
    649    0.5     0.0948
    650    0.5     0.0890
    651    0.5     0.1119
    652    0.5     0.1159
    653    0.5     0.1308
    654    0.5     0.1274
    655    0.5     0.1111
    656    0.5     0.0958
    657    0.5     0.0976
    658    0.5     0.1032
    659    0.5     0.0985
    660    0.5     0.1413
    661    0.5     0.1662
    662    0.5     0.1076
    663    0.5     0.0879
    664    0.5     0.0881
    665    0.5     0.0843
    666    0.5     0.0956
    667    0.5     0.1011
    668    0.5     0.1156
    669    0.5     0.0995
    670    0.5     0.1552
    671    0.5     0.1734
    672    0.5     0.1035
    673    0.5     0.0931
    674    0.5     0.0857
    675    0.5     0.0991
    676    0.5     0.1037
    677    0.5     0.1170
    678    0.5     0.1111
    679    0.5     0.1050
    680    0.5     0.1627
    681    0.5     0.1516
    682    0.5     0.1228
    683    0.5     0.1462
    684    0.5     0.1113
    685    0.5     0.0901
    686    0.5     0.0843
    687    0.5     0.0963
    688    0.5     0.1122
    689    0.5     0.1137
    690    0.5     0.1114
    691    0.5     0.1179
    692    0.5     0.1510
    693    0.5     0.1593
    694    0.5     0.0989
    695    0.5     0.0764
    696    0.5     0.0576
    697    0.5     0.0617
    698    0.5     0.1004
    699    0.5     0.0896
    700    0.5     0.0669
    701    0.5     0.0686
    702    0.5     0.1656
    703    0.5     0.1069
    704    0.5     0.0874
    705    0.5     0.0591
    706    0.5     0.0675
    707    0.5     0.0820
    708    0.5     0.1041
    709    0.5     0.1159
    710    0.5     0.1068
    711    0.5     0.1430
    712    0.5     0.1656
    713    0.5     0.1575
    714    0.5     0.1331
    715    0.5     0.1336
    716    0.5     0.0907
    717    0.5     0.0698
    718    0.5     0.0659
    719    0.5     0.1042
    720    0.5     0.1264
    721    0.5     0.1198
    722    0.5     0.1093
    723    0.5     0.1522
    724    0.5     0.1654
    725    0.5     0.1608
    726    0.5     0.1501
    727    0.5     0.1466
    728    0.5     0.1152
    729    0.5     0.1455
    730    0.5     0.0962
    731    0.5     0.0826
    732    0.5     0.1601
    733    0.5     0.1241
    734    0.5     0.1112
    735    0.5     0.1393
    736    0.5     0.1212
    737    0.5     0.1090
    738    0.5     0.1357
    739    0.5     0.1421
    740    0.5     0.1290
    741    0.5     0.1180
    742    0.5     0.1586
    743    0.5     0.1673
    744    0.5     0.1577
    745    0.5     0.1547
    746    0.5     0.1653
    747    0.5     0.1390
    748    0.5     0.1493
    749    0.5     0.1602
    750    0.5     0.1714
    751    0.5     0.1451
    752    0.5     0.1430
    753    0.5     0.1449
    754    0.5     0.1604
    755    0.5     0.1392
    756    0.5     0.1416
    757    0.5     0.1594
    758    0.5     0.1471
    759    0.5     0.1342
    760    0.5     0.1345
    761    0.5     0.1308
    762    0.5     0.1504
    763    0.5     0.1538
    764    0.5     0.1250
    765    0.5     0.1222
    766    0.5     0.1219
    767    0.5     0.1282
    768    0.5     0.1319
    769    0.5     0.1337
    770    0.5     0.1216
    771    0.5     0.1209
    772    0.5     0.1271
    773    0.5     0.1291
    774    0.5     0.1593
    775    0.5     0.1607
    776    0.5     0.1529
    777    0.5     0.1440
    778    0.5     0.1586
    779    0.5     0.1531
    780    0.5     0.1561
    781    0.5     0.1447
    782    0.5     0.1235
    783    0.5     0.1087
    784    0.5     0.1027
    785    0.5     0.0988
    786    0.5     0.1089
    787    0.5     0.1044
    788    0.5     0.1093
    789    0.5     0.1130
    790    0.5     0.1111
    791    0.5     0.1508
    792    0.5     0.1491
    793    0.5     0.1571
    794    0.5     0.1560
    795    0.5     0.1680
    796    0.5     0.1568
    797    0.5     0.1697
    798    0.5     0.1832
    799    0.5     0.1656
    800    0.5     0.1454
    801    0.5     0.1428
    802    0.5     0.1270
    803    0.5     0.1643
    804    0.5     0.1145
    805    0.5     0.1167
    806    0.5     0.1182
    807    0.5     0.1064
    808    0.5     0.0999
    809    0.5     0.1151
    810    0.5     0.0992
    811    0.5     0.1013
    812    0.5     0.1179
    813    0.5     0.0993
    814    0.5     0.1020
    815    0.5     0.1149
    816    0.5     0.1177
    817    0.5     0.1216
    818    0.5     0.1031
    819    0.5     0.1103
    820    0.5     0.1140
    821    0.5     0.1123
    822    0.5     0.1165
    823    0.5     0.1165
    824    0.5     0.1021
    825    0.5     0.1118
    826    0.5     0.1056
    827    0.5     0.1105
    828    0.5     0.1534
    829    0.5     0.1782
    830    0.5     0.1939
    831    0.5     0.1594
    832    0.5     0.1187
    833    0.5     0.1134
    834    0.5     0.1152
    835    0.5     0.1081
    836    0.5     0.0919
    837    0.5     0.0926
    838    0.5     0.1044
    839    0.5     0.1071
    840    0.5     0.1193
    841    0.5     0.1415
    842    0.5     0.1559
    843    0.5     0.1787
    844    0.5     0.1892
    845    0.5     0.1727
    846    0.5     0.1694
    847    0.5     0.1716
    848    0.5     0.1720
    849    0.5     0.1204
    850    0.5     0.1173
    851    0.5     0.1078
    852    0.5     0.1051
    853    0.5     0.1047
    854    0.5     0.0984
    855    0.5     0.0961
    856    0.5     0.1124
    857    0.5     0.1087
    858    0.5     0.1379
    859    0.5     0.1541
    860    0.5     0.1666
    861    0.5     0.1466
    862    0.5     0.1478
    863    0.5     0.1659
    864    0.5     0.1671
    865    0.5     0.1173
    866    0.5     0.1354
    867    0.5     0.1304
    868    0.5     0.1597
    869    0.5     0.1748
    870    0.5     0.1185
    871    0.5     0.1171
    872    0.5     0.1016
    873    0.5     0.1049
    874    0.5     0.1002
    875    0.5     0.0899
    876    0.5     0.1042
    877    0.5     0.1062
    878    0.5     0.1075
    879    0.5     0.1065
    880    0.5     0.1039
    881    0.5     0.1180
    882    0.5     0.1389
    883    0.5     0.1573
    884    0.5     0.1655
    885    0.5     0.1758
    886    0.5     0.1209
    887    0.5     0.1202
    888    0.5     0.1003
    889    0.5     0.1045
    890    0.5     0.1075
    891    0.5     0.1103
    892    0.5     0.1213
    893    0.5     0.1109
    894    0.5     0.1029
    895    0.5     0.0909
    896    0.5     0.1123
    897    0.5     0.1448
    898    0.5     0.1635
    899    0.5     0.1892
    900    0.5     0.2050
    901    0.5     0.1939
    902    0.5     0.1110
    903    0.5     0.1497
    904    0.5     0.1647
    905    0.5     0.1827
    906    0.5     0.1960
    907    0.5     0.1592
    908    0.5     0.1020
    909    0.5     0.1014
    910    0.5     0.1057
    911    0.5     0.1064
    912    0.5     0.1144
    913    0.5     0.1076
    914    0.5     0.0971
    915    0.5     0.0941
    916    0.5     0.1166
    917    0.5     0.1215
    918    0.5     0.1425
    919    0.5     0.1723
    920    0.5     0.1937
    921    0.5     0.1965
    922    0.5     0.1670
    923    0.5     0.1031
    924    0.5     0.1062
    925    0.5     0.1046
    926    0.5     0.1114
    927    0.5     0.1082
    928    0.5     0.1026
    929    0.5     0.0965
    930    0.5     0.0872
    931    0.5     0.0999
    932    0.5     0.1202
    933    0.5     0.1344
    934    0.5     0.1286
    935    0.5     0.1401
    936    0.5     0.1620
    937    0.5     0.1808
    938    0.5     0.2164
    939    0.5     0.1775
    940    0.5     0.1013
    941    0.5     0.1087
    942    0.5     0.1127
    943    0.5     0.1327
    944    0.5     0.1471
    945    0.5     0.1599
    946    0.5     0.1719
    947    0.5     0.2013
    948    0.5     0.1780
    949    0.5     0.1071
    950    0.5     0.1193
    951    0.5     0.1485
    952    0.5     0.1640
    953    0.5     0.1903
    954    0.5     0.1927
    955    0.5     0.1584
    956    0.5     0.0940
    957    0.5     0.1121
    958    0.5     0.1306
    959    0.5     0.1558
    960    0.5     0.1669
    961    0.5     0.1834
    962    0.5     0.1926
    963    0.5     0.1391
    964    0.5     0.0946
    965    0.5     0.0977
    966    0.5     0.0983
    967    0.5     0.0902
    968    0.5     0.0974
    969    0.5     0.0987
    970    0.5     0.0983
    971    0.5     0.1041
    972    0.5     0.1467
    973    0.5     0.1256
    974    0.5     0.1632
    975    0.5     0.1602
    976    0.5     0.1552
    977    0.5     0.1789
    978    0.5     0.1225
    979    0.5     0.0877
    980    0.5     0.0816
    981    0.5     0.0899
    982    0.5     0.0835
    983    0.5     0.0850
    984    0.5     0.0836
    985    0.5     0.0856
    986    0.5     0.0832
    987    0.5     0.0876
    988    0.5     0.0848
    989    0.5     0.1070
    990    0.5     0.1270
    991    0.5     0.1260
    992    0.5     0.1447
    993    0.5     0.1511
    994    0.5     0.1594
    995    0.5     0.1783
    996    0.5     0.1257
    997    0.5     0.0926
    998    0.5     0.0763
    999    0.5     0.0786
   1000    0.5     0.0790
   1001    0.5     0.0707
   1002    0.5     0.0765
   1003    0.5     0.1226
   1004    0.5     0.0936
   1005    0.5     0.1111
   1006    0.5     0.1124
   1007    0.5     0.1108
   1008    0.5     0.1358
   1009    0.5     0.1572
   1010    0.5     0.1577
   1011    0.5     0.1503
   1012    0.5     0.1121
   1013    0.5     0.1078
   1014    0.5     0.1169
   1015    0.5     0.0931
   1016    0.5     0.0913
   1017    0.5     0.0884
   1018    0.5     0.0758
   1019    0.5     0.0887
   1020    0.5     0.0873
   1021    0.5     0.0908
   1022    0.5     0.1027
   1023    0.5     0.1358
   1024    0.5     0.1074
   1025    0.5     0.1178
   1026    0.5     0.1546
   1027    0.5     0.1519
   1028    0.5     0.1490
   1029    0.5     0.1064
   1030    0.5     0.1014
   1031    0.5     0.0944
   1032    0.5     0.1087
   1033    0.5     0.0990
   1034    0.5     0.0868
   1035    0.5     0.1048
   1036    0.5     0.1308
   1037    0.5     0.1548
   1038    0.5     0.1472
   1039    0.5     0.1586
   1040    0.5     0.1374
   1041    0.5     0.1124
   1042    0.5     0.1187
   1043    0.5     0.1103
   1044    0.5     0.1045
   1045    0.5     0.0865
   1046    0.5     0.0736
   1047    0.5     0.0913
   1048    0.5     0.1207
   1049    0.5     0.1442
   1050    0.5     0.1000
   1051    0.5     0.1201
   1052    0.5     0.1488
   1053    0.5     0.1467
   1054    0.5     0.1689
   1055    0.5     0.1090
   1056    0.5     0.1017
   1057    0.5     0.1009
   1058    0.5     0.0955
   1059    0.5     0.1127
   1060    0.5     0.1312
   1061    0.5     0.1112
   1062    0.5     0.1151
   1063    0.5     0.1079
   1064    0.5     0.1177
   1065    0.5     0.1236
   1066    0.5     0.1066
   1067    0.5     0.1468
   1068    0.5     0.1445
   1069    0.5     0.2005
   1070    0.5     0.1125
   1071    0.5     0.1128
   1072    0.5     0.1039
   1073    0.5     0.1162
   1074    0.5     0.1208
   1075    0.5     0.1279
   1076    0.5     0.0993
   1077    0.5     0.1016
   1078    0.5     0.1424
   1079    0.5     0.1022
   1080    0.5     0.1290
   1081    0.5     0.1714
   1082    0.5     0.1290
   1083    0.5     0.1278
   1084    0.5     0.1456
   1085    0.5     0.1321
   1086    0.5     0.1199
   1087    0.5     0.1081
   1088    0.5     0.1231
   1089    0.5     0.1267
   1090    0.5     0.1445
   1091    0.5     0.1535
   1092    0.5     0.1285
   1093    0.5     0.1520
   1094    0.5     0.1192
   1095    0.5     0.1157
   1096    0.5     0.1124
   1097    0.5     0.1447
   1098    0.5     0.1114
   1099    0.5     0.1009
   1100    0.5     0.1162
   1101    0.5     0.1176
   1102    0.5     0.1167
   1103    0.5     0.1193
   1104    0.5     0.1400
   1105    0.5     0.1332
   1106    0.5     0.1594
   1107    0.5     0.1992
   1108    0.5     0.2173
   1109    0.5     0.2205
   1110    0.5     0.2205
   1111    0.5     0.1827
   1112    0.5     0.1278
   1113    0.5     0.1474
   1114    0.5     0.1462
   1115    0.5     0.1395
   1116    0.5     0.1222
   1117    0.5     0.1265
   1118    0.5     0.1350
   1119    0.5     0.1268
   1120    0.5     0.1645
   1121    0.5     0.1464
   1122    0.5     0.1480
   1123    0.5     0.1428
   1124    0.5     0.1321
   1125    0.5     0.1443
   1126    0.5     0.1113
   1127    0.5     0.1346
   1128    0.5     0.1672
   1129    0.5     0.1320
   1130    0.5     0.1179
   1131    0.5     0.1201
   1132    0.5     0.1438
   1133    0.5     0.1464
   1134    0.5     0.1393
   1135    0.5     0.1384
   1136    0.5     0.2196
   1137    0.5     0.2205
   1138    0.5     0.2205
   1139    0.5     0.2205
   1140    0.5     0.2061
   1141    0.5     0.1884
   1142    0.5     0.2009
   1143    0.5     0.1962
   1144    0.5     0.1750
   1145    0.5     0.2205
   1146    0.5     0.1725
   1147    0.5     0.1430
   1148    0.5     0.1414
   1149    0.5     0.1389
   1150    0.5     0.1396
   1151    0.5     0.1280
   1152    0.5     0.1275
   1153    0.5     0.1177
   1154    0.5     0.1212
   1155    0.5     0.1226
   1156    0.5     0.1480
   1157    0.5     0.1043
   1158    0.5     0.1676
   1159    0.5     0.1312
   1160    0.5     0.1187
   1161    0.5     0.1413
   1162    0.5     0.1727
   1163    0.5     0.1993
   1164    0.5     0.1832
   1165    0.5     0.1698
   1166    0.5     0.1477
   1167    0.5     0.1341
   1168    0.5     0.1195
   1169    0.5     0.1030
   1170    0.5     0.1170
   1171    0.5     0.1294
   1172    0.5     0.1143
   1173    0.5     0.1732
   1174    0.5     0.1150
   1175    0.5     0.0899
   1176    0.5     0.1124
   1177    0.5     0.1327
   1178    0.5     0.1200
   1179    0.5     0.1678
   1180    0.5     0.1318
   1181    0.5     0.1716
   1182    0.5     0.1003
   1183    0.5     0.0929
   1184    0.5     0.1052
   1185    0.5     0.0974
   1186    0.5     0.1460
   1187    0.5     0.1775
   1188    0.5     0.1784
   1189    0.5     0.1659
   1190    0.5     0.1620
   1191    0.5     0.1488
   1192    0.5     0.1519
   1193    0.5     0.1502
   1194    0.5     0.1436
   1195    0.5     0.1721
   1196    0.5     0.1806
   1197    0.5     0.1454
   1198    0.5     0.1417
   1199    0.5     0.1734
   1200    0.5     0.1486
   1201    0.5     0.1080
   1202    0.5     0.1068
   1203    0.5     0.1056
   1204    0.5     0.1893
   1205    0.5     0.1370
   1206    0.5     0.1235
   1207    0.5     0.1106
   1208    0.5     0.0890
   1209    0.5     0.0953
   1210    0.5     0.1435
   1211    0.5     0.1829
   1212    0.5     0.1515
   1213    0.5     0.1348
   1214    0.5     0.1624
   1215    0.5     0.1818
   1216    0.5     0.1802
   1217    0.5     0.1795
   1218    0.5     0.1795
   1219    0.5     0.1685
   1220    0.5     0.1457
   1221    0.5     0.1381
   1222    0.5     0.1261
   1223    0.5     0.1046
   1224    0.5     0.1024
   1225    0.5     0.1252
   1226    0.5     0.1327
   1227    0.5     0.1424
   1228    0.5     0.1382
   1229    0.5     0.1365
   1230    0.5     0.1234
   1231    0.5     0.1642
   1232    0.5     0.1770
   1233    0.5     0.1626
   1234    0.5     0.1606
   1235    0.5     0.1425
   1236    0.5     0.1374
   1237    0.5     0.1266
   1238    0.5     0.1301
   1239    0.5     0.1155
   1240    0.5     0.1241
   1241    0.5     0.1219
   1242    0.5     0.1231
   1243    0.5     0.1423
   1244    0.5     0.1302
   1245    0.5     0.1235
   1246    0.5     0.1259
   1247    0.5     0.1539
   1248    0.5     0.1440
   1249    0.5     0.1429
   1250    0.5     0.1267
   1251    0.5     0.1219
   1252    0.5     0.1060
   1253    0.5     0.1021
   1254    0.5     0.1114
   1255    0.5     0.1237
   1256    0.5     0.1261
   1257    0.5     0.1239
   1258    0.5     0.1283
   1259    0.5     0.1143
   1260    0.5     0.1293
   1261    0.5     0.1154
   1262    0.5     0.1252
   1263    0.5     0.1237
   1264    0.5     0.1532
   1265    0.5     0.1283
   1266    0.5     0.1170
   1267    0.5     0.1288
   1268    0.5     0.1245
   1269    0.5     0.1521
   1270    0.5     0.1401
   1271    0.5     0.1306
   1272    0.5     0.0929
   1273    0.5     0.0859
   1274    0.5     0.0920
   1275    0.5     0.1114
   1276    0.5     0.1236
   1277    0.5     0.1217
   1278    0.5     0.0883
   1279    0.5     0.1116
   1280    0.5     0.1275
   1281    0.5     0.1571
   1282    0.5     0.1390
   1283    0.5     0.1335
   1284    0.5     0.1065
   1285    0.5     0.0858
   1286    0.5     0.0905
   1287    0.5     0.1008
   1288    0.5     0.1085
   1289    0.5     0.1205
   1290    0.5     0.0851
   1291    0.5     0.1255
   1292    0.5     0.1240
   1293    0.5     0.1562
   1294    0.5     0.1487
   1295    0.5     0.1371
   1296    0.5     0.1364
   1297    0.5     0.1419
   1298    0.5     0.1237
   1299    0.5     0.1048
   1300    0.5     0.1003
   1301    0.5     0.1001
   1302    0.5     0.1192
   1303    0.5     0.0790
   1304    0.5     0.0806
   1305    0.5     0.0848
   1306    0.5     0.1467
   1307    0.5     0.1421
   1308    0.5     0.1126
   1309    0.5     0.1157
   1310    0.5     0.0847
   1311    0.5     0.1072
   1312    0.5     0.1045
   1313    0.5     0.1065
   1314    0.5     0.0847
   1315    0.5     0.0841
   1316    0.5     0.0877
   1317    0.5     0.0883
   1318    0.5     0.1332
   1319    0.5     0.1404
   1320    0.5     0.1080
   1321    0.5     0.0750
   1322    0.5     0.0693
   1323    0.5     0.0771
   1324    0.5     0.0871
   1325    0.5     0.1115
   1326    0.5     0.1147
   1327    0.5     0.1103
   1328    0.5     0.0764
   1329    0.5     0.1087
   1330    0.5     0.1047
   1331    0.5     0.0928
   1332    0.5     0.0738
   1333    0.5     0.0817
   1334    0.5     0.0855
   1335    0.5     0.1202
   1336    0.5     0.1149
   1337    0.5     0.0747
   1338    0.5     0.0869
   1339    0.5     0.0871
   1340    0.5     0.0761
   1341    0.5     0.0889
   1342    0.5     0.1359
   1343    0.5     0.1168
   1344    0.5     0.1090
   1345    0.5     0.0944
   1346    0.5     0.0872
   1347    0.5     0.0917
   1348    0.5     0.0865
   1349    0.5     0.0856
   1350    0.5     0.0864
   1351    0.5     0.0868
   1352    0.5     0.1932
   1353    0.5     0.1476
   1354    0.5     0.1253
   1355    0.5     0.0854
   1356    0.5     0.0963
   1357    0.5     0.1175
   1358    0.5     0.0871
   1359    0.5     0.0761
   1360    0.5     0.0686
   1361    0.5     0.0864
   1362    0.5     0.1074
   1363    0.5     0.1478
   1364    0.5     0.1641
   1365    0.5     0.1681
   1366    0.5     0.1611
   1367    0.5     0.1323
   1368    0.5     0.1072
   1369    0.5     0.0831
   1370    0.5     0.0882
   1371    0.5     0.0727
   1372    0.5     0.0658
   1373    0.5     0.0892
   1374    0.5     0.1205
   1375    0.5     0.1219
   1376    0.5     0.0756
   1377    0.5     0.0741
   1378    0.5     0.0761
   1379    0.5     0.0747
   1380    0.5     0.1098
   1381    0.5     0.1051
   1382    0.5     0.0888
   1383    0.5     0.0707
   1384    0.5     0.0938
   1385    0.5     0.0792
   1386    0.5     0.0806
   1387    0.5     0.0780
   1388    0.5     0.0916
   1389    0.5     0.0965
   1390    0.5     0.0727
   1391    0.5     0.0818
   1392    0.5     0.0880
