C*******************************************************************************
C
C                  INTEGRATED WATER FLOW MODEL (IWFM)
C
C*******************************************************************************
C
C                    RICE AND REFUGE LANDS DATA FILE
C                         Root Zone Component
C                         *** Version 4.13 ***
C
C             Project:  C2VSim Coarse Grid (C2VSimCG)
C                       California Central Valley Groundwater-Surface Water Simulation Model
C             Filename: C2VSimCG_PondedCrop.dat
C             Version:  C2VSimCG v2025
C
C*******************************************************************************
C
C  California Central Valley Groundwater-Surface Water Flow Model - Coarse Grid (C2VSimCG)
C  Copyright (C) 2003-2025
C  State of California, Department of Water Resources 
C
C  This model is free: you can redistribute it and/or modify it 
C  under the terms of the GNU General Public License as published 
C  by the Free Software Foundation, either version 3 of the License, 
C  or (at your option) any later version.
C
C  This model is distributed in the hope that it will be useful, but  
C  WITHOUT ANY WARRANTY; without even the implied warranty of MERCHANTABILITY
C  or FITNESS FOR A PARTICULAR PURPOSE. See the GNU General Public 
C  License for more details.
C
C  You should have received a copy of the GNU General Public License 
C  along with this model. If not, see (https://www.gnu.org/licenses/).
C
C  For technical support, e-mail: IWFMtechsupport@water.ca.gov 
C
C*******************************************************************************
C                          File Description
C
C   This data file contains the parameters and data file names for the simulation
C   of root zone processes and managament of lands with rice and refuge.
C
C*******************************************************************************
C            Number of Ponded Crops and Crop Codes
C
C   NRICE    ;  Number of rice categories 
C   NREFUGE  ;  Number of refuge categories
C   CCODE    ;  Crop codes (max. 10 characters)
C               (1 to NRICE + NREFUGE)
C             * Note: First rice category codes must be listed, 
C                     then refuge category codes
C   LUFLNP   ;  File that lists the crop areas (max. 1000 characters)
C
C--------------------------------------------------------------------------------
C   VALUE                                           DESCRIPTION
C--------------------------------------------------------------------------------
 3                                                  / NRICE
 2                                                  / NREFUGE
 RICE_FL                                            / CCODE[1]
 RICE_NFL                                           / CCODE[2]
 RICE_NDC                                           / CCODE[3]
 REFUGE_SL                                          / CCODE[4]
 REFUGE_PR                                          / CCODE[5]
 RootZone\C2VSimCG_PondedCrop_Area.dat              / LUFLP
C*******************************************************************************
C                      Water Budget Output Files
C
C   NBCROP   ;  Number of ponded crops for water budget output
C                * Enter 0 if crop specific budget output is not required
C   BCCODE   ;  Crop codes for which water budget output is required
C                (1 to NBCROP)
C   CLWUBUDFL;  HDF5 output file for land and water use budget at each 
C                  subregion for selected crops (max. 1000 characters)
C                * Leave blank if this output is not required
C   CRZBUDFL ;  HDF5 output file for root zone moisture budget at each
C                  subregion for selected crops (max. 1000 characters)
C                * Leave blank if this output is not required
C
C--------------------------------------------------------------------------------
C   VALUE                 DESCRIPTION
C--------------------------------------------------------------------------------
      0                                                 / NBCROP
*     RICE_FL                                           / BCCODE[1]
*     RICE_NFL                                          / BCCODE[2]
*     RICE_NDC                                          / BCCODE[3]
*     REFUGE_SL                                         / BCCODE[4]
*     REFUGE_PR                                         / BCCODE[5]
                                                        / CLWUBUDFL
                                                        / CRZBUDFL
C*******************************************************************************
C                              Rooting Depths 
C
C   FACT  ;  Conversion factor for rice and refuge root zone depths 
C   ROOT  ;  Root zone depth; [L]
C             * List the root zone depths in the same order as the crop 
C               codes (CCODE) are listed above; first for rice categories, 
C               then for refuge categories
C
C--------------------------------------------------------------------------------
C   VALUE                 DESCRIPTION
C--------------------------------------------------------------------------------
    1.0                      / FACT
C--------------------------------------------------------------------------------
C   ROOT
C--------------------------------------------------------------------------------
      2.0                 / ROOT_RI_FL
      2.0                 / ROOT_RI_NFL
      2.0                 / ROOT_RI_NDC
      2.0                 / ROOT_RF_SL
      2.0                 / ROOT_RF_PR
C*******************************************************************************
C                    Curve Numbers for Rainfall Runoff Simulation 
C
C   Enter curve numbers for each grid element and rice/refuge combination.
C
C   IE  ; Element ID (Enter 0 if following values are to be used for all element
C          and ponded crop combinations)
C   CN  ; Curve number for each ponded crop (1 to NRICE + NREFUGE)
C          * List the CN values in the same order as the crop 
C            codes (CCODE) are listed above; first for rice categories, 
C            then for refuge categories
C          * CN for rice and refuge should be entered for the type of 
C            soil and land cover during non-ponding season. During the  
C            ponding season CN=100 will be used.
C
C-----------------------------------------------------------------------------------------------------------------------------
C    IE         CNRI_FL                CNRI_NFL                CNRI_NDC                 CNRF_SL                 CNRF_PR
C-----------------------------------------------------------------------------------------------------------------------------
      1   2.6441616E+01           2.6441616E+01           2.6441616E+01           2.6115177E+01           2.6115177E+01
      2   2.6462846E+01           2.6462846E+01           2.6462846E+01           2.6136144E+01           2.6136144E+01
      3   2.6435244E+01           2.6435244E+01           2.6435244E+01           2.6108883E+01           2.6108883E+01
      4   2.6417622E+01           2.6417622E+01           2.6417622E+01           2.6091479E+01           2.6091479E+01
      5   2.6443283E+01           2.6443283E+01           2.6443283E+01           2.6116822E+01           2.6116822E+01
      6   2.6422446E+01           2.6422446E+01           2.6422446E+01           2.6096243E+01           2.6096243E+01
      7   2.6400554E+01           2.6400554E+01           2.6400554E+01           2.6074622E+01           2.6074622E+01
      8   2.6413881E+01           2.6413881E+01           2.6413881E+01           2.6087784E+01           2.6087784E+01
      9   2.6406441E+01           2.6406441E+01           2.6406441E+01           2.6080435E+01           2.6080435E+01
     10   2.7365256E+01           2.7365256E+01           2.7365256E+01           2.7365256E+01           2.7365256E+01
     11   2.6350000E+01           2.6350000E+01           2.6350000E+01           2.6024691E+01           2.6024691E+01
     12   2.6372075E+01           2.6372075E+01           2.6372075E+01           2.6046494E+01           2.6046494E+01
     13   2.3777107E+01           2.3777107E+01           2.3777107E+01           2.2799965E+01           2.2799965E+01
     14   2.6393025E+01           2.6393025E+01           2.6393025E+01           2.6067185E+01           2.6067185E+01
     15   2.6386269E+01           2.6386269E+01           2.6386269E+01           2.6060513E+01           2.6060513E+01
     16   2.6376890E+01           2.6376890E+01           2.6376890E+01           2.6051249E+01           2.6051249E+01
     17   2.6327300E+01           2.6327300E+01           2.6327300E+01           2.6002271E+01           2.6002271E+01
     18   2.6348160E+01           2.6348160E+01           2.6348160E+01           2.6022874E+01           2.6022874E+01
     19   2.6362499E+01           2.6362499E+01           2.6362499E+01           2.6037036E+01           2.6037036E+01
     20   2.3761607E+01           2.3761607E+01           2.3761607E+01           2.2785103E+01           2.2785103E+01
     21   2.6365221E+01           2.6365221E+01           2.6365221E+01           2.6039724E+01           2.6039724E+01
     22   2.7261463E+01           2.7261463E+01           2.7261463E+01           2.6924901E+01           2.6924901E+01
     23   2.6450712E+01           2.6450712E+01           2.6450712E+01           2.6124160E+01           2.6124160E+01
     24   2.6629420E+01           2.6629420E+01           2.6629420E+01           2.6300662E+01           2.6300662E+01
     25   2.6966025E+01           2.6966025E+01           2.6966025E+01           2.6633111E+01           2.6633111E+01
     26   2.7474334E+01           2.7474334E+01           2.7474334E+01           2.7135145E+01           2.7135145E+01
     27   2.6348088E+01           2.6348088E+01           2.6348088E+01           2.6022803E+01           2.6022803E+01
     28   2.8162817E+01           2.8162817E+01           2.8162817E+01           2.7815128E+01           2.7815128E+01
     29   2.7319468E+01           2.7319468E+01           2.7319468E+01           2.7319468E+01           2.7319468E+01
     30   2.7670555E+01           2.7670555E+01           2.7670555E+01           2.7328943E+01           2.7328943E+01
     31   2.6827703E+01           2.6827703E+01           2.6827703E+01           2.6496497E+01           2.6496497E+01
     32   2.6709524E+01           2.6709524E+01           2.6709524E+01           2.6379777E+01           2.6379777E+01
     33   2.7009954E+01           2.7009954E+01           2.7009954E+01           2.6676498E+01           2.6676498E+01
     34   2.7459949E+01           2.7459949E+01           2.7459949E+01           2.7120937E+01           2.7120937E+01
     35   2.7642781E+01           2.7642781E+01           2.7642781E+01           2.7301512E+01           2.7301512E+01
     36   2.7965042E+01           2.7965042E+01           2.7965042E+01           2.7619795E+01           2.7619795E+01
     37   2.8079425E+01           2.8079425E+01           2.8079425E+01           2.7732766E+01           2.7732766E+01
     38   2.7297520E+01           2.7297520E+01           2.7297520E+01           2.6960513E+01           2.6960513E+01
     39   2.7152763E+01           2.7152763E+01           2.7152763E+01           2.6817544E+01           2.6817544E+01
     40   2.6922022E+01           2.6922022E+01           2.6922022E+01           2.6589651E+01           2.6589651E+01
     41   2.7041097E+01           2.7041097E+01           2.7041097E+01           2.6707257E+01           2.6707257E+01
     42   2.8173712E+01           2.8173712E+01           2.8173712E+01           2.8173712E+01           2.8173712E+01
     43   2.8308596E+01           2.8308596E+01           2.8308596E+01           2.8308596E+01           2.8308596E+01
     44   2.8236562E+01           2.8236562E+01           2.8236562E+01           2.7887962E+01           2.7887962E+01
     45   2.8446928E+01           2.8446928E+01           2.8446928E+01           2.8446928E+01           2.8446928E+01
     46   2.8412276E+01           2.8412276E+01           2.8412276E+01           2.8061507E+01           2.8061507E+01
     47   2.8415274E+01           2.8415274E+01           2.8415274E+01           2.8415274E+01           2.8415274E+01
     48   2.7935200E+01           2.7935200E+01           2.7935200E+01           2.7935200E+01           2.7935200E+01
     49   2.7679105E+01           2.7679105E+01           2.7679105E+01           2.7679105E+01           2.7679105E+01
     50   2.7682815E+01           2.7682815E+01           2.7682815E+01           2.7682815E+01           2.7682815E+01
     51   2.7848646E+01           2.7848646E+01           2.7848646E+01           2.7848646E+01           2.7848646E+01
     52   2.8228339E+01           2.8228339E+01           2.8228339E+01           2.8228339E+01           2.8228339E+01
     53   2.8245776E+01           2.8245776E+01           2.8245776E+01           2.8245776E+01           2.8245776E+01
     54   2.7486467E+01           2.7486467E+01           2.7486467E+01           2.7147128E+01           2.7147128E+01
     55   2.6879264E+01           2.6879264E+01           2.6879264E+01           2.6547421E+01           2.6547421E+01
     56   2.7603612E+01           2.7603612E+01           2.7603612E+01           2.7603612E+01           2.7603612E+01
     57   2.7618320E+01           2.7618320E+01           2.7618320E+01           2.7618320E+01           2.7618320E+01
     58   2.7839538E+01           2.7839538E+01           2.7839538E+01           2.7839538E+01           2.7839538E+01
     59   2.8122522E+01           2.8122522E+01           2.8122522E+01           2.8122522E+01           2.8122522E+01
     60   2.6681031E+01           2.6681031E+01           2.6681031E+01           2.6351636E+01           2.6351636E+01
     61   2.6467081E+01           2.6467081E+01           2.6467081E+01           2.6140327E+01           2.6140327E+01
     62   2.6408018E+01           2.6408018E+01           2.6408018E+01           2.6081993E+01           2.6081993E+01
     63   2.6739559E+01           2.6739559E+01           2.6739559E+01           2.6409441E+01           2.6409441E+01
     64   2.6835661E+01           2.6835661E+01           2.6835661E+01           2.6504357E+01           2.6504357E+01
     65   2.6876562E+01           2.6876562E+01           2.6876562E+01           2.6544753E+01           2.6544753E+01
     66   2.6376226E+01           2.6376226E+01           2.6376226E+01           2.6050593E+01           2.6050593E+01
     67   2.7275688E+01           2.7275688E+01           2.7275688E+01           2.7275688E+01           2.7275688E+01
     68   2.6296917E+01           2.6296917E+01           2.6296917E+01           2.5972264E+01           2.5972264E+01
     69   2.6426803E+01           2.6426803E+01           2.6426803E+01           2.6100546E+01           2.6100546E+01
     70   2.4033672E+01           2.4033672E+01           2.4033672E+01           2.3045987E+01           2.3045987E+01
     71   2.6750811E+01           2.6750811E+01           2.6750811E+01           2.6420554E+01           2.6420554E+01
     72   2.6386739E+01           2.6386739E+01           2.6386739E+01           2.6060977E+01           2.6060977E+01
     73   2.6551170E+01           2.6551170E+01           2.6551170E+01           2.6223378E+01           2.6223378E+01
     74   2.6671597E+01           2.6671597E+01           2.6671597E+01           2.6342318E+01           2.6342318E+01
     75   2.6344666E+01           2.6344666E+01           2.6344666E+01           2.6019423E+01           2.6019423E+01
     76   2.6296917E+01           2.6296917E+01           2.6296917E+01           2.5972264E+01           2.5972264E+01
     77   2.6341509E+01           2.6341509E+01           2.6341509E+01           2.6016305E+01           2.6016305E+01
     78   2.7372237E+01           2.7372237E+01           2.7372237E+01           2.7372237E+01           2.7372237E+01
     79   2.9497307E+01           2.9497307E+01           2.9497307E+01           2.9133143E+01           2.9133143E+01
     80   2.9568126E+01           2.9568126E+01           2.9568126E+01           2.9203088E+01           2.9203088E+01
     81   2.8382502E+01           2.8382502E+01           2.8382502E+01           2.8032101E+01           2.8032101E+01
     82   2.6640895E+01           2.6640895E+01           2.6640895E+01           2.6311995E+01           2.6311995E+01
     83   2.6296917E+01           2.6296917E+01           2.6296917E+01           2.5972264E+01           2.5972264E+01
     84   2.6296917E+01           2.6296917E+01           2.6296917E+01           2.5972264E+01           2.5972264E+01
     85   2.7291387E+01           2.7291387E+01           2.7291387E+01           2.7291387E+01           2.7291387E+01
     86   3.4142935E+01           3.4142935E+01           3.4142935E+01           3.3721417E+01           3.3721417E+01
     87   2.9742310E+01           2.9742310E+01           2.9742310E+01           2.8520023E+01           2.8520023E+01
     88   2.9815668E+01           2.9815668E+01           2.9815668E+01           2.9447574E+01           2.9447574E+01
     89   2.6852272E+01           2.6852272E+01           2.6852272E+01           2.6520762E+01           2.6520762E+01
     90   2.6296917E+01           2.6296917E+01           2.6296917E+01           2.5972264E+01           2.5972264E+01
     91   2.6296917E+01           2.6296917E+01           2.6296917E+01           2.5972264E+01           2.5972264E+01
     92   2.6430549E+01           2.6430549E+01           2.6430549E+01           2.6104246E+01           2.6104246E+01
     93   3.3687149E+01           3.3687149E+01           3.3687149E+01           3.3271258E+01           3.3271258E+01
     94   3.2118587E+01           3.2118587E+01           3.2118587E+01           3.1722061E+01           3.1722061E+01
     95   2.7172639E+01           2.7172639E+01           2.7172639E+01           2.6837174E+01           2.6837174E+01
     96   2.7047483E+01           2.7047483E+01           2.7047483E+01           2.6713563E+01           2.6713563E+01
     97   2.6802321E+01           2.6802321E+01           2.6802321E+01           2.6471428E+01           2.6471428E+01
     98   2.7655508E+01           2.7655508E+01           2.7655508E+01           2.7655508E+01           2.7655508E+01
     99   3.8169961E+01           3.8169961E+01           3.8169961E+01           3.8169961E+01           3.8169961E+01
    100   3.7001450E+01           3.7001450E+01           3.7001450E+01           3.6544642E+01           3.6544642E+01
    101   3.7216787E+01           3.7216787E+01           3.7216787E+01           3.7216787E+01           3.7216787E+01
    102   3.1849853E+01           3.1849853E+01           3.1849853E+01           3.1456645E+01           3.1456645E+01
    103   2.9402047E+01           2.9402047E+01           2.9402047E+01           2.9039059E+01           2.9039059E+01
    104   2.4874622E+01           2.4874622E+01           2.4874622E+01           2.3852377E+01           2.3852377E+01
    105   2.6944386E+01           2.6944386E+01           2.6944386E+01           2.6611739E+01           2.6611739E+01
    106   4.1372944E+01           4.1372944E+01           4.1372944E+01           4.0862167E+01           4.0862167E+01
    107   4.2582431E+01           4.2582431E+01           4.2582431E+01           4.2056722E+01           4.2056722E+01
    108   4.2907946E+01           4.2907946E+01           4.2907946E+01           4.2907946E+01           4.2907946E+01
    109   3.7961978E+01           3.7961978E+01           3.7961978E+01           3.7493312E+01           3.7493312E+01
    110   3.2583515E+01           3.2583515E+01           3.2583515E+01           3.2181249E+01           3.2181249E+01
    111   2.9693886E+01           2.9693886E+01           2.9693886E+01           2.9327294E+01           2.9327294E+01
    112   2.5389523E+01           2.5389523E+01           2.5389523E+01           2.4346118E+01           2.4346118E+01
    113   2.1040655E+01           2.1040655E+01           2.1040655E+01           1.7936296E+01           1.7936296E+01
    114   2.7615019E+01           2.7615019E+01           2.7615019E+01           2.7274093E+01           2.7274093E+01
    115   2.8035039E+01           2.8035039E+01           2.8035039E+01           2.8035039E+01           2.8035039E+01
    116   2.6865902E+01           2.6865902E+01           2.6865902E+01           2.6534224E+01           2.6534224E+01
    117   2.6972830E+01           2.6972830E+01           2.6972830E+01           2.6639832E+01           2.6639832E+01
    118   2.7752145E+01           2.7752145E+01           2.7752145E+01           2.7752145E+01           2.7752145E+01
    119   2.3856649E+01           2.3856649E+01           2.3856649E+01           2.2876239E+01           2.2876239E+01
    120   2.3794003E+01           2.3794003E+01           2.3794003E+01           2.2816167E+01           2.2816167E+01
    121   4.9501061E+01           4.9501061E+01           4.9501061E+01           4.8889937E+01           4.8889937E+01
    122   5.1468153E+01           5.1468153E+01           5.1468153E+01           5.1468153E+01           5.1468153E+01
    123   5.1234104E+01           5.1234104E+01           5.1234104E+01           5.0601584E+01           5.0601584E+01
    124   5.1996769E+01           5.1996769E+01           5.1996769E+01           5.1996769E+01           5.1996769E+01
    125   3.9191544E+01           3.9191544E+01           3.9191544E+01           3.7580933E+01           3.7580933E+01
    126   3.1927877E+01           3.1927877E+01           3.1927877E+01           3.0615772E+01           3.0615772E+01
    127   2.9450989E+01           2.9450989E+01           2.9450989E+01           2.9087396E+01           2.9087396E+01
    128   2.6582958E+01           2.6582958E+01           2.6582958E+01           2.6254773E+01           2.6254773E+01
    129   2.6906324E+01           2.6906324E+01           2.6906324E+01           2.6574147E+01           2.6574147E+01
    130   2.3836177E+01           2.3836177E+01           2.3836177E+01           2.2856608E+01           2.2856608E+01
    131   2.6320682E+01           2.6320682E+01           2.6320682E+01           2.5995736E+01           2.5995736E+01
    132   2.6296917E+01           2.6296917E+01           2.6296917E+01           2.5972264E+01           2.5972264E+01
    133   2.3699691E+01           2.3699691E+01           2.3699691E+01           2.2725731E+01           2.2725731E+01
    134   2.6296917E+01           2.6296917E+01           2.6296917E+01           2.5972264E+01           2.5972264E+01
    135   2.3743709E+01           2.3743709E+01           2.3743709E+01           2.2767940E+01           2.2767940E+01
    136   2.7589242E+01           2.7589242E+01           2.7589242E+01           2.7589242E+01           2.7589242E+01
    137   5.6953866E+01           5.6953866E+01           5.6953866E+01           5.6250732E+01           5.6250732E+01
    138   6.3300737E+01           6.3300737E+01           6.3300737E+01           6.3300737E+01           6.3300737E+01
    139   6.8483362E+01           6.8483362E+01           6.8483362E+01           6.8483362E+01           6.8483362E+01
    140   5.2988044E+01           5.2988044E+01           5.2988044E+01           5.2333870E+01           5.2333870E+01
    141   4.0790237E+01           4.0790237E+01           4.0790237E+01           4.0286653E+01           4.0286653E+01
    142   3.7734120E+01           3.7734120E+01           3.7734120E+01           3.7268267E+01           3.7268267E+01
    143   3.0643781E+01           3.0643781E+01           3.0643781E+01           3.0265463E+01           3.0265463E+01
    144   2.7014302E+01           2.7014302E+01           2.7014302E+01           2.6680792E+01           2.6680792E+01
    145   2.6296917E+01           2.6296917E+01           2.6296917E+01           2.5972264E+01           2.5972264E+01
    146   2.3699691E+01           2.3699691E+01           2.3699691E+01           2.2725731E+01           2.2725731E+01
    147   2.7270877E+01           2.7270877E+01           2.7270877E+01           2.7270877E+01           2.7270877E+01
    148   2.7270877E+01           2.7270877E+01           2.7270877E+01           2.7270877E+01           2.7270877E+01
    149   2.7509679E+01           2.7509679E+01           2.7509679E+01           2.7509679E+01           2.7509679E+01
    150   2.7210905E+01           2.7210905E+01           2.7210905E+01           2.6874968E+01           2.6874968E+01
    151   2.7357264E+01           2.7357264E+01           2.7357264E+01           2.7019520E+01           2.7019520E+01
    152   2.7687161E+01           2.7687161E+01           2.7687161E+01           2.7687161E+01           2.7687161E+01
    153   2.7940916E+01           2.7940916E+01           2.7940916E+01           2.7940916E+01           2.7940916E+01
    154   2.7088746E+01           2.7088746E+01           2.7088746E+01           2.6754317E+01           2.6754317E+01
    155   2.4555490E+01           2.4555490E+01           2.4555490E+01           2.3546360E+01           2.3546360E+01
    156   3.2829629E+01           3.2829629E+01           3.2829629E+01           3.2424325E+01           3.2424325E+01
    157   2.9774304E+01           2.9774304E+01           2.9774304E+01           2.9406720E+01           2.9406720E+01
    158   2.7578904E+01           2.7578904E+01           2.7578904E+01           2.7238424E+01           2.7238424E+01
    159   2.6331087E+01           2.6331087E+01           2.6331087E+01           2.6006012E+01           2.6006012E+01
    160   2.7270877E+01           2.7270877E+01           2.7270877E+01           2.7270877E+01           2.7270877E+01
    161   2.7287279E+01           2.7287279E+01           2.7287279E+01           2.7287279E+01           2.7287279E+01
    162   2.7371592E+01           2.7371592E+01           2.7371592E+01           2.7371592E+01           2.7371592E+01
    163   2.7466452E+01           2.7466452E+01           2.7466452E+01           2.7466452E+01           2.7466452E+01
    164   2.3909520E+01           2.3909520E+01           2.3909520E+01           2.2926937E+01           2.2926937E+01
    165   2.6884802E+01           2.6884802E+01           2.6884802E+01           2.6552891E+01           2.6552891E+01
    166   6.1750425E+01           6.1750425E+01           6.1750425E+01           6.1750425E+01           6.1750425E+01
    167   5.1587073E+01           5.1587073E+01           5.1587073E+01           5.0950196E+01           5.0950196E+01
    168   4.1352917E+01           4.1352917E+01           4.1352917E+01           4.0842387E+01           4.0842387E+01
    169   3.3336637E+01           3.3336637E+01           3.3336637E+01           3.2925073E+01           3.2925073E+01
    170   3.1121514E+01           3.1121514E+01           3.1121514E+01           3.1121514E+01           3.1121514E+01
    171   2.9125524E+01           2.9125524E+01           2.9125524E+01           2.8765949E+01           2.8765949E+01
    172   2.8479136E+01           2.8479136E+01           2.8479136E+01           2.8479136E+01           2.8479136E+01
    173   2.6438711E+01           2.6438711E+01           2.6438711E+01           2.6112307E+01           2.6112307E+01
    174   2.7270877E+01           2.7270877E+01           2.7270877E+01           2.7270877E+01           2.7270877E+01
    175   2.7270877E+01           2.7270877E+01           2.7270877E+01           2.7270877E+01           2.7270877E+01
    176   2.7270877E+01           2.7270877E+01           2.7270877E+01           2.7270877E+01           2.7270877E+01
    177   2.7270877E+01           2.7270877E+01           2.7270877E+01           2.7270877E+01           2.7270877E+01
    178   2.3700050E+01           2.3700050E+01           2.3700050E+01           2.2726076E+01           2.2726076E+01
    179   2.6747186E+01           2.6747186E+01           2.6747186E+01           2.6416973E+01           2.6416973E+01
    180   4.8278417E+01           4.8278417E+01           4.8278417E+01           4.7682387E+01           4.7682387E+01
    181   3.9917601E+01           3.9917601E+01           3.9917601E+01           3.9424791E+01           3.9424791E+01
    182   3.1743497E+01           3.1743497E+01           3.1743497E+01           3.1351602E+01           3.1351602E+01
    183   2.7688831E+01           2.7688831E+01           2.7688831E+01           2.7688831E+01           2.7688831E+01
    184   2.9249059E+01           2.9249059E+01           2.9249059E+01           2.9249059E+01           2.9249059E+01
    185   2.9227971E+01           2.9227971E+01           2.9227971E+01           2.9227971E+01           2.9227971E+01
    186   2.8598849E+01           2.8598849E+01           2.8598849E+01           2.8598849E+01           2.8598849E+01
    187   2.8006771E+01           2.8006771E+01           2.8006771E+01           2.8006771E+01           2.8006771E+01
    188   2.6405712E+01           2.6405712E+01           2.6405712E+01           2.6079716E+01           2.6079716E+01
    189   2.7296079E+01           2.7296079E+01           2.7296079E+01           2.7296079E+01           2.7296079E+01
    190   2.7270877E+01           2.7270877E+01           2.7270877E+01           2.7270877E+01           2.7270877E+01
    191   2.7270877E+01           2.7270877E+01           2.7270877E+01           2.7270877E+01           2.7270877E+01
    192   2.7270877E+01           2.7270877E+01           2.7270877E+01           2.7270877E+01           2.7270877E+01
    193   2.7270877E+01           2.7270877E+01           2.7270877E+01           2.7270877E+01           2.7270877E+01
    194   2.3735750E+01           2.3735750E+01           2.3735750E+01           2.2760308E+01           2.2760308E+01
    195   2.6635380E+01           2.6635380E+01           2.6635380E+01           2.6306548E+01           2.6306548E+01
    196   2.6891203E+01           2.6891203E+01           2.6891203E+01           2.6559213E+01           2.6559213E+01
    197   2.8396259E+01           2.8396259E+01           2.8396259E+01           2.8045688E+01           2.8045688E+01
    198   2.8808934E+01           2.8808934E+01           2.8808934E+01           2.8808934E+01           2.8808934E+01
    199   2.8890811E+01           2.8890811E+01           2.8890811E+01           2.8890811E+01           2.8890811E+01
    200   2.8799249E+01           2.8799249E+01           2.8799249E+01           2.8799249E+01           2.8799249E+01
    201   2.8398441E+01           2.8398441E+01           2.8398441E+01           2.8398441E+01           2.8398441E+01
    202   3.0519048E+01           3.0519048E+01           3.0519048E+01           3.0142269E+01           3.0142269E+01
    203   2.9387868E+01           2.9387868E+01           2.9387868E+01           2.9025055E+01           2.9025055E+01
    204   2.8739530E+01           2.8739530E+01           2.8739530E+01           2.8384721E+01           2.8384721E+01
    205   2.9557808E+01           2.9557808E+01           2.9557808E+01           2.9557808E+01           2.9557808E+01
    206   2.9330478E+01           2.9330478E+01           2.9330478E+01           2.9330478E+01           2.9330478E+01
    207   2.6959060E+01           2.6959060E+01           2.6959060E+01           2.6626232E+01           2.6626232E+01
    208   2.7599009E+01           2.7599009E+01           2.7599009E+01           2.7599009E+01           2.7599009E+01
    209   2.7364011E+01           2.7364011E+01           2.7364011E+01           2.7364011E+01           2.7364011E+01
    210   2.7270877E+01           2.7270877E+01           2.7270877E+01           2.7270877E+01           2.7270877E+01
    211   2.7270877E+01           2.7270877E+01           2.7270877E+01           2.7270877E+01           2.7270877E+01
    212   2.7397005E+01           2.7397005E+01           2.7397005E+01           2.7397005E+01           2.7397005E+01
    213   2.7270877E+01           2.7270877E+01           2.7270877E+01           2.7270877E+01           2.7270877E+01
    214   2.6296917E+01           2.6296917E+01           2.6296917E+01           2.5972264E+01           2.5972264E+01
    215   2.6314809E+01           2.6314809E+01           2.6314809E+01           2.5989934E+01           2.5989934E+01
    216   2.6544732E+01           2.6544732E+01           2.6544732E+01           2.6217020E+01           2.6217020E+01
    217   3.2566384E+01           3.2566384E+01           3.2566384E+01           3.2164330E+01           3.2164330E+01
    218   3.1443064E+01           3.1443064E+01           3.1443064E+01           3.1054878E+01           3.1054878E+01
    219   3.1309081E+01           3.1309081E+01           3.1309081E+01           3.1309081E+01           3.1309081E+01
    220   3.5285980E+01           3.5285980E+01           3.5285980E+01           3.4850350E+01           3.4850350E+01
    221   3.5372568E+01           3.5372568E+01           3.5372568E+01           3.5372568E+01           3.5372568E+01
    222   3.2936441E+01           3.2936441E+01           3.2936441E+01           3.2936441E+01           3.2936441E+01
    223   3.1336206E+01           3.1336206E+01           3.1336206E+01           3.1336206E+01           3.1336206E+01
    224   2.8889587E+01           2.8889587E+01           2.8889587E+01           2.8532925E+01           2.8532925E+01
    225   2.7744538E+01           2.7744538E+01           2.7744538E+01           2.7402013E+01           2.7402013E+01
    226   2.7988473E+01           2.7988473E+01           2.7988473E+01           2.7988473E+01           2.7988473E+01
    227   2.6517517E+01           2.6517517E+01           2.6517517E+01           2.6190141E+01           2.6190141E+01
    228   2.6296917E+01           2.6296917E+01           2.6296917E+01           2.5972264E+01           2.5972264E+01
    229   2.6296917E+01           2.6296917E+01           2.6296917E+01           2.5972264E+01           2.5972264E+01
    230   2.6318896E+01           2.6318896E+01           2.6318896E+01           2.5993971E+01           2.5993971E+01
    231   2.6392086E+01           2.6392086E+01           2.6392086E+01           2.6066258E+01           2.6066258E+01
    232   2.7356883E+01           2.7356883E+01           2.7356883E+01           2.7356883E+01           2.7356883E+01
    233   3.8876759E+01           3.8876759E+01           3.8876759E+01           3.8396799E+01           3.8396799E+01
    234   3.8871618E+01           3.8871618E+01           3.8871618E+01           3.8871618E+01           3.8871618E+01
    235   3.5891406E+01           3.5891406E+01           3.5891406E+01           3.5891406E+01           3.5891406E+01
    236   3.3664541E+01           3.3664541E+01           3.3664541E+01           3.3664541E+01           3.3664541E+01
    237   3.0190662E+01           3.0190662E+01           3.0190662E+01           2.9817938E+01           2.9817938E+01
    238   2.8151411E+01           2.8151411E+01           2.8151411E+01           2.7803863E+01           2.7803863E+01
    239   2.8185001E+01           2.8185001E+01           2.8185001E+01           2.8185001E+01           2.8185001E+01
    240   2.6599482E+01           2.6599482E+01           2.6599482E+01           2.6271094E+01           2.6271094E+01
    241   4.3474099E+01           4.3474099E+01           4.3474099E+01           4.2937382E+01           4.2937382E+01
    242   4.2253751E+01           4.2253751E+01           4.2253751E+01           4.2253751E+01           4.2253751E+01
    243   4.0042161E+01           4.0042161E+01           4.0042161E+01           4.0042161E+01           4.0042161E+01
    244   3.5551341E+01           3.5551341E+01           3.5551341E+01           3.5551341E+01           3.5551341E+01
    245   3.0727805E+01           3.0727805E+01           3.0727805E+01           3.0348449E+01           3.0348449E+01
    246   2.8466000E+01           2.8466000E+01           2.8466000E+01           2.8114568E+01           2.8114568E+01
    247   2.7030365E+01           2.7030365E+01           2.7030365E+01           2.6696657E+01           2.6696657E+01
    248   2.6409331E+01           2.6409331E+01           2.6409331E+01           2.6083289E+01           2.6083289E+01
    249   2.6296917E+01           2.6296917E+01           2.6296917E+01           2.5972264E+01           2.5972264E+01
    250   2.6296917E+01           2.6296917E+01           2.6296917E+01           2.5972264E+01           2.5972264E+01
    251   2.6296917E+01           2.6296917E+01           2.6296917E+01           2.5972264E+01           2.5972264E+01
    252   2.6296917E+01           2.6296917E+01           2.6296917E+01           2.5972264E+01           2.5972264E+01
    253   4.8143071E+01           4.8143071E+01           4.8143071E+01           4.7548712E+01           4.7548712E+01
    254   4.5198974E+01           4.5198974E+01           4.5198974E+01           4.5198974E+01           4.5198974E+01
    255   4.0375622E+01           4.0375622E+01           4.0375622E+01           3.9877158E+01           3.9877158E+01
    256   3.5921126E+01           3.5921126E+01           3.5921126E+01           3.5477656E+01           3.5477656E+01
    257   3.4432952E+01           3.4432952E+01           3.4432952E+01           3.4432952E+01           3.4432952E+01
    258   3.2391192E+01           3.2391192E+01           3.2391192E+01           3.2391192E+01           3.2391192E+01
    259   2.9279581E+01           2.9279581E+01           2.9279581E+01           2.8918104E+01           2.8918104E+01
    260   2.4183813E+01           2.4183813E+01           2.4183813E+01           2.3189957E+01           2.3189957E+01
    261   4.6049241E+01           4.6049241E+01           4.6049241E+01           4.5480732E+01           4.5480732E+01
    262   4.2027950E+01           4.2027950E+01           4.2027950E+01           4.1509087E+01           4.1509087E+01
    263   3.7816934E+01           3.7816934E+01           3.7816934E+01           3.7816934E+01           3.7816934E+01
    264   3.4751283E+01           3.4751283E+01           3.4751283E+01           3.4751283E+01           3.4751283E+01
    265   3.1675190E+01           3.1675190E+01           3.1675190E+01           3.1284138E+01           3.1284138E+01
    266   2.9724474E+01           2.9724474E+01           2.9724474E+01           2.9357505E+01           2.9357505E+01
    267   2.7425769E+01           2.7425769E+01           2.7425769E+01           2.7087179E+01           2.7087179E+01
    268   2.6388052E+01           2.6388052E+01           2.6388052E+01           2.6062274E+01           2.6062274E+01
    269   2.7333539E+01           2.7333539E+01           2.7333539E+01           2.6996088E+01           2.6996088E+01
    270   2.6879971E+01           2.6879971E+01           2.6879971E+01           2.6548119E+01           2.6548119E+01
    271   2.7569928E+01           2.7569928E+01           2.7569928E+01           2.7569928E+01           2.7569928E+01
    272   2.6296917E+01           2.6296917E+01           2.6296917E+01           2.5972264E+01           2.5972264E+01
    273   4.2899530E+01           4.2899530E+01           4.2899530E+01           4.2369906E+01           4.2369906E+01
    274   3.9913275E+01           3.9913275E+01           3.9913275E+01           3.9420518E+01           3.9420518E+01
    275   3.4646702E+01           3.4646702E+01           3.4646702E+01           3.4218965E+01           3.4218965E+01
    276   3.0951829E+01           3.0951829E+01           3.0951829E+01           3.0569707E+01           3.0569707E+01
    277   2.8862415E+01           2.8862415E+01           2.8862415E+01           2.8506089E+01           2.8506089E+01
    278   2.7547610E+01           2.7547610E+01           2.7547610E+01           2.7207516E+01           2.7207516E+01
    279   2.7692499E+01           2.7692499E+01           2.7692499E+01           2.7692499E+01           2.7692499E+01
    280   2.7419571E+01           2.7419571E+01           2.7419571E+01           2.7419571E+01           2.7419571E+01
    281   2.6377184E+01           2.6377184E+01           2.6377184E+01           2.6051539E+01           2.6051539E+01
    282   2.3699691E+01           2.3699691E+01           2.3699691E+01           2.2725731E+01           2.2725731E+01
    283   2.6296917E+01           2.6296917E+01           2.6296917E+01           2.5972264E+01           2.5972264E+01
    284   4.0207850E+01           4.0207850E+01           4.0207850E+01           3.9711457E+01           3.9711457E+01
    285   3.7629261E+01           3.7629261E+01           3.7629261E+01           3.7164703E+01           3.7164703E+01
    286   3.4231176E+01           3.4231176E+01           3.4231176E+01           3.3808569E+01           3.3808569E+01
    287   3.3086190E+01           3.3086190E+01           3.3086190E+01           3.2677718E+01           3.2677718E+01
    288   3.0521724E+01           3.0521724E+01           3.0521724E+01           3.0144913E+01           3.0144913E+01
    289   3.0366052E+01           3.0366052E+01           3.0366052E+01           3.0366052E+01           3.0366052E+01
    290   2.9153560E+01           2.9153560E+01           2.9153560E+01           2.9153560E+01           2.9153560E+01
    291   2.7103083E+01           2.7103083E+01           2.7103083E+01           2.6768477E+01           2.6768477E+01
    292   2.7502591E+01           2.7502591E+01           2.7502591E+01           2.7502591E+01           2.7502591E+01
    293   2.6457531E+01           2.6457531E+01           2.6457531E+01           2.6130895E+01           2.6130895E+01
    294   2.6522492E+01           2.6522492E+01           2.6522492E+01           2.6195054E+01           2.6195054E+01
    295   2.6532620E+01           2.6532620E+01           2.6532620E+01           2.6205057E+01           2.6205057E+01
    296   2.7458339E+01           2.7458339E+01           2.7458339E+01           2.7458339E+01           2.7458339E+01
    297   2.7680518E+01           2.7680518E+01           2.7680518E+01           2.7680518E+01           2.7680518E+01
    298   3.3928517E+01           3.3928517E+01           3.3928517E+01           3.3509647E+01           3.3509647E+01
    299   3.1593599E+01           3.1593599E+01           3.1593599E+01           3.1203554E+01           3.1203554E+01
    300   2.9778956E+01           2.9778956E+01           2.9778956E+01           2.9411314E+01           2.9411314E+01
    301   2.9656998E+01           2.9656998E+01           2.9656998E+01           2.9656998E+01           2.9656998E+01
    302   2.7126986E+01           2.7126986E+01           2.7126986E+01           2.6792085E+01           2.6792085E+01
    303   2.7518695E+01           2.7518695E+01           2.7518695E+01           2.7518695E+01           2.7518695E+01
    304   2.6535936E+01           2.6535936E+01           2.6535936E+01           2.6208332E+01           2.6208332E+01
    305   2.6624727E+01           2.6624727E+01           2.6624727E+01           2.6296027E+01           2.6296027E+01
    306   2.6583087E+01           2.6583087E+01           2.6583087E+01           2.6254901E+01           2.6254901E+01
    307   2.7531224E+01           2.7531224E+01           2.7531224E+01           2.7531224E+01           2.7531224E+01
    308   2.7779812E+01           2.7779812E+01           2.7779812E+01           2.7779812E+01           2.7779812E+01
    309   3.0786132E+01           3.0786132E+01           3.0786132E+01           3.0406057E+01           3.0406057E+01
    310   3.0903064E+01           3.0903064E+01           3.0903064E+01           3.0903064E+01           3.0903064E+01
    311   2.9219950E+01           2.9219950E+01           2.9219950E+01           2.8859210E+01           2.8859210E+01
    312   2.8934167E+01           2.8934167E+01           2.8934167E+01           2.8576955E+01           2.8576955E+01
    313   2.9598936E+01           2.9598936E+01           2.9598936E+01           2.9598936E+01           2.9598936E+01
    314   2.8367147E+01           2.8367147E+01           2.8367147E+01           2.8016936E+01           2.8016936E+01
    315   2.8738276E+01           2.8738276E+01           2.8738276E+01           2.8738276E+01           2.8738276E+01
    316   2.8284456E+01           2.8284456E+01           2.8284456E+01           2.8284456E+01           2.8284456E+01
    317   2.6992652E+01           2.6992652E+01           2.6992652E+01           2.6659410E+01           2.6659410E+01
    318   2.6790731E+01           2.6790731E+01           2.6790731E+01           2.6459981E+01           2.6459981E+01
    319   2.6685501E+01           2.6685501E+01           2.6685501E+01           2.6356051E+01           2.6356051E+01
    320   2.6630442E+01           2.6630442E+01           2.6630442E+01           2.6301671E+01           2.6301671E+01
    321   2.7979540E+01           2.7979540E+01           2.7979540E+01           2.7979540E+01           2.7979540E+01
    322   2.7856058E+01           2.7856058E+01           2.7856058E+01           2.7512157E+01           2.7512157E+01
    323   2.8548840E+01           2.8548840E+01           2.8548840E+01           2.8196385E+01           2.8196385E+01
    324   3.0146243E+01           3.0146243E+01           3.0146243E+01           3.0146243E+01           3.0146243E+01
    325   2.9546938E+01           2.9546938E+01           2.9546938E+01           2.9182161E+01           2.9182161E+01
    326   2.9447247E+01           2.9447247E+01           2.9447247E+01           2.9083700E+01           2.9083700E+01
    327   2.8913831E+01           2.8913831E+01           2.8913831E+01           2.8556870E+01           2.8556870E+01
    328   2.9685271E+01           2.9685271E+01           2.9685271E+01           2.9685271E+01           2.9685271E+01
    329   2.5280954E+01           2.5280954E+01           2.5280954E+01           2.4242010E+01           2.4242010E+01
    330   2.5115438E+01           2.5115438E+01           2.5115438E+01           2.4083297E+01           2.4083297E+01
    331   2.4927334E+01           2.4927334E+01           2.4927334E+01           2.3902923E+01           2.3902923E+01
    332   2.7181129E+01           2.7181129E+01           2.7181129E+01           2.6845560E+01           2.6845560E+01
    333   2.6844381E+01           2.6844381E+01           2.6844381E+01           2.6512968E+01           2.6512968E+01
    334   2.6700798E+01           2.6700798E+01           2.6700798E+01           2.6371159E+01           2.6371159E+01
    335   2.7690521E+01           2.7690521E+01           2.7690521E+01           2.7690521E+01           2.7690521E+01
    336   2.8437481E+01           2.8437481E+01           2.8437481E+01           2.8086401E+01           2.8086401E+01
    337   3.0629168E+01           3.0629168E+01           3.0629168E+01           3.0251031E+01           3.0251031E+01
    338   3.0774490E+01           3.0774490E+01           3.0774490E+01           3.0394559E+01           3.0394559E+01
    339   3.0379470E+01           3.0379470E+01           3.0379470E+01           3.0004415E+01           3.0004415E+01
    340   2.9778496E+01           2.9778496E+01           2.9778496E+01           2.9410860E+01           2.9410860E+01
    341   2.6255294E+01           2.6255294E+01           2.6255294E+01           2.5176309E+01           2.5176309E+01
    342   2.8529136E+01           2.8529136E+01           2.8529136E+01           2.8176924E+01           2.8176924E+01
    343   2.7894834E+01           2.7894834E+01           2.7894834E+01           2.7550453E+01           2.7550453E+01
    344   2.7680976E+01           2.7680976E+01           2.7680976E+01           2.7339236E+01           2.7339236E+01
    345   2.8180138E+01           2.8180138E+01           2.8180138E+01           2.8180138E+01           2.8180138E+01
    346   2.7717029E+01           2.7717029E+01           2.7717029E+01           2.7717029E+01           2.7717029E+01
    347   2.6538666E+01           2.6538666E+01           2.6538666E+01           2.6211028E+01           2.6211028E+01
    348   3.2128766E+01           3.2128766E+01           3.2128766E+01           3.1732115E+01           3.1732115E+01
    349   2.9014438E+01           2.9014438E+01           2.9014438E+01           2.7822064E+01           2.7822064E+01
    350   3.2693459E+01           3.2693459E+01           3.2693459E+01           3.2289836E+01           3.2289836E+01
    351   3.1265080E+01           3.1265080E+01           3.1265080E+01           3.0879092E+01           3.0879092E+01
    352   3.0261823E+01           3.0261823E+01           3.0261823E+01           2.9888221E+01           2.9888221E+01
    353   2.9379496E+01           2.9379496E+01           2.9379496E+01           2.9016786E+01           2.9016786E+01
    354   3.2111921E+01           3.2111921E+01           3.2111921E+01           3.1715478E+01           3.1715478E+01
    355   3.3916241E+01           3.3916241E+01           3.3916241E+01           3.3497522E+01           3.3497522E+01
    356   3.4650995E+01           3.4650995E+01           3.4650995E+01           3.4223205E+01           3.4223205E+01
    357   3.6068231E+01           3.6068231E+01           3.6068231E+01           3.6068231E+01           3.6068231E+01
    358   3.5709436E+01           3.5709436E+01           3.5709436E+01           3.5709436E+01           3.5709436E+01
    359   3.3316587E+01           3.3316587E+01           3.3316587E+01           3.2905271E+01           3.2905271E+01
    360   3.3479503E+01           3.3479503E+01           3.3479503E+01           3.3479503E+01           3.3479503E+01
    361   3.1911947E+01           3.1911947E+01           3.1911947E+01           3.1911947E+01           3.1911947E+01
    362   2.9499986E+01           2.9499986E+01           2.9499986E+01           2.9135788E+01           2.9135788E+01
    363   2.8693612E+01           2.8693612E+01           2.8693612E+01           2.8339370E+01           2.8339370E+01
    364   2.9904442E+01           2.9904442E+01           2.9904442E+01           2.9904442E+01           2.9904442E+01
    365   2.9251203E+01           2.9251203E+01           2.9251203E+01           2.9251203E+01           2.9251203E+01
    366   2.8727368E+01           2.8727368E+01           2.8727368E+01           2.8727368E+01           2.8727368E+01
    367   2.7383968E+01           2.7383968E+01           2.7383968E+01           2.7045895E+01           2.7045895E+01
    368   2.8472889E+01           2.8472889E+01           2.8472889E+01           2.8472889E+01           2.8472889E+01
    369   3.0085455E+01           3.0085455E+01           3.0085455E+01           3.0085455E+01           3.0085455E+01
    370   3.0287806E+01           3.0287806E+01           3.0287806E+01           3.0287806E+01           3.0287806E+01
    371   2.9361018E+01           2.9361018E+01           2.9361018E+01           2.9361018E+01           2.9361018E+01
    372   2.9468518E+01           2.9468518E+01           2.9468518E+01           2.9468518E+01           2.9468518E+01
    373   2.9032469E+01           2.9032469E+01           2.9032469E+01           2.9032469E+01           2.9032469E+01
    374   2.8878820E+01           2.8878820E+01           2.8878820E+01           2.8878820E+01           2.8878820E+01
    375   3.4364103E+01           3.4364103E+01           3.4364103E+01           3.4364103E+01           3.4364103E+01
    376   3.2494083E+01           3.2494083E+01           3.2494083E+01           3.2494083E+01           3.2494083E+01
    377   3.0975203E+01           3.0975203E+01           3.0975203E+01           3.0975203E+01           3.0975203E+01
    378   3.3595253E+01           3.3595253E+01           3.3595253E+01           3.3180497E+01           3.3180497E+01
    379   3.1859086E+01           3.1859086E+01           3.1859086E+01           3.1465764E+01           3.1465764E+01
    380   3.0226265E+01           3.0226265E+01           3.0226265E+01           2.9853101E+01           2.9853101E+01
    381   3.0527800E+01           3.0527800E+01           3.0527800E+01           3.0150913E+01           3.0150913E+01
    382   3.0101989E+01           3.0101989E+01           3.0101989E+01           3.0101989E+01           3.0101989E+01
    383   2.9045899E+01           2.9045899E+01           2.9045899E+01           2.9045899E+01           2.9045899E+01
    384   3.0131530E+01           3.0131530E+01           3.0131530E+01           2.9759536E+01           2.9759536E+01
    385   2.7967461E+01           2.7967461E+01           2.7967461E+01           2.7622184E+01           2.7622184E+01
    386   2.5496376E+01           2.5496376E+01           2.5496376E+01           2.4448579E+01           2.4448579E+01
    387   2.6865324E+01           2.6865324E+01           2.6865324E+01           2.5761269E+01           2.5761269E+01
    388   3.2175590E+01           3.2175590E+01           3.2175590E+01           3.1778361E+01           3.1778361E+01
    389   3.2145266E+01           3.2145266E+01           3.2145266E+01           3.1748410E+01           3.1748410E+01
    390   2.4376067E+01           2.4376067E+01           2.4376067E+01           2.0779598E+01           2.0779598E+01
    391   2.7722576E+01           2.7722576E+01           2.7722576E+01           2.6583292E+01           2.6583292E+01
    392   3.3960763E+01           3.3960763E+01           3.3960763E+01           3.3541495E+01           3.3541495E+01
    393   3.4115880E+01           3.4115880E+01           3.4115880E+01           3.3694696E+01           3.3694696E+01
    394   3.2550877E+01           3.2550877E+01           3.2550877E+01           3.1213170E+01           3.1213170E+01
    395   3.1244882E+01           3.1244882E+01           3.1244882E+01           2.9960846E+01           2.9960846E+01
    396   3.8714851E+01           3.8714851E+01           3.8714851E+01           3.8236890E+01           3.8236890E+01
    397   3.2156363E+01           3.2156363E+01           3.2156363E+01           3.0834869E+01           3.0834869E+01
    398   3.9436483E+01           3.9436483E+01           3.9436483E+01           3.8949613E+01           3.8949613E+01
    399   4.5397806E+01           4.5397806E+01           4.5397806E+01           4.5397806E+01           4.5397806E+01
    400   4.4190385E+01           4.4190385E+01           4.4190385E+01           4.4190385E+01           4.4190385E+01
    401   4.8270977E+01           4.8270977E+01           4.8270977E+01           4.8270977E+01           4.8270977E+01
    402   3.3265984E+01           3.3265984E+01           3.3265984E+01           3.2855293E+01           3.2855293E+01
    403   3.5893131E+01           3.5893131E+01           3.5893131E+01           3.5450006E+01           3.5450006E+01
    404   3.7043547E+01           3.7043547E+01           3.7043547E+01           3.6586220E+01           3.6586220E+01
    405   3.7219211E+01           3.7219211E+01           3.7219211E+01           3.6759714E+01           3.6759714E+01
    406   3.6818878E+01           3.6818878E+01           3.6818878E+01           3.6364324E+01           3.6364324E+01
    407   3.6822246E+01           3.6822246E+01           3.6822246E+01           3.6822246E+01           3.6822246E+01
    408   3.4605187E+01           3.4605187E+01           3.4605187E+01           3.4177962E+01           3.4177962E+01
    409   3.9731916E+01           3.9731916E+01           3.9731916E+01           3.9241398E+01           3.9241398E+01
    410   4.0810134E+01           4.0810134E+01           4.0810134E+01           4.0306305E+01           4.0306305E+01
    411   4.0657634E+01           4.0657634E+01           4.0657634E+01           4.0155688E+01           4.0155688E+01
    412   3.6009771E+01           3.6009771E+01           3.6009771E+01           3.4529917E+01           3.4529917E+01
    413   3.4820167E+01           3.4820167E+01           3.4820167E+01           3.3389201E+01           3.3389201E+01
    414   3.8472550E+01           3.8472550E+01           3.8472550E+01           3.8472550E+01           3.8472550E+01
    415   3.5962047E+01           3.5962047E+01           3.5962047E+01           3.5518071E+01           3.5518071E+01
    416   3.5694146E+01           3.5694146E+01           3.5694146E+01           3.5253478E+01           3.5253478E+01
    417   3.6203522E+01           3.6203522E+01           3.6203522E+01           3.5756565E+01           3.5756565E+01
    418   3.7953570E+01           3.7953570E+01           3.7953570E+01           3.7485008E+01           3.7485008E+01
    419   4.2181245E+01           4.2181245E+01           4.2181245E+01           4.1660489E+01           4.1660489E+01
    420   4.6246202E+01           4.6246202E+01           4.6246202E+01           4.5675261E+01           4.5675261E+01
    421   5.1832249E+01           5.1832249E+01           5.1832249E+01           5.1192344E+01           5.1192344E+01
    422   5.0848149E+01           5.0848149E+01           5.0848149E+01           5.0220394E+01           5.0220394E+01
    423   4.4919121E+01           4.4919121E+01           4.4919121E+01           4.4364564E+01           4.4364564E+01
    424   4.8018040E+01           4.8018040E+01           4.8018040E+01           4.7425225E+01           4.7425225E+01
    425   4.6714912E+01           4.6714912E+01           4.6714912E+01           4.6138185E+01           4.6138185E+01
    426   4.4874785E+01           4.4874785E+01           4.4874785E+01           4.4320775E+01           4.4320775E+01
    427   4.2712510E+01           4.2712510E+01           4.2712510E+01           4.2185195E+01           4.2185195E+01
    428   4.0201344E+01           4.0201344E+01           4.0201344E+01           3.9705031E+01           3.9705031E+01
    429   3.8435492E+01           3.8435492E+01           3.8435492E+01           3.7960980E+01           3.7960980E+01
    430   3.8665574E+01           3.8665574E+01           3.8665574E+01           3.8665574E+01           3.8665574E+01
    431   3.8087354E+01           3.8087354E+01           3.8087354E+01           3.8087354E+01           3.8087354E+01
    432   3.7367128E+01           3.7367128E+01           3.7367128E+01           3.6905805E+01           3.6905805E+01
    433   3.9308821E+01           3.9308821E+01           3.9308821E+01           3.8823527E+01           3.8823527E+01
    434   4.3185104E+01           4.3185104E+01           4.3185104E+01           4.2651954E+01           4.2651954E+01
    435   4.7487310E+01           4.7487310E+01           4.7487310E+01           4.6901047E+01           4.6901047E+01
    436   4.7011242E+01           4.7011242E+01           4.7011242E+01           4.6430856E+01           4.6430856E+01
    437   5.8427264E+01           5.8427264E+01           5.8427264E+01           5.8427264E+01           5.8427264E+01
    438   5.8432345E+01           5.8432345E+01           5.8432345E+01           5.8432345E+01           5.8432345E+01
    439   5.2206009E+01           5.2206009E+01           5.2206009E+01           5.2206009E+01           5.2206009E+01
    440   5.6341977E+01           5.6341977E+01           5.6341977E+01           5.6341977E+01           5.6341977E+01
    441   5.3193077E+01           5.3193077E+01           5.3193077E+01           5.2536372E+01           5.2536372E+01
    442   4.8968628E+01           4.8968628E+01           4.8968628E+01           4.8364077E+01           4.8364077E+01
    443   4.4453872E+01           4.4453872E+01           4.4453872E+01           4.3905059E+01           4.3905059E+01
    444   4.1277971E+01           4.1277971E+01           4.1277971E+01           4.0768367E+01           4.0768367E+01
    445   4.0323947E+01           4.0323947E+01           4.0323947E+01           3.9826121E+01           3.9826121E+01
    446   3.9131629E+01           3.9131629E+01           3.9131629E+01           3.8648523E+01           3.8648523E+01
    447   3.9353694E+01           3.9353694E+01           3.9353694E+01           3.9353694E+01           3.9353694E+01
    448   3.8471743E+01           3.8471743E+01           3.8471743E+01           3.8471743E+01           3.8471743E+01
    449   3.8211674E+01           3.8211674E+01           3.8211674E+01           3.8211674E+01           3.8211674E+01
    450   3.7321949E+01           3.7321949E+01           3.7321949E+01           3.6861184E+01           3.6861184E+01
    451   3.8669939E+01           3.8669939E+01           3.8669939E+01           3.8192533E+01           3.8192533E+01
    452   3.9777973E+01           3.9777973E+01           3.9777973E+01           3.9286887E+01           3.9286887E+01
    453   4.1897557E+01           4.1897557E+01           4.1897557E+01           4.1380303E+01           4.1380303E+01
    454   4.2261010E+01           4.2261010E+01           4.2261010E+01           4.1739269E+01           4.1739269E+01
    455   4.3082141E+01           4.3082141E+01           4.3082141E+01           4.3082141E+01           4.3082141E+01
    456   4.6901577E+01           4.6901577E+01           4.6901577E+01           4.6901577E+01           4.6901577E+01
    457   5.3528910E+01           5.3528910E+01           5.3528910E+01           5.3528910E+01           5.3528910E+01
    458   5.2137835E+01           5.2137835E+01           5.2137835E+01           5.2137835E+01           5.2137835E+01
    459   4.6228739E+01           4.6228739E+01           4.6228739E+01           4.6228739E+01           4.6228739E+01
    460   4.7975052E+01           4.7975052E+01           4.7975052E+01           4.7975052E+01           4.7975052E+01
    461   4.4730598E+01           4.4730598E+01           4.4730598E+01           4.4730598E+01           4.4730598E+01
    462   6.3852793E+01           6.3852793E+01           6.3852793E+01           6.3064487E+01           6.3064487E+01
    463   5.8080094E+01           5.8080094E+01           5.8080094E+01           5.7363056E+01           5.7363056E+01
    464   5.0569818E+01           5.0569818E+01           5.0569818E+01           4.9945500E+01           4.9945500E+01
    465   4.5264792E+01           4.5264792E+01           4.5264792E+01           4.4705967E+01           4.4705967E+01
    466   4.3768029E+01           4.3768029E+01           4.3768029E+01           4.3227683E+01           4.3227683E+01
    467   4.0182391E+01           4.0182391E+01           4.0182391E+01           3.9686312E+01           3.9686312E+01
    468   3.9036620E+01           3.9036620E+01           3.9036620E+01           3.9036620E+01           3.9036620E+01
    469   3.7797723E+01           3.7797723E+01           3.7797723E+01           3.7797723E+01           3.7797723E+01
    470   3.7229983E+01           3.7229983E+01           3.7229983E+01           3.7229983E+01           3.7229983E+01
    471   3.5861831E+01           3.5861831E+01           3.5861831E+01           3.5419093E+01           3.5419093E+01
    472   3.5750687E+01           3.5750687E+01           3.5750687E+01           3.5309320E+01           3.5309320E+01
    473   3.7161130E+01           3.7161130E+01           3.7161130E+01           3.6702351E+01           3.6702351E+01
    474   3.7681234E+01           3.7681234E+01           3.7681234E+01           3.7216034E+01           3.7216034E+01
    475   3.7384101E+01           3.7384101E+01           3.7384101E+01           3.6922569E+01           3.6922569E+01
    476   3.8444864E+01           3.8444864E+01           3.8444864E+01           3.7970236E+01           3.7970236E+01
    477   4.1109051E+01           4.1109051E+01           4.1109051E+01           4.1109051E+01           4.1109051E+01
    478   3.9940126E+01           3.9940126E+01           3.9940126E+01           3.9940126E+01           3.9940126E+01
    479   4.1060379E+01           4.1060379E+01           4.1060379E+01           4.1060379E+01           4.1060379E+01
    480   5.8736166E+01           5.8736166E+01           5.8736166E+01           5.8736166E+01           5.8736166E+01
    481   5.5019379E+01           5.5019379E+01           5.5019379E+01           5.5019379E+01           5.5019379E+01
    482   5.5662600E+01           5.5662600E+01           5.5662600E+01           5.5662600E+01           5.5662600E+01
    483   4.8744084E+01           4.8744084E+01           4.8744084E+01           4.8744084E+01           4.8744084E+01
    484   4.3210842E+01           4.3210842E+01           4.3210842E+01           4.3210842E+01           4.3210842E+01
    485   3.7726965E+01           3.7726965E+01           3.7726965E+01           3.7261200E+01           3.7261200E+01
    486   3.6845916E+01           3.6845916E+01           3.6845916E+01           3.6845916E+01           3.6845916E+01
    487   3.5064949E+01           3.5064949E+01           3.5064949E+01           3.4632048E+01           3.4632048E+01
    488   3.3471242E+01           3.3471242E+01           3.3471242E+01           3.3471242E+01           3.3471242E+01
    489   3.4093161E+01           3.4093161E+01           3.4093161E+01           3.4093161E+01           3.4093161E+01
    490   3.5568748E+01           3.5568748E+01           3.5568748E+01           3.5568748E+01           3.5568748E+01
    491   3.1393932E+01           3.1393932E+01           3.1393932E+01           3.1393932E+01           3.1393932E+01
    492   3.3692889E+01           3.3692889E+01           3.3692889E+01           3.3692889E+01           3.3692889E+01
    493   3.0831505E+01           3.0831505E+01           3.0831505E+01           3.0450869E+01           3.0450869E+01
    494   3.2956183E+01           3.2956183E+01           3.2956183E+01           3.2549317E+01           3.2549317E+01
    495   4.5898743E+01           4.5898743E+01           4.5898743E+01           4.5332092E+01           4.5332092E+01
    496   4.7847866E+01           4.7847866E+01           4.7847866E+01           4.7847866E+01           4.7847866E+01
    497   4.6656107E+01           4.6656107E+01           4.6656107E+01           4.6656107E+01           4.6656107E+01
    498   4.2339190E+01           4.2339190E+01           4.2339190E+01           4.2339190E+01           4.2339190E+01
    499   4.1030651E+01           4.1030651E+01           4.1030651E+01           4.1030651E+01           4.1030651E+01
    500   3.5581017E+01           3.5581017E+01           3.5581017E+01           3.5141745E+01           3.5141745E+01
    501   3.7750859E+01           3.7750859E+01           3.7750859E+01           3.7750859E+01           3.7750859E+01
    502   3.2772326E+01           3.2772326E+01           3.2772326E+01           3.2367730E+01           3.2367730E+01
    503   3.1627229E+01           3.1627229E+01           3.1627229E+01           3.1627229E+01           3.1627229E+01
    504   2.9127545E+01           2.9127545E+01           2.9127545E+01           2.9127545E+01           2.9127545E+01
    505   2.8588455E+01           2.8588455E+01           2.8588455E+01           2.8588455E+01           2.8588455E+01
    506   2.7305753E+01           2.7305753E+01           2.7305753E+01           2.6968645E+01           2.6968645E+01
    507   2.8266484E+01           2.8266484E+01           2.8266484E+01           2.8266484E+01           2.8266484E+01
    508   2.5114001E+01           2.5114001E+01           2.5114001E+01           2.4081918E+01           2.4081918E+01
    509   2.6067317E+01           2.6067317E+01           2.6067317E+01           2.4996057E+01           2.4996057E+01
    510   2.7298758E+01           2.7298758E+01           2.7298758E+01           2.6961737E+01           2.6961737E+01
    511   3.2859830E+01           3.2859830E+01           3.2859830E+01           3.2859830E+01           3.2859830E+01
    512   3.6042511E+01           3.6042511E+01           3.6042511E+01           3.6042511E+01           3.6042511E+01
    513   2.1960802E+01           2.1960802E+01           2.1960802E+01           1.8720684E+01           1.8720684E+01
    514   2.7913410E+01           2.7913410E+01           2.7913410E+01           2.6766284E+01           2.6766284E+01
    515   2.9135496E+01           2.9135496E+01           2.9135496E+01           2.7938147E+01           2.7938147E+01
    516   3.3607627E+01           3.3607627E+01           3.3607627E+01           3.3192718E+01           3.3192718E+01
    517   3.5595920E+01           3.5595920E+01           3.5595920E+01           3.5595920E+01           3.5595920E+01
    518   3.6334172E+01           3.6334172E+01           3.6334172E+01           3.6334172E+01           3.6334172E+01
    519   3.8148728E+01           3.8148728E+01           3.8148728E+01           3.8148728E+01           3.8148728E+01
    520   2.7472658E+01           2.7472658E+01           2.7472658E+01           2.7133489E+01           2.7133489E+01
    521   2.5394126E+01           2.5394126E+01           2.5394126E+01           2.4350532E+01           2.4350532E+01
    522   2.1434018E+01           2.1434018E+01           2.1434018E+01           1.8271622E+01           1.8271622E+01
    523   2.2318339E+01           2.2318339E+01           2.2318339E+01           1.9025470E+01           1.9025470E+01
    524   3.0128747E+01           3.0128747E+01           3.0128747E+01           2.9756787E+01           2.9756787E+01
    525   2.9356907E+01           2.9356907E+01           2.9356907E+01           2.8994476E+01           2.8994476E+01
    526   2.7712410E+01           2.7712410E+01           2.7712410E+01           2.7712410E+01           2.7712410E+01
    527   3.0975465E+01           3.0975465E+01           3.0975465E+01           3.0975465E+01           3.0975465E+01
    528   3.2902544E+01           3.2902544E+01           3.2902544E+01           3.2496340E+01           3.2496340E+01
    529   3.5995710E+01           3.5995710E+01           3.5995710E+01           3.5995710E+01           3.5995710E+01
    530   3.2927856E+01           3.2927856E+01           3.2927856E+01           3.2927856E+01           3.2927856E+01
    531   3.4161008E+01           3.4161008E+01           3.4161008E+01           3.4161008E+01           3.4161008E+01
    532   3.3187684E+01           3.3187684E+01           3.3187684E+01           3.2777960E+01           3.2777960E+01
    533   3.9232330E+01           3.9232330E+01           3.9232330E+01           3.9232330E+01           3.9232330E+01
    534   3.8128682E+01           3.8128682E+01           3.8128682E+01           3.8128682E+01           3.8128682E+01
    535   3.7284383E+01           3.7284383E+01           3.7284383E+01           3.7284383E+01           3.7284383E+01
    536   3.5995755E+01           3.5995755E+01           3.5995755E+01           3.5995755E+01           3.5995755E+01
    537   3.3390477E+01           3.3390477E+01           3.3390477E+01           3.2978249E+01           3.2978249E+01
    538   3.2896917E+01           3.2896917E+01           3.2896917E+01           3.2490782E+01           3.2490782E+01
    539   3.1615506E+01           3.1615506E+01           3.1615506E+01           3.1225191E+01           3.1225191E+01
    540   3.1427312E+01           3.1427312E+01           3.1427312E+01           3.1427312E+01           3.1427312E+01
    541   3.0528054E+01           3.0528054E+01           3.0528054E+01           3.0528054E+01           3.0528054E+01
    542   2.7877610E+01           2.7877610E+01           2.7877610E+01           2.7533442E+01           2.7533442E+01
    543   2.7157216E+01           2.7157216E+01           2.7157216E+01           2.6821942E+01           2.6821942E+01
    544   2.6960079E+01           2.6960079E+01           2.6960079E+01           2.6627239E+01           2.6627239E+01
    545   2.6713659E+01           2.6713659E+01           2.6713659E+01           2.6383860E+01           2.6383860E+01
    546   2.7482426E+01           2.7482426E+01           2.7482426E+01           2.7143137E+01           2.7143137E+01
    547   2.8625660E+01           2.8625660E+01           2.8625660E+01           2.8272257E+01           2.8272257E+01
    548   2.8894727E+01           2.8894727E+01           2.8894727E+01           2.8538002E+01           2.8538002E+01
    549   2.8967711E+01           2.8967711E+01           2.8967711E+01           2.8610085E+01           2.8610085E+01
    550   3.1046960E+01           3.1046960E+01           3.1046960E+01           3.1046960E+01           3.1046960E+01
    551   3.1648100E+01           3.1648100E+01           3.1648100E+01           3.1648100E+01           3.1648100E+01
    552   2.8826737E+01           2.8826737E+01           2.8826737E+01           2.8826737E+01           2.8826737E+01
    553   3.0355672E+01           3.0355672E+01           3.0355672E+01           3.0355672E+01           3.0355672E+01
    554   3.1376505E+01           3.1376505E+01           3.1376505E+01           3.1376505E+01           3.1376505E+01
    555   3.1477288E+01           3.1477288E+01           3.1477288E+01           3.1477288E+01           3.1477288E+01
    556   3.0876767E+01           3.0876767E+01           3.0876767E+01           3.0876767E+01           3.0876767E+01
    557   3.1129717E+01           3.1129717E+01           3.1129717E+01           3.1129717E+01           3.1129717E+01
    558   2.9384115E+01           2.9384115E+01           2.9384115E+01           2.9384115E+01           2.9384115E+01
    559   2.7109168E+01           2.7109168E+01           2.7109168E+01           2.6774486E+01           2.6774486E+01
    560   2.7687029E+01           2.7687029E+01           2.7687029E+01           2.7687029E+01           2.7687029E+01
    561   2.6501402E+01           2.6501402E+01           2.6501402E+01           2.6174224E+01           2.6174224E+01
    562   2.6458025E+01           2.6458025E+01           2.6458025E+01           2.6131383E+01           2.6131383E+01
    563   2.6359537E+01           2.6359537E+01           2.6359537E+01           2.6034111E+01           2.6034111E+01
    564   2.8135226E+01           2.8135226E+01           2.8135226E+01           2.8135226E+01           2.8135226E+01
    565   2.8538797E+01           2.8538797E+01           2.8538797E+01           2.8186466E+01           2.8186466E+01
    566   2.6577287E+01           2.6577287E+01           2.6577287E+01           2.5485070E+01           2.5485070E+01
    567   3.2252009E+01           3.2252009E+01           3.2252009E+01           3.2252009E+01           3.2252009E+01
    568   3.4220755E+01           3.4220755E+01           3.4220755E+01           3.4220755E+01           3.4220755E+01
    569   2.9189844E+01           2.9189844E+01           2.9189844E+01           2.8829475E+01           2.8829475E+01
    570   2.9260197E+01           2.9260197E+01           2.9260197E+01           2.8898960E+01           2.8898960E+01
    571   2.6070915E+01           2.6070915E+01           2.6070915E+01           2.4999508E+01           2.4999508E+01
    572   2.5269764E+01           2.5269764E+01           2.5269764E+01           2.4231281E+01           2.4231281E+01
    573   2.8156604E+01           2.8156604E+01           2.8156604E+01           2.7808991E+01           2.7808991E+01
    574   2.4356452E+01           2.4356452E+01           2.4356452E+01           2.3355501E+01           2.3355501E+01
    575   2.7026949E+01           2.7026949E+01           2.7026949E+01           2.6693283E+01           2.6693283E+01
    576   2.6430568E+01           2.6430568E+01           2.6430568E+01           2.6104265E+01           2.6104265E+01
    577   2.6539670E+01           2.6539670E+01           2.6539670E+01           2.6212020E+01           2.6212020E+01
    578   2.6713025E+01           2.6713025E+01           2.6713025E+01           2.6383234E+01           2.6383234E+01
    579   2.6631517E+01           2.6631517E+01           2.6631517E+01           2.6302732E+01           2.6302732E+01
    580   2.6558562E+01           2.6558562E+01           2.6558562E+01           2.6230678E+01           2.6230678E+01
    581   2.4041976E+01           2.4041976E+01           2.4041976E+01           2.3053950E+01           2.3053950E+01
    582   2.7235104E+01           2.7235104E+01           2.7235104E+01           2.6898869E+01           2.6898869E+01
    583   2.8511096E+01           2.8511096E+01           2.8511096E+01           2.8511096E+01           2.8511096E+01
    584   2.8784871E+01           2.8784871E+01           2.8784871E+01           2.8429502E+01           2.8429502E+01
    585   3.0357834E+01           3.0357834E+01           3.0357834E+01           2.9983046E+01           2.9983046E+01
    586   3.3765505E+01           3.3765505E+01           3.3765505E+01           3.3765505E+01           3.3765505E+01
    587   3.5405385E+01           3.5405385E+01           3.5405385E+01           3.5405385E+01           3.5405385E+01
    588   2.7232799E+01           2.7232799E+01           2.7232799E+01           2.6896592E+01           2.6896592E+01
    589   2.6874226E+01           2.6874226E+01           2.6874226E+01           2.6542445E+01           2.6542445E+01
    590   2.6559186E+01           2.6559186E+01           2.6559186E+01           2.6231294E+01           2.6231294E+01
    591   2.4199640E+01           2.4199640E+01           2.4199640E+01           2.3205134E+01           2.3205134E+01
    592   2.0702045E+01           2.0702045E+01           2.0702045E+01           1.7647645E+01           1.7647645E+01
    593   2.1282982E+01           2.1282982E+01           2.1282982E+01           1.8142870E+01           1.8142870E+01
    594   2.8690379E+01           2.8690379E+01           2.8690379E+01           2.8336177E+01           2.8336177E+01
    595   2.9980062E+01           2.9980062E+01           2.9980062E+01           2.9609938E+01           2.9609938E+01
    596   3.2759167E+01           3.2759167E+01           3.2759167E+01           3.2759167E+01           3.2759167E+01
    597   3.3879314E+01           3.3879314E+01           3.3879314E+01           3.3879314E+01           3.3879314E+01
    598   3.2954061E+01           3.2954061E+01           3.2954061E+01           3.2954061E+01           3.2954061E+01
    599   2.6560053E+01           2.6560053E+01           2.6560053E+01           2.5468544E+01           2.5468544E+01
    600   3.0558798E+01           3.0558798E+01           3.0558798E+01           3.0181529E+01           3.0181529E+01
    601   3.1885546E+01           3.1885546E+01           3.1885546E+01           3.1885546E+01           3.1885546E+01
    602   3.1813941E+01           3.1813941E+01           3.1813941E+01           3.1813941E+01           3.1813941E+01
    603   3.1051352E+01           3.1051352E+01           3.1051352E+01           3.0668002E+01           3.0668002E+01
    604   2.6502793E+01           2.6502793E+01           2.6502793E+01           2.6175598E+01           2.6175598E+01
    605   2.7151335E+01           2.7151335E+01           2.7151335E+01           2.6816133E+01           2.6816133E+01
    606   2.6390150E+01           2.6390150E+01           2.6390150E+01           2.6064346E+01           2.6064346E+01
    607   2.6391591E+01           2.6391591E+01           2.6391591E+01           2.6065769E+01           2.6065769E+01
    608   2.6501065E+01           2.6501065E+01           2.6501065E+01           2.6173892E+01           2.6173892E+01
    609   2.3997771E+01           2.3997771E+01           2.3997771E+01           2.3011562E+01           2.3011562E+01
    610   2.0513898E+01           2.0513898E+01           2.0513898E+01           1.7487257E+01           1.7487257E+01
    611   2.1055710E+01           2.1055710E+01           2.1055710E+01           1.7949130E+01           1.7949130E+01
    612   2.2265766E+01           2.2265766E+01           2.2265766E+01           1.8980653E+01           1.8980653E+01
    613   2.2803676E+01           2.2803676E+01           2.2803676E+01           1.9439199E+01           1.9439199E+01
    614   3.0286888E+01           3.0286888E+01           3.0286888E+01           2.9912976E+01           2.9912976E+01
    615   3.0603856E+01           3.0603856E+01           3.0603856E+01           3.0603856E+01           3.0603856E+01
    616   2.8969355E+01           2.8969355E+01           2.8969355E+01           2.8611708E+01           2.8611708E+01
    617   2.9784013E+01           2.9784013E+01           2.9784013E+01           2.9416309E+01           2.9416309E+01
    618   2.6579674E+01           2.6579674E+01           2.6579674E+01           2.6251530E+01           2.6251530E+01
    619   2.6371305E+01           2.6371305E+01           2.6371305E+01           2.6045734E+01           2.6045734E+01
    620   2.6331212E+01           2.6331212E+01           2.6331212E+01           2.6006135E+01           2.6006135E+01
    621   2.6393549E+01           2.6393549E+01           2.6393549E+01           2.6067703E+01           2.6067703E+01
    622   2.6558555E+01           2.6558555E+01           2.6558555E+01           2.6230672E+01           2.6230672E+01
    623   2.6480911E+01           2.6480911E+01           2.6480911E+01           2.6153986E+01           2.6153986E+01
    624   2.6533422E+01           2.6533422E+01           2.6533422E+01           2.6205849E+01           2.6205849E+01
    625   2.6358154E+01           2.6358154E+01           2.6358154E+01           2.6032745E+01           2.6032745E+01
    626   2.6729551E+01           2.6729551E+01           2.6729551E+01           2.6399557E+01           2.6399557E+01
    627   2.6093892E+01           2.6093892E+01           2.6093892E+01           2.5021541E+01           2.5021541E+01
    628   2.7110205E+01           2.7110205E+01           2.7110205E+01           2.5996087E+01           2.5996087E+01
    629   3.0374870E+01           3.0374870E+01           3.0374870E+01           2.9999872E+01           2.9999872E+01
    630   3.0420643E+01           3.0420643E+01           3.0420643E+01           3.0045080E+01           3.0045080E+01
    631   2.8717668E+01           2.8717668E+01           2.8717668E+01           2.8363129E+01           2.8363129E+01
    632   2.8321550E+01           2.8321550E+01           2.8321550E+01           2.8321550E+01           2.8321550E+01
    633   3.1238690E+01           3.1238690E+01           3.1238690E+01           3.1238690E+01           3.1238690E+01
    634   2.7489990E+01           2.7489990E+01           2.7489990E+01           2.7150607E+01           2.7150607E+01
    635   2.6958843E+01           2.6958843E+01           2.6958843E+01           2.6626018E+01           2.6626018E+01
    636   2.7649501E+01           2.7649501E+01           2.7649501E+01           2.7308149E+01           2.7308149E+01
    637   2.6075303E+01           2.6075303E+01           2.6075303E+01           2.5003716E+01           2.5003716E+01
    638   2.7157876E+01           2.7157876E+01           2.7157876E+01           2.6041799E+01           2.6041799E+01
    639   3.2438778E+01           3.2438778E+01           3.2438778E+01           3.2438778E+01           3.2438778E+01
    640   3.2717861E+01           3.2717861E+01           3.2717861E+01           3.2717861E+01           3.2717861E+01
    641   3.1511543E+01           3.1511543E+01           3.1511543E+01           3.1511543E+01           3.1511543E+01
    642   3.3306335E+01           3.3306335E+01           3.3306335E+01           3.3306335E+01           3.3306335E+01
    643   3.8000005E+01           3.8000005E+01           3.8000005E+01           3.8000005E+01           3.8000005E+01
    644   2.7675810E+01           2.7675810E+01           2.7675810E+01           2.7334134E+01           2.7334134E+01
    645   2.7577998E+01           2.7577998E+01           2.7577998E+01           2.7237529E+01           2.7237529E+01
    646   2.9008177E+01           2.9008177E+01           2.9008177E+01           2.8650051E+01           2.8650051E+01
    647   2.8928694E+01           2.8928694E+01           2.8928694E+01           2.8571550E+01           2.8571550E+01
    648   2.7112281E+01           2.7112281E+01           2.7112281E+01           2.5998077E+01           2.5998077E+01
    649   2.7639765E+01           2.7639765E+01           2.7639765E+01           2.6503885E+01           2.6503885E+01
    650   3.0090026E+01           3.0090026E+01           3.0090026E+01           2.8853449E+01           2.8853449E+01
    651   3.2445556E+01           3.2445556E+01           3.2445556E+01           3.2044994E+01           3.2044994E+01
    652   3.3768472E+01           3.3768472E+01           3.3768472E+01           3.3351577E+01           3.3351577E+01
    653   3.5874748E+01           3.5874748E+01           3.5874748E+01           3.5431850E+01           3.5431850E+01
    654   4.2879671E+01           4.2879671E+01           4.2879671E+01           4.2879671E+01           4.2879671E+01
    655   4.7401706E+01           4.7401706E+01           4.7401706E+01           4.7401706E+01           4.7401706E+01
    656   3.3409257E+01           3.3409257E+01           3.3409257E+01           3.2036274E+01           3.2036274E+01
    657   4.3881260E+01           4.3881260E+01           4.3881260E+01           4.3339516E+01           4.3339516E+01
    658   5.2447332E+01           5.2447332E+01           5.2447332E+01           5.1799834E+01           5.1799834E+01
    659   5.6312367E+01           5.6312367E+01           5.6312367E+01           5.5617152E+01           5.5617152E+01
    660   2.7782821E+01           2.7782821E+01           2.7782821E+01           2.7439824E+01           2.7439824E+01
    661   2.7610215E+01           2.7610215E+01           2.7610215E+01           2.7269348E+01           2.7269348E+01
    662   2.9578755E+01           2.9578755E+01           2.9578755E+01           2.9213585E+01           2.9213585E+01
    663   2.8045239E+01           2.8045239E+01           2.8045239E+01           2.6892695E+01           2.6892695E+01
    664   2.9258172E+01           2.9258172E+01           2.9258172E+01           2.8055782E+01           2.8055782E+01
    665   3.2438411E+01           3.2438411E+01           3.2438411E+01           3.1105326E+01           3.1105326E+01
    666   3.7703453E+01           3.7703453E+01           3.7703453E+01           3.6153996E+01           3.6153996E+01
    667   5.2111788E+01           5.2111788E+01           5.2111788E+01           5.1468433E+01           5.1468433E+01
    668   6.4327762E+01           6.4327762E+01           6.4327762E+01           6.3533592E+01           6.3533592E+01
    669   6.3177009E+01           6.3177009E+01           6.3177009E+01           6.2397046E+01           6.2397046E+01
    670   2.7453558E+01           2.7453558E+01           2.7453558E+01           2.7114625E+01           2.7114625E+01
    671   2.7093641E+01           2.7093641E+01           2.7093641E+01           2.6759152E+01           2.6759152E+01
    672   2.9641421E+01           2.9641421E+01           2.9641421E+01           2.9275478E+01           2.9275478E+01
    673   3.2372536E+01           3.2372536E+01           3.2372536E+01           3.1972875E+01           3.1972875E+01
    674   3.1327196E+01           3.1327196E+01           3.1327196E+01           3.0039777E+01           3.0039777E+01
    675   3.9603727E+01           3.9603727E+01           3.9603727E+01           3.9114793E+01           3.9114793E+01
    676   4.6210517E+01           4.6210517E+01           4.6210517E+01           4.5640017E+01           4.5640017E+01
    677   5.6657106E+01           5.6657106E+01           5.6657106E+01           5.5957636E+01           5.5957636E+01
    678   6.7516369E+01           6.7516369E+01           6.7516369E+01           6.6682834E+01           6.6682834E+01
    679   6.5104340E+01           6.5104340E+01           6.5104340E+01           6.5104340E+01           6.5104340E+01
    680   2.8447705E+01           2.8447705E+01           2.8447705E+01           2.8096499E+01           2.8096499E+01
    681   2.8003477E+01           2.8003477E+01           2.8003477E+01           2.7657755E+01           2.7657755E+01
    682   3.0194203E+01           3.0194203E+01           3.0194203E+01           2.9821435E+01           2.9821435E+01
    683   2.5700503E+01           2.5700503E+01           2.5700503E+01           2.4644318E+01           2.4644318E+01
    684   2.9870708E+01           2.9870708E+01           2.9870708E+01           2.9501934E+01           2.9501934E+01
    685   3.3008169E+01           3.3008169E+01           3.3008169E+01           3.2600661E+01           3.2600661E+01
    686   3.7545788E+01           3.7545788E+01           3.7545788E+01           3.7082260E+01           3.7082260E+01
    687   4.2807984E+01           4.2807984E+01           4.2807984E+01           4.2279491E+01           4.2279491E+01
    688   4.8724778E+01           4.8724778E+01           4.8724778E+01           4.8123238E+01           4.8123238E+01
    689   5.6018122E+01           5.6018122E+01           5.6018122E+01           5.5326540E+01           5.5326540E+01
    690   6.1498771E+01           6.1498771E+01           6.1498771E+01           6.0739527E+01           6.0739527E+01
    691   6.0049583E+01           6.0049583E+01           6.0049583E+01           6.0049583E+01           6.0049583E+01
    692   3.1028843E+01           3.1028843E+01           3.1028843E+01           3.0645771E+01           3.0645771E+01
    693   3.0651374E+01           3.0651374E+01           3.0651374E+01           3.0272962E+01           3.0272962E+01
    694   3.1888632E+01           3.1888632E+01           3.1888632E+01           3.1494945E+01           3.1494945E+01
    695   3.3141109E+01           3.3141109E+01           3.3141109E+01           3.1779146E+01           3.1779146E+01
    696   3.7145078E+01           3.7145078E+01           3.7145078E+01           3.5618568E+01           3.5618568E+01
    697   3.4433930E+01           3.4433930E+01           3.4433930E+01           2.9353514E+01           2.9353514E+01
    698   4.9383281E+01           4.9383281E+01           4.9383281E+01           4.8773611E+01           4.8773611E+01
    699   5.2500036E+01           5.2500036E+01           5.2500036E+01           5.1851888E+01           5.1851888E+01
    700   5.4179186E+01           5.4179186E+01           5.4179186E+01           5.3510308E+01           5.3510308E+01
    701   5.1018283E+01           5.1018283E+01           5.1018283E+01           5.0388428E+01           5.0388428E+01
    702   3.5714317E+01           3.5714317E+01           3.5714317E+01           3.5714317E+01           3.5714317E+01
    703   3.7496879E+01           3.7496879E+01           3.7496879E+01           3.7033954E+01           3.7033954E+01
    704   4.2738102E+01           4.2738102E+01           4.2738102E+01           4.2210471E+01           4.2210471E+01
    705   3.4153185E+01           3.4153185E+01           3.4153185E+01           2.9114191E+01           2.9114191E+01
    706   3.5198484E+01           3.5198484E+01           3.5198484E+01           3.0005265E+01           3.0005265E+01
    707   4.2784266E+01           4.2784266E+01           4.2784266E+01           4.1026009E+01           4.1026009E+01
    708   4.7069653E+01           4.7069653E+01           4.7069653E+01           4.6488546E+01           4.6488546E+01
    709   4.8195592E+01           4.8195592E+01           4.8195592E+01           4.8195592E+01           4.8195592E+01
    710   4.4771936E+01           4.4771936E+01           4.4771936E+01           4.4771936E+01           4.4771936E+01
    711   3.1805557E+01           3.1805557E+01           3.1805557E+01           3.1412895E+01           3.1412895E+01
    712   3.8121236E+01           3.8121236E+01           3.8121236E+01           3.8121236E+01           3.8121236E+01
    713   4.3290758E+01           4.3290758E+01           4.3290758E+01           4.3290758E+01           4.3290758E+01
    714   4.5333901E+01           4.5333901E+01           4.5333901E+01           4.5333901E+01           4.5333901E+01
    715   4.6118924E+01           4.6118924E+01           4.6118924E+01           4.6118924E+01           4.6118924E+01
    716   4.7544056E+01           4.7544056E+01           4.7544056E+01           4.6957092E+01           4.6957092E+01
    717   4.3570953E+01           4.3570953E+01           4.3570953E+01           4.1780366E+01           4.1780366E+01
    718   3.5245519E+01           3.5245519E+01           3.5245519E+01           3.0045360E+01           3.0045360E+01
    719   4.4596199E+01           4.4596199E+01           4.4596199E+01           4.4045629E+01           4.4045629E+01
    720   4.2916983E+01           4.2916983E+01           4.2916983E+01           4.2916983E+01           4.2916983E+01
    721   3.8124539E+01           3.8124539E+01           3.8124539E+01           3.8124539E+01           3.8124539E+01
    722   3.6258949E+01           3.6258949E+01           3.6258949E+01           3.6258949E+01           3.6258949E+01
    723   3.5112809E+01           3.5112809E+01           3.5112809E+01           3.4679318E+01           3.4679318E+01
    724   3.7954312E+01           3.7954312E+01           3.7954312E+01           3.7954312E+01           3.7954312E+01
    725   4.5155209E+01           4.5155209E+01           4.5155209E+01           4.5155209E+01           4.5155209E+01
    726   5.1635713E+01           5.1635713E+01           5.1635713E+01           5.1635713E+01           5.1635713E+01
    727   5.4133701E+01           5.4133701E+01           5.4133701E+01           5.4133701E+01           5.4133701E+01
    728   5.3647876E+01           5.3647876E+01           5.3647876E+01           5.2985556E+01           5.2985556E+01
    729   6.1202800E+01           6.1202800E+01           6.1202800E+01           6.1202800E+01           6.1202800E+01
    730   5.1846867E+01           5.1846867E+01           5.1846867E+01           5.1206782E+01           5.1206782E+01
    731   4.1857634E+01           4.1857634E+01           4.1857634E+01           4.0137457E+01           4.0137457E+01
    732   5.2870530E+01           5.2870530E+01           5.2870530E+01           5.2870530E+01           5.2870530E+01
    733   4.5493109E+01           4.5493109E+01           4.5493109E+01           4.4931466E+01           4.4931466E+01
    734   4.2123560E+01           4.2123560E+01           4.2123560E+01           4.1603516E+01           4.1603516E+01
    735   3.7727512E+01           3.7727512E+01           3.7727512E+01           3.7727512E+01           3.7727512E+01
    736   3.0505855E+01           3.0505855E+01           3.0505855E+01           3.0505855E+01           3.0505855E+01
    737   3.2641984E+01           3.2641984E+01           3.2641984E+01           3.2641984E+01           3.2641984E+01
    738   3.9567957E+01           3.9567957E+01           3.9567957E+01           3.9079464E+01           3.9079464E+01
    739   3.3359773E+01           3.3359773E+01           3.3359773E+01           3.2947923E+01           3.2947923E+01
    740   2.9983070E+01           2.9983070E+01           2.9983070E+01           2.9612908E+01           2.9612908E+01
    741   3.2081417E+01           3.2081417E+01           3.2081417E+01           3.2081417E+01           3.2081417E+01
    742   5.3176398E+01           5.3176398E+01           5.3176398E+01           5.3176398E+01           5.3176398E+01
    743   4.4483923E+01           4.4483923E+01           4.4483923E+01           4.4483923E+01           4.4483923E+01
    744   3.8388980E+01           3.8388980E+01           3.8388980E+01           3.8388980E+01           3.8388980E+01
    745   3.1959680E+01           3.1959680E+01           3.1959680E+01           3.1565116E+01           3.1565116E+01
    746   3.0413619E+01           3.0413619E+01           3.0413619E+01           3.0038142E+01           3.0038142E+01
    747   3.2218591E+01           3.2218591E+01           3.2218591E+01           3.2218591E+01           3.2218591E+01
    748   3.4085045E+01           3.4085045E+01           3.4085045E+01           3.3664242E+01           3.3664242E+01
    749   3.5588375E+01           3.5588375E+01           3.5588375E+01           3.5588375E+01           3.5588375E+01
    750   4.4433518E+01           4.4433518E+01           4.4433518E+01           4.4433518E+01           4.4433518E+01
    751   5.4335535E+01           5.4335535E+01           5.4335535E+01           5.4335535E+01           5.4335535E+01
    752   6.1794718E+01           6.1794718E+01           6.1794718E+01           6.1794718E+01           6.1794718E+01
    753   6.0118618E+01           6.0118618E+01           6.0118618E+01           6.0118618E+01           6.0118618E+01
    754   6.2289334E+01           6.2289334E+01           6.2289334E+01           6.2289334E+01           6.2289334E+01
    755   4.8743431E+01           4.8743431E+01           4.8743431E+01           4.8141660E+01           4.8141660E+01
    756   3.9081759E+01           3.9081759E+01           3.9081759E+01           3.8599268E+01           3.8599268E+01
    757   3.5002688E+01           3.5002688E+01           3.5002688E+01           3.5002688E+01           3.5002688E+01
    758   3.0920365E+01           3.0920365E+01           3.0920365E+01           3.0538632E+01           3.0538632E+01
    759   3.0361765E+01           3.0361765E+01           3.0361765E+01           2.9986929E+01           2.9986929E+01
    760   3.0544379E+01           3.0544379E+01           3.0544379E+01           3.0167288E+01           3.0167288E+01
    761   3.2659397E+01           3.2659397E+01           3.2659397E+01           3.2659397E+01           3.2659397E+01
    762   5.9028256E+01           5.9028256E+01           5.9028256E+01           5.9028256E+01           5.9028256E+01
    763   4.8956898E+01           4.8956898E+01           4.8956898E+01           4.8956898E+01           4.8956898E+01
    764   4.0159770E+01           4.0159770E+01           4.0159770E+01           3.9663970E+01           3.9663970E+01
    765   3.5921773E+01           3.5921773E+01           3.5921773E+01           3.5478294E+01           3.5478294E+01
    766   3.2708059E+01           3.2708059E+01           3.2708059E+01           3.2304256E+01           3.2304256E+01
    767   3.1954919E+01           3.1954919E+01           3.1954919E+01           3.1560414E+01           3.1560414E+01
    768   3.0731587E+01           3.0731587E+01           3.0731587E+01           3.0352185E+01           3.0352185E+01
    769   3.0139135E+01           3.0139135E+01           3.0139135E+01           2.9767047E+01           2.9767047E+01
    770   2.9867580E+01           2.9867580E+01           2.9867580E+01           2.9498844E+01           2.9498844E+01
    771   3.0114081E+01           3.0114081E+01           3.0114081E+01           2.9742302E+01           2.9742302E+01
    772   3.2253432E+01           3.2253432E+01           3.2253432E+01           3.2253432E+01           3.2253432E+01
    773   3.6116591E+01           3.6116591E+01           3.6116591E+01           3.5670707E+01           3.5670707E+01
    774   3.8409706E+01           3.8409706E+01           3.8409706E+01           3.8409706E+01           3.8409706E+01
    775   4.6554724E+01           4.6554724E+01           4.6554724E+01           4.6554724E+01           4.6554724E+01
    776   5.5445581E+01           5.5445581E+01           5.5445581E+01           5.5445581E+01           5.5445581E+01
    777   4.7097844E+01           4.7097844E+01           4.7097844E+01           4.6516390E+01           4.6516390E+01
    778   5.1334428E+01           5.1334428E+01           5.1334428E+01           5.0700670E+01           5.0700670E+01
    779   5.6592649E+01           5.6592649E+01           5.6592649E+01           5.6592649E+01           5.6592649E+01
    780   5.6857110E+01           5.6857110E+01           5.6857110E+01           5.6857110E+01           5.6857110E+01
    781   4.4349891E+01           4.4349891E+01           4.4349891E+01           4.4349891E+01           4.4349891E+01
    782   3.4626959E+01           3.4626959E+01           3.4626959E+01           3.4199466E+01           3.4199466E+01
    783   2.9258838E+01           2.9258838E+01           2.9258838E+01           2.8056420E+01           2.8056420E+01
    784   2.8553428E+01           2.8553428E+01           2.8553428E+01           2.7380000E+01           2.7380000E+01
    785   2.7724912E+01           2.7724912E+01           2.7724912E+01           2.6585532E+01           2.6585532E+01
    786   2.7094645E+01           2.7094645E+01           2.7094645E+01           2.5981166E+01           2.5981166E+01
    787   2.9500135E+01           2.9500135E+01           2.9500135E+01           2.9135936E+01           2.9135936E+01
    788   2.9545630E+01           2.9545630E+01           2.9545630E+01           2.9180869E+01           2.9180869E+01
    789   3.0946978E+01           3.0946978E+01           3.0946978E+01           3.0946978E+01           3.0946978E+01
    790   3.0770491E+01           3.0770491E+01           3.0770491E+01           3.0390608E+01           3.0390608E+01
    791   5.7143528E+01           5.7143528E+01           5.7143528E+01           5.7143528E+01           5.7143528E+01
    792   5.1539400E+01           5.1539400E+01           5.1539400E+01           5.1539400E+01           5.1539400E+01
    793   5.9304721E+01           5.9304721E+01           5.9304721E+01           5.8572563E+01           5.8572563E+01
    794   6.1564741E+01           6.1564741E+01           6.1564741E+01           6.1564741E+01           6.1564741E+01
    795   6.5364533E+01           6.5364533E+01           6.5364533E+01           6.5364533E+01           6.5364533E+01
    796   7.0755770E+01           7.0755770E+01           7.0755770E+01           6.9882242E+01           6.9882242E+01
    797   7.7995965E+01           7.7995965E+01           7.7995965E+01           7.7995965E+01           7.7995965E+01
    798   6.3051763E+01           6.3051763E+01           6.3051763E+01           6.3051763E+01           6.3051763E+01
    799   5.2510218E+01           5.2510218E+01           5.2510218E+01           5.2510218E+01           5.2510218E+01
    800   4.6042768E+01           4.6042768E+01           4.6042768E+01           4.6042768E+01           4.6042768E+01
    801   4.0989487E+01           4.0989487E+01           4.0989487E+01           4.0989487E+01           4.0989487E+01
    802   3.4044761E+01           3.4044761E+01           3.4044761E+01           3.3624455E+01           3.3624455E+01
    803   4.2000786E+01           4.2000786E+01           4.2000786E+01           4.1482258E+01           4.1482258E+01
    804   3.8649280E+01           3.8649280E+01           3.8649280E+01           3.8172129E+01           3.8172129E+01
    805   3.3092844E+01           3.3092844E+01           3.3092844E+01           3.2684290E+01           3.2684290E+01
    806   3.2883442E+01           3.2883442E+01           3.2883442E+01           3.2477474E+01           3.2477474E+01
    807   3.1256367E+01           3.1256367E+01           3.1256367E+01           3.0870486E+01           3.0870486E+01
    808   2.7034602E+01           2.7034602E+01           2.7034602E+01           2.5923591E+01           2.5923591E+01
    809   2.8475372E+01           2.8475372E+01           2.8475372E+01           2.8123825E+01           2.8123825E+01
    810   2.9762553E+01           2.9762553E+01           2.9762553E+01           2.9395114E+01           2.9395114E+01
    811   2.5633180E+01           2.5633180E+01           2.5633180E+01           2.4579762E+01           2.4579762E+01
    812   2.7004657E+01           2.7004657E+01           2.7004657E+01           2.6671266E+01           2.6671266E+01
    813   2.8906084E+01           2.8906084E+01           2.8906084E+01           2.8549218E+01           2.8549218E+01
    814   2.8872137E+01           2.8872137E+01           2.8872137E+01           2.8515691E+01           2.8515691E+01
    815   2.9891827E+01           2.9891827E+01           2.9891827E+01           2.9891827E+01           2.9891827E+01
    816   3.0206738E+01           3.0206738E+01           3.0206738E+01           3.0206738E+01           3.0206738E+01
    817   3.0791449E+01           3.0791449E+01           3.0791449E+01           3.0791449E+01           3.0791449E+01
    818   2.8034809E+01           2.8034809E+01           2.8034809E+01           2.7688700E+01           2.7688700E+01
    819   2.7779827E+01           2.7779827E+01           2.7779827E+01           2.7436866E+01           2.7436866E+01
    820   2.7732937E+01           2.7732937E+01           2.7732937E+01           2.7390555E+01           2.7390555E+01
    821   2.7506132E+01           2.7506132E+01           2.7506132E+01           2.7166550E+01           2.7166550E+01
    822   2.9342410E+01           2.9342410E+01           2.9342410E+01           2.9342410E+01           2.9342410E+01
    823   2.6898803E+01           2.6898803E+01           2.6898803E+01           2.6566719E+01           2.6566719E+01
    824   2.7063891E+01           2.7063891E+01           2.7063891E+01           2.6729769E+01           2.6729769E+01
    825   2.6818582E+01           2.6818582E+01           2.6818582E+01           2.6487488E+01           2.6487488E+01
    826   2.6692476E+01           2.6692476E+01           2.6692476E+01           2.6362939E+01           2.6362939E+01
    827   2.8446050E+01           2.8446050E+01           2.8446050E+01           2.8446050E+01           2.8446050E+01
    828   8.4440810E+01           8.4440810E+01           8.4440810E+01           8.3398331E+01           8.3398331E+01
    829   8.3124287E+01           8.3124287E+01           8.3124287E+01           8.2098061E+01           8.2098061E+01
    830   6.3440727E+01           6.3440727E+01           6.3440727E+01           6.3440727E+01           6.3440727E+01
    831   3.9040480E+01           3.9040480E+01           3.9040480E+01           3.8558499E+01           3.8558499E+01
    832   2.7038919E+01           2.7038919E+01           2.7038919E+01           2.6705105E+01           2.6705105E+01
    833   2.6462375E+01           2.6462375E+01           2.6462375E+01           2.6135679E+01           2.6135679E+01
    834   2.6630984E+01           2.6630984E+01           2.6630984E+01           2.6302207E+01           2.6302207E+01
    835   2.6747124E+01           2.6747124E+01           2.6747124E+01           2.6416912E+01           2.6416912E+01
    836   2.4442432E+01           2.4442432E+01           2.4442432E+01           2.3437948E+01           2.3437948E+01
    837   2.4472699E+01           2.4472699E+01           2.4472699E+01           2.3466971E+01           2.3466971E+01
    838   2.7191502E+01           2.7191502E+01           2.7191502E+01           2.6855805E+01           2.6855805E+01
    839   2.7701044E+01           2.7701044E+01           2.7701044E+01           2.7359056E+01           2.7359056E+01
    840   6.4735274E+01           6.4735274E+01           6.4735274E+01           6.3936073E+01           6.3936073E+01
    841   7.1396521E+01           7.1396521E+01           7.1396521E+01           7.0515082E+01           7.0515082E+01
    842   8.2056116E+01           8.2056116E+01           8.2056116E+01           8.1043078E+01           8.1043078E+01
    843   7.4450867E+01           7.4450867E+01           7.4450867E+01           7.3531721E+01           7.3531721E+01
    844   5.6892986E+01           5.6892986E+01           5.6892986E+01           5.6892986E+01           5.6892986E+01
    845   3.5356281E+01           3.5356281E+01           3.5356281E+01           3.4919784E+01           3.4919784E+01
    846   5.2159177E+01           5.2159177E+01           5.2159177E+01           5.1515236E+01           5.1515236E+01
    847   4.0774765E+01           4.0774765E+01           4.0774765E+01           4.0271373E+01           4.0271373E+01
    848   3.5032740E+01           3.5032740E+01           3.5032740E+01           3.4600237E+01           3.4600237E+01
    849   2.8324145E+01           2.8324145E+01           2.8324145E+01           2.7974465E+01           2.7974465E+01
    850   2.9559046E+01           2.9559046E+01           2.9559046E+01           2.9194119E+01           2.9194119E+01
    851   2.7539051E+01           2.7539051E+01           2.7539051E+01           2.7199063E+01           2.7199063E+01
    852   2.7018892E+01           2.7018892E+01           2.7018892E+01           2.6685325E+01           2.6685325E+01
    853   2.7117807E+01           2.7117807E+01           2.7117807E+01           2.6783020E+01           2.6783020E+01
    854   2.4518726E+01           2.4518726E+01           2.4518726E+01           2.3511107E+01           2.3511107E+01
    855   2.4466440E+01           2.4466440E+01           2.4466440E+01           2.3460970E+01           2.3460970E+01
    856   2.7490346E+01           2.7490346E+01           2.7490346E+01           2.7150959E+01           2.7150959E+01
    857   2.7983698E+01           2.7983698E+01           2.7983698E+01           2.7638220E+01           2.7638220E+01
    858   6.0527653E+01           6.0527653E+01           6.0527653E+01           5.9780398E+01           5.9780398E+01
    859   6.4249167E+01           6.4249167E+01           6.4249167E+01           6.3455967E+01           6.3455967E+01
    860   5.6361308E+01           5.6361308E+01           5.6361308E+01           5.5665490E+01           5.5665490E+01
    861   4.9667564E+01           4.9667564E+01           4.9667564E+01           4.9054384E+01           4.9054384E+01
    862   5.1849634E+01           5.1849634E+01           5.1849634E+01           5.1209515E+01           5.1209515E+01
    863   4.7742022E+01           4.7742022E+01           4.7742022E+01           4.7152614E+01           4.7152614E+01
    864   4.0688969E+01           4.0688969E+01           4.0688969E+01           4.0186636E+01           4.0186636E+01
    865   4.0283489E+01           4.0283489E+01           4.0283489E+01           3.8628003E+01           3.8628003E+01
    866   4.3752309E+01           4.3752309E+01           4.3752309E+01           4.3212157E+01           4.3212157E+01
    867   3.6404478E+01           3.6404478E+01           3.6404478E+01           3.4908403E+01           3.4908403E+01
    868   3.5982294E+01           3.5982294E+01           3.5982294E+01           3.5538068E+01           3.5538068E+01
    869   3.2290788E+01           3.2290788E+01           3.2290788E+01           3.1892136E+01           3.1892136E+01
    870   2.5752642E+01           2.5752642E+01           2.5752642E+01           2.4694315E+01           2.4694315E+01
    871   2.5969289E+01           2.5969289E+01           2.5969289E+01           2.4902058E+01           2.4902058E+01
    872   2.7316772E+01           2.7316772E+01           2.7316772E+01           2.6979528E+01           2.6979528E+01
    873   2.4855774E+01           2.4855774E+01           2.4855774E+01           2.3834304E+01           2.3834304E+01
    874   2.4658654E+01           2.4658654E+01           2.4658654E+01           2.3645285E+01           2.3645285E+01
    875   2.4636868E+01           2.4636868E+01           2.4636868E+01           2.3624394E+01           2.3624394E+01
    876   2.4794731E+01           2.4794731E+01           2.4794731E+01           2.3775770E+01           2.3775770E+01
    877   2.7462015E+01           2.7462015E+01           2.7462015E+01           2.7122978E+01           2.7122978E+01
    878   2.7695890E+01           2.7695890E+01           2.7695890E+01           2.7353966E+01           2.7353966E+01
    879   2.7814731E+01           2.7814731E+01           2.7814731E+01           2.7471339E+01           2.7471339E+01
    880   2.6857759E+01           2.6857759E+01           2.6857759E+01           2.6526182E+01           2.6526182E+01
    881   3.5547123E+01           3.5547123E+01           3.5547123E+01           3.4086283E+01           3.4086283E+01
    882   3.6013389E+01           3.6013389E+01           3.6013389E+01           3.5568779E+01           3.5568779E+01
    883   3.3951540E+01           3.3951540E+01           3.3951540E+01           3.3532385E+01           3.3532385E+01
    884   3.1788366E+01           3.1788366E+01           3.1788366E+01           3.1395917E+01           3.1395917E+01
    885   3.0024489E+01           3.0024489E+01           3.0024489E+01           2.9653816E+01           2.9653816E+01
    886   2.8104377E+01           2.8104377E+01           2.8104377E+01           2.7757409E+01           2.7757409E+01
    887   2.7300507E+01           2.7300507E+01           2.7300507E+01           2.6963464E+01           2.6963464E+01
    888   2.7268847E+01           2.7268847E+01           2.7268847E+01           2.6932194E+01           2.6932194E+01
    889   2.4365988E+01           2.4365988E+01           2.4365988E+01           2.3364646E+01           2.3364646E+01
    890   2.0503334E+01           2.0503334E+01           2.0503334E+01           1.7478252E+01           1.7478252E+01
    891   2.4484221E+01           2.4484221E+01           2.4484221E+01           2.3478020E+01           2.3478020E+01
    892   2.8665919E+01           2.8665919E+01           2.8665919E+01           2.8665919E+01           2.8665919E+01
    893   2.7494179E+01           2.7494179E+01           2.7494179E+01           2.7154744E+01           2.7154744E+01
    894   2.7058328E+01           2.7058328E+01           2.7058328E+01           2.6724274E+01           2.6724274E+01
    895   2.4445228E+01           2.4445228E+01           2.4445228E+01           2.3440630E+01           2.3440630E+01
    896   2.9934220E+01           2.9934220E+01           2.9934220E+01           2.8704047E+01           2.8704047E+01
    897   2.8943373E+01           2.8943373E+01           2.8943373E+01           2.8586047E+01           2.8586047E+01
    898   3.0439513E+01           3.0439513E+01           3.0439513E+01           3.0439513E+01           3.0439513E+01
    899   3.0030472E+01           3.0030472E+01           3.0030472E+01           3.0030472E+01           3.0030472E+01
    900   2.9049080E+01           2.9049080E+01           2.9049080E+01           2.9049080E+01           2.9049080E+01
    901   2.8363332E+01           2.8363332E+01           2.8363332E+01           2.8363332E+01           2.8363332E+01
    902   2.5973585E+01           2.5973585E+01           2.5973585E+01           2.4906177E+01           2.4906177E+01
    903   2.6502062E+01           2.6502062E+01           2.6502062E+01           2.6174876E+01           2.6174876E+01
    904   2.8259889E+01           2.8259889E+01           2.8259889E+01           2.8259889E+01           2.8259889E+01
    905   2.8341146E+01           2.8341146E+01           2.8341146E+01           2.8341146E+01           2.8341146E+01
    906   2.7715149E+01           2.7715149E+01           2.7715149E+01           2.7715149E+01           2.7715149E+01
    907   2.6399795E+01           2.6399795E+01           2.6399795E+01           2.6073872E+01           2.6073872E+01
    908   2.6665896E+01           2.6665896E+01           2.6665896E+01           2.6336687E+01           2.6336687E+01
    909   2.6926953E+01           2.6926953E+01           2.6926953E+01           2.6594522E+01           2.6594522E+01
    910   2.4470949E+01           2.4470949E+01           2.4470949E+01           2.3465293E+01           2.3465293E+01
    911   2.0638828E+01           2.0638828E+01           2.0638828E+01           1.7593755E+01           1.7593755E+01
    912   2.7622363E+01           2.7622363E+01           2.7622363E+01           2.7281346E+01           2.7281346E+01
    913   2.7468912E+01           2.7468912E+01           2.7468912E+01           2.7129790E+01           2.7129790E+01
    914   2.7372444E+01           2.7372444E+01           2.7372444E+01           2.7034513E+01           2.7034513E+01
    915   2.4386538E+01           2.4386538E+01           2.4386538E+01           2.3384351E+01           2.3384351E+01
    916   2.7128967E+01           2.7128967E+01           2.7128967E+01           2.6794041E+01           2.6794041E+01
    917   2.7792363E+01           2.7792363E+01           2.7792363E+01           2.7449248E+01           2.7449248E+01
    918   2.3861117E+01           2.3861117E+01           2.3861117E+01           2.2880523E+01           2.2880523E+01
    919   2.7430331E+01           2.7430331E+01           2.7430331E+01           2.7430331E+01           2.7430331E+01
    920   2.7510076E+01           2.7510076E+01           2.7510076E+01           2.7510076E+01           2.7510076E+01
    921   2.7349706E+01           2.7349706E+01           2.7349706E+01           2.7349706E+01           2.7349706E+01
    922   2.6382901E+01           2.6382901E+01           2.6382901E+01           2.6057186E+01           2.6057186E+01
    923   2.6642454E+01           2.6642454E+01           2.6642454E+01           2.6313534E+01           2.6313534E+01
    924   2.6951899E+01           2.6951899E+01           2.6951899E+01           2.6619159E+01           2.6619159E+01
    925   2.4503685E+01           2.4503685E+01           2.4503685E+01           2.3496684E+01           2.3496684E+01
    926   2.4667445E+01           2.4667445E+01           2.4667445E+01           2.3653715E+01           2.3653715E+01
    927   2.4512984E+01           2.4512984E+01           2.4512984E+01           2.3505601E+01           2.3505601E+01
    928   2.4703497E+01           2.4703497E+01           2.4703497E+01           2.3688284E+01           2.3688284E+01
    929   2.4267406E+01           2.4267406E+01           2.4267406E+01           2.3270116E+01           2.3270116E+01
    930   2.0307867E+01           2.0307867E+01           2.0307867E+01           1.7311624E+01           1.7311624E+01
    931   2.4350236E+01           2.4350236E+01           2.4350236E+01           2.3349542E+01           2.3349542E+01
    932   2.7084002E+01           2.7084002E+01           2.7084002E+01           2.6749632E+01           2.6749632E+01
    933   2.8149350E+01           2.8149350E+01           2.8149350E+01           2.8149350E+01           2.8149350E+01
    934   2.7559535E+01           2.7559535E+01           2.7559535E+01           2.7219294E+01           2.7219294E+01
    935   2.3890661E+01           2.3890661E+01           2.3890661E+01           2.2908853E+01           2.2908853E+01
    936   2.6296917E+01           2.6296917E+01           2.6296917E+01           2.5972264E+01           2.5972264E+01
    937   2.7270877E+01           2.7270877E+01           2.7270877E+01           2.7270877E+01           2.7270877E+01
    938   2.7312066E+01           2.7312066E+01           2.7312066E+01           2.7312066E+01           2.7312066E+01
    939   2.6434429E+01           2.6434429E+01           2.6434429E+01           2.6108078E+01           2.6108078E+01
    940   2.6701492E+01           2.6701492E+01           2.6701492E+01           2.6371844E+01           2.6371844E+01
    941   2.6922876E+01           2.6922876E+01           2.6922876E+01           2.6590495E+01           2.6590495E+01
    942   2.6942317E+01           2.6942317E+01           2.6942317E+01           2.6609696E+01           2.6609696E+01
    943   2.7425679E+01           2.7425679E+01           2.7425679E+01           2.7087091E+01           2.7087091E+01
    944   2.6455384E+01           2.6455384E+01           2.6455384E+01           2.6128775E+01           2.6128775E+01
    945   2.6296917E+01           2.6296917E+01           2.6296917E+01           2.5972264E+01           2.5972264E+01
    946   2.7270877E+01           2.7270877E+01           2.7270877E+01           2.7270877E+01           2.7270877E+01
    947   2.7279371E+01           2.7279371E+01           2.7279371E+01           2.7279371E+01           2.7279371E+01
    948   2.6429823E+01           2.6429823E+01           2.6429823E+01           2.6103529E+01           2.6103529E+01
    949   2.6641017E+01           2.6641017E+01           2.6641017E+01           2.6312115E+01           2.6312115E+01
    950   2.7138829E+01           2.7138829E+01           2.7138829E+01           2.6803782E+01           2.6803782E+01
    951   2.6296917E+01           2.6296917E+01           2.6296917E+01           2.5972264E+01           2.5972264E+01
    952   2.6296917E+01           2.6296917E+01           2.6296917E+01           2.5972264E+01           2.5972264E+01
    953   2.7346384E+01           2.7346384E+01           2.7346384E+01           2.7346384E+01           2.7346384E+01
    954   2.7414180E+01           2.7414180E+01           2.7414180E+01           2.7414180E+01           2.7414180E+01
    955   2.6510465E+01           2.6510465E+01           2.6510465E+01           2.6183176E+01           2.6183176E+01
    956   2.4078253E+01           2.4078253E+01           2.4078253E+01           2.3088735E+01           2.3088735E+01
    957   2.7092896E+01           2.7092896E+01           2.7092896E+01           2.6758416E+01           2.6758416E+01
    958   2.7032080E+01           2.7032080E+01           2.7032080E+01           2.6698350E+01           2.6698350E+01
    959   2.6505951E+01           2.6505951E+01           2.6505951E+01           2.6178717E+01           2.6178717E+01
    960   2.7650308E+01           2.7650308E+01           2.7650308E+01           2.7650308E+01           2.7650308E+01
    961   2.7715674E+01           2.7715674E+01           2.7715674E+01           2.7715674E+01           2.7715674E+01
    962   2.7566370E+01           2.7566370E+01           2.7566370E+01           2.7566370E+01           2.7566370E+01
    963   2.6528297E+01           2.6528297E+01           2.6528297E+01           2.6200788E+01           2.6200788E+01
    964   2.6713633E+01           2.6713633E+01           2.6713633E+01           2.6383835E+01           2.6383835E+01
    965   2.4464993E+01           2.4464993E+01           2.4464993E+01           2.3459582E+01           2.3459582E+01
    966   2.4208744E+01           2.4208744E+01           2.4208744E+01           2.3213864E+01           2.3213864E+01
    967   2.4299616E+01           2.4299616E+01           2.4299616E+01           2.3301002E+01           2.3301002E+01
    968   2.4331058E+01           2.4331058E+01           2.4331058E+01           2.3331152E+01           2.3331152E+01
    969   2.4399440E+01           2.4399440E+01           2.4399440E+01           2.3396723E+01           2.3396723E+01
    970   2.4364074E+01           2.4364074E+01           2.4364074E+01           2.3362810E+01           2.3362810E+01
    971   2.4368472E+01           2.4368472E+01           2.4368472E+01           2.3367028E+01           2.3367028E+01
    972   2.8083267E+01           2.8083267E+01           2.8083267E+01           2.8083267E+01           2.8083267E+01
    973   2.7301534E+01           2.7301534E+01           2.7301534E+01           2.6964478E+01           2.6964478E+01
    974   2.7210697E+01           2.7210697E+01           2.7210697E+01           2.6874762E+01           2.6874762E+01
    975   2.8417682E+01           2.8417682E+01           2.8417682E+01           2.8417682E+01           2.8417682E+01
    976   2.7417401E+01           2.7417401E+01           2.7417401E+01           2.7078914E+01           2.7078914E+01
    977   2.6804803E+01           2.6804803E+01           2.6804803E+01           2.6473880E+01           2.6473880E+01
    978   2.6471360E+01           2.6471360E+01           2.6471360E+01           2.6144553E+01           2.6144553E+01
    979   2.4259166E+01           2.4259166E+01           2.4259166E+01           2.3262214E+01           2.3262214E+01
    980   2.0564472E+01           2.0564472E+01           2.0564472E+01           1.7530369E+01           1.7530369E+01
    981   2.4262637E+01           2.4262637E+01           2.4262637E+01           2.3265542E+01           2.3265542E+01
    982   2.0374540E+01           2.0374540E+01           2.0374540E+01           1.7368460E+01           1.7368460E+01
    983   2.0606163E+01           2.0606163E+01           2.0606163E+01           1.7565910E+01           1.7565910E+01
    984   2.0536819E+01           2.0536819E+01           2.0536819E+01           1.7506797E+01           1.7506797E+01
    985   2.4459592E+01           2.4459592E+01           2.4459592E+01           2.3454403E+01           2.3454403E+01
    986   2.0414870E+01           2.0414870E+01           2.0414870E+01           1.7402840E+01           1.7402840E+01
    987   2.4347383E+01           2.4347383E+01           2.4347383E+01           2.3346806E+01           2.3346806E+01
    988   2.4261221E+01           2.4261221E+01           2.4261221E+01           2.3264184E+01           2.3264184E+01
    989   2.6961540E+01           2.6961540E+01           2.6961540E+01           2.6628681E+01           2.6628681E+01
    990   2.7009660E+01           2.7009660E+01           2.7009660E+01           2.6676208E+01           2.6676208E+01
    991   2.7689871E+01           2.7689871E+01           2.7689871E+01           2.7348020E+01           2.7348020E+01
    992   2.8064017E+01           2.8064017E+01           2.8064017E+01           2.7717548E+01           2.7717548E+01
    993   2.8506430E+01           2.8506430E+01           2.8506430E+01           2.8154499E+01           2.8154499E+01
    994   2.8300808E+01           2.8300808E+01           2.8300808E+01           2.7951415E+01           2.7951415E+01
    995   2.7365488E+01           2.7365488E+01           2.7365488E+01           2.7027643E+01           2.7027643E+01
    996   2.6436613E+01           2.6436613E+01           2.6436613E+01           2.6110235E+01           2.6110235E+01
    997   2.4360703E+01           2.4360703E+01           2.4360703E+01           2.3359578E+01           2.3359578E+01
    998   2.0814269E+01           2.0814269E+01           2.0814269E+01           1.7743312E+01           1.7743312E+01
    999   2.0563268E+01           2.0563268E+01           2.0563268E+01           1.7529344E+01           1.7529344E+01
   1000   2.0878316E+01           2.0878316E+01           2.0878316E+01           1.7797908E+01           1.7797908E+01
   1001   2.0845063E+01           2.0845063E+01           2.0845063E+01           1.7769562E+01           1.7769562E+01
   1002   2.0631776E+01           2.0631776E+01           2.0631776E+01           1.7587744E+01           1.7587744E+01
   1003   2.8553395E+01           2.8553395E+01           2.8553395E+01           2.8200884E+01           2.8200884E+01
   1004   2.3954537E+01           2.3954537E+01           2.3954537E+01           2.2970104E+01           2.2970104E+01
   1005   2.3790834E+01           2.3790834E+01           2.3790834E+01           2.2813128E+01           2.2813128E+01
   1006   2.6985926E+01           2.6985926E+01           2.6985926E+01           2.6652766E+01           2.6652766E+01
   1007   2.5087991E+01           2.5087991E+01           2.5087991E+01           2.4056977E+01           2.4056977E+01
   1008   2.8784571E+01           2.8784571E+01           2.8784571E+01           2.8429206E+01           2.8429206E+01
   1009   2.9786241E+01           2.9786241E+01           2.9786241E+01           2.9418509E+01           2.9418509E+01
   1010   3.0081152E+01           3.0081152E+01           3.0081152E+01           2.9709780E+01           2.9709780E+01
   1011   3.0253435E+01           3.0253435E+01           3.0253435E+01           3.0253435E+01           3.0253435E+01
   1012   2.8718250E+01           2.8718250E+01           2.8718250E+01           2.8363704E+01           2.8363704E+01
   1013   2.6477909E+01           2.6477909E+01           2.6477909E+01           2.5389776E+01           2.5389776E+01
   1014   2.8150601E+01           2.8150601E+01           2.8150601E+01           2.7803063E+01           2.7803063E+01
   1015   2.5637673E+01           2.5637673E+01           2.5637673E+01           2.4584070E+01           2.4584070E+01
   1016   2.5603060E+01           2.5603060E+01           2.5603060E+01           2.4550879E+01           2.4550879E+01
   1017   2.1126988E+01           2.1126988E+01           2.1126988E+01           1.8009891E+01           1.8009891E+01
   1018   2.0810206E+01           2.0810206E+01           2.0810206E+01           1.7739848E+01           1.7739848E+01
   1019   2.0590023E+01           2.0590023E+01           2.0590023E+01           1.7552151E+01           1.7552151E+01
   1020   2.0339243E+01           2.0339243E+01           2.0339243E+01           1.7338371E+01           1.7338371E+01
   1021   2.6811954E+01           2.6811954E+01           2.6811954E+01           2.6480942E+01           2.6480942E+01
   1022   2.4061316E+01           2.4061316E+01           2.4061316E+01           2.3072495E+01           2.3072495E+01
   1023   2.6904424E+01           2.6904424E+01           2.6904424E+01           2.6572271E+01           2.6572271E+01
   1024   2.4795012E+01           2.4795012E+01           2.4795012E+01           2.3776039E+01           2.3776039E+01
   1025   2.6809641E+01           2.6809641E+01           2.6809641E+01           2.5707875E+01           2.5707875E+01
   1026   3.1561006E+01           3.1561006E+01           3.1561006E+01           3.1171364E+01           3.1171364E+01
   1027   3.3826648E+01           3.3826648E+01           3.3826648E+01           3.3826648E+01           3.3826648E+01
   1028   3.3145709E+01           3.3145709E+01           3.3145709E+01           3.3145709E+01           3.3145709E+01
   1029   3.2588909E+01           3.2588909E+01           3.2588909E+01           3.2588909E+01           3.2588909E+01
   1030   2.7904424E+01           2.7904424E+01           2.7904424E+01           2.6757667E+01           2.6757667E+01
   1031   2.6570235E+01           2.6570235E+01           2.6570235E+01           2.5478308E+01           2.5478308E+01
   1032   2.6117581E+01           2.6117581E+01           2.6117581E+01           2.5044255E+01           2.5044255E+01
   1033   2.5707945E+01           2.5707945E+01           2.5707945E+01           2.4651454E+01           2.4651454E+01
   1034   2.5305787E+01           2.5305787E+01           2.5305787E+01           2.4265823E+01           2.4265823E+01
   1035   2.5158024E+01           2.5158024E+01           2.5158024E+01           2.4124133E+01           2.4124133E+01
   1036   3.0280553E+01           3.0280553E+01           3.0280553E+01           2.9906719E+01           2.9906719E+01
   1037   3.2874731E+01           3.2874731E+01           3.2874731E+01           3.2468870E+01           3.2468870E+01
   1038   3.6625513E+01           3.6625513E+01           3.6625513E+01           3.6625513E+01           3.6625513E+01
   1039   3.7070844E+01           3.7070844E+01           3.7070844E+01           3.7070844E+01           3.7070844E+01
   1040   3.5506551E+01           3.5506551E+01           3.5506551E+01           3.5506551E+01           3.5506551E+01
   1041   2.9013326E+01           2.9013326E+01           2.9013326E+01           2.7820997E+01           2.7820997E+01
   1042   2.7695009E+01           2.7695009E+01           2.7695009E+01           2.6556858E+01           2.6556858E+01
   1043   2.6726008E+01           2.6726008E+01           2.6726008E+01           2.5627679E+01           2.5627679E+01
   1044   2.6111623E+01           2.6111623E+01           2.6111623E+01           2.5038542E+01           2.5038542E+01
   1045   2.8105322E+01           2.8105322E+01           2.8105322E+01           2.7758342E+01           2.7758342E+01
   1046   2.0570136E+01           2.0570136E+01           2.0570136E+01           1.7535198E+01           1.7535198E+01
   1047   2.4170556E+01           2.4170556E+01           2.4170556E+01           2.3177245E+01           2.3177245E+01
   1048   2.6503749E+01           2.6503749E+01           2.6503749E+01           2.6176542E+01           2.6176542E+01
   1049   2.6646698E+01           2.6646698E+01           2.6646698E+01           2.6317727E+01           2.6317727E+01
   1050   2.6400292E+01           2.6400292E+01           2.6400292E+01           2.5315348E+01           2.5315348E+01
   1051   2.8127640E+01           2.8127640E+01           2.8127640E+01           2.6971710E+01           2.6971710E+01
   1052   3.3977718E+01           3.3977718E+01           3.3977718E+01           3.3558240E+01           3.3558240E+01
   1053   3.7873300E+01           3.7873300E+01           3.7873300E+01           3.7873300E+01           3.7873300E+01
   1054   4.0015187E+01           4.0015187E+01           4.0015187E+01           4.0015187E+01           4.0015187E+01
   1055   3.8161778E+01           3.8161778E+01           3.8161778E+01           3.8161778E+01           3.8161778E+01
   1056   3.0181790E+01           3.0181790E+01           3.0181790E+01           2.8941443E+01           2.8941443E+01
   1057   2.8284340E+01           2.8284340E+01           2.8284340E+01           2.7121970E+01           2.7121970E+01
   1058   3.0011583E+01           3.0011583E+01           3.0011583E+01           2.9641070E+01           2.9641070E+01
   1059   2.8763775E+01           2.8763775E+01           2.8763775E+01           2.8408667E+01           2.8408667E+01
   1060   3.0580196E+01           3.0580196E+01           3.0580196E+01           3.0580196E+01           3.0580196E+01
   1061   2.7959976E+01           2.7959976E+01           2.7959976E+01           2.7614791E+01           2.7614791E+01
   1062   2.4572690E+01           2.4572690E+01           2.4572690E+01           2.3562854E+01           2.3562854E+01
   1063   2.4193277E+01           2.4193277E+01           2.4193277E+01           2.3199033E+01           2.3199033E+01
   1064   2.6504144E+01           2.6504144E+01           2.6504144E+01           2.6176933E+01           2.6176933E+01
   1065   2.6569952E+01           2.6569952E+01           2.6569952E+01           2.6241928E+01           2.6241928E+01
   1066   2.7499188E+01           2.7499188E+01           2.7499188E+01           2.6369084E+01           2.6369084E+01
   1067   3.2040125E+01           3.2040125E+01           3.2040125E+01           3.1644568E+01           3.1644568E+01
   1068   3.5302161E+01           3.5302161E+01           3.5302161E+01           3.5302161E+01           3.5302161E+01
   1069   3.6480204E+01           3.6480204E+01           3.6480204E+01           3.6480204E+01           3.6480204E+01
   1070   3.7586949E+01           3.7586949E+01           3.7586949E+01           3.7586949E+01           3.7586949E+01
   1071   3.3858026E+01           3.3858026E+01           3.3858026E+01           3.3440026E+01           3.3440026E+01
   1072   3.1682474E+01           3.1682474E+01           3.1682474E+01           3.1291332E+01           3.1291332E+01
   1073   3.0476424E+01           3.0476424E+01           3.0476424E+01           3.0100172E+01           3.0100172E+01
   1074   3.0079370E+01           3.0079370E+01           3.0079370E+01           2.9708019E+01           2.9708019E+01
   1075   2.9844318E+01           2.9844318E+01           2.9844318E+01           2.9475870E+01           2.9475870E+01
   1076   2.8440041E+01           2.8440041E+01           2.8440041E+01           2.8088929E+01           2.8088929E+01
   1077   2.7362303E+01           2.7362303E+01           2.7362303E+01           2.7024496E+01           2.7024496E+01
   1078   2.7578612E+01           2.7578612E+01           2.7578612E+01           2.7238136E+01           2.7238136E+01
   1079   2.4295246E+01           2.4295246E+01           2.4295246E+01           2.3296811E+01           2.3296811E+01
   1080   2.6759469E+01           2.6759469E+01           2.6759469E+01           2.6429106E+01           2.6429106E+01
   1081   3.4951439E+01           3.4951439E+01           3.4951439E+01           3.4519940E+01           3.4519940E+01
   1082   3.4797720E+01           3.4797720E+01           3.4797720E+01           3.4797720E+01           3.4797720E+01
   1083   3.3172555E+01           3.3172555E+01           3.3172555E+01           3.3172555E+01           3.3172555E+01
   1084   3.1971334E+01           3.1971334E+01           3.1971334E+01           3.1971334E+01           3.1971334E+01
   1085   2.9798707E+01           2.9798707E+01           2.9798707E+01           2.9430822E+01           2.9430822E+01
   1086   2.6033968E+01           2.6033968E+01           2.6033968E+01           2.4964079E+01           2.4964079E+01
   1087   2.5153872E+01           2.5153872E+01           2.5153872E+01           2.4120151E+01           2.4120151E+01
   1088   2.4736738E+01           2.4736738E+01           2.4736738E+01           2.3720160E+01           2.3720160E+01
   1089   2.7334556E+01           2.7334556E+01           2.7334556E+01           2.6997092E+01           2.6997092E+01
   1090   2.7138505E+01           2.7138505E+01           2.7138505E+01           2.6803462E+01           2.6803462E+01
   1091   2.7093358E+01           2.7093358E+01           2.7093358E+01           2.6758872E+01           2.6758872E+01
   1092   2.6899593E+01           2.6899593E+01           2.6899593E+01           2.6567499E+01           2.6567499E+01
   1093   2.7140471E+01           2.7140471E+01           2.7140471E+01           2.6805404E+01           2.6805404E+01
   1094   2.5529480E+01           2.5529480E+01           2.5529480E+01           2.4480324E+01           2.4480324E+01
   1095   2.5014774E+01           2.5014774E+01           2.5014774E+01           2.3986770E+01           2.3986770E+01
   1096   2.6826202E+01           2.6826202E+01           2.6826202E+01           2.6495014E+01           2.6495014E+01
   1097   2.6891788E+01           2.6891788E+01           2.6891788E+01           2.6559790E+01           2.6559790E+01
   1098   2.0234882E+01           2.0234882E+01           2.0234882E+01           1.7249408E+01           1.7249408E+01
   1099   2.4328973E+01           2.4328973E+01           2.4328973E+01           2.3329152E+01           2.3329152E+01
   1100   2.6343350E+01           2.6343350E+01           2.6343350E+01           2.5260747E+01           2.5260747E+01
   1101   2.6062757E+01           2.6062757E+01           2.6062757E+01           2.4991685E+01           2.4991685E+01
   1102   2.5739952E+01           2.5739952E+01           2.5739952E+01           2.4682145E+01           2.4682145E+01
   1103   2.5145355E+01           2.5145355E+01           2.5145355E+01           2.4111984E+01           2.4111984E+01
   1104   2.8166655E+01           2.8166655E+01           2.8166655E+01           2.7818918E+01           2.7818918E+01
   1105   2.7648657E+01           2.7648657E+01           2.7648657E+01           2.7307316E+01           2.7307316E+01
   1106   3.0805208E+01           3.0805208E+01           3.0805208E+01           3.0424897E+01           3.0424897E+01
   1107   3.3195312E+01           3.3195312E+01           3.3195312E+01           3.3195312E+01           3.3195312E+01
   1108   3.2645889E+01           3.2645889E+01           3.2645889E+01           3.2242853E+01           3.2242853E+01
   1109   3.1858220E+01           3.1858220E+01           3.1858220E+01           3.1464909E+01           3.1464909E+01
   1110   3.1773777E+01           3.1773777E+01           3.1773777E+01           3.1381508E+01           3.1381508E+01
   1111   3.0533296E+01           3.0533296E+01           3.0533296E+01           3.0156342E+01           3.0156342E+01
   1112   3.0713766E+01           3.0713766E+01           3.0713766E+01           3.0713766E+01           3.0713766E+01
   1113   3.1440863E+01           3.1440863E+01           3.1440863E+01           3.1440863E+01           3.1440863E+01
   1114   3.0104757E+01           3.0104757E+01           3.0104757E+01           2.9733093E+01           2.9733093E+01
   1115   3.0009921E+01           3.0009921E+01           3.0009921E+01           2.9639428E+01           2.9639428E+01
   1116   2.6616781E+01           2.6616781E+01           2.6616781E+01           2.5522941E+01           2.5522941E+01
   1117   2.7115801E+01           2.7115801E+01           2.7115801E+01           2.6001453E+01           2.6001453E+01
   1118   3.0562735E+01           3.0562735E+01           3.0562735E+01           3.0185417E+01           3.0185417E+01
   1119   3.0713221E+01           3.0713221E+01           3.0713221E+01           3.0334046E+01           3.0334046E+01
   1120   3.1367875E+01           3.1367875E+01           3.1367875E+01           3.0980617E+01           3.0980617E+01
   1121   2.9742361E+01           2.9742361E+01           2.9742361E+01           2.9375172E+01           2.9375172E+01
   1122   3.0357848E+01           3.0357848E+01           3.0357848E+01           2.9983060E+01           2.9983060E+01
   1123   3.0696517E+01           3.0696517E+01           3.0696517E+01           3.0317548E+01           3.0317548E+01
   1124   2.7351630E+01           2.7351630E+01           2.7351630E+01           2.6227591E+01           2.6227591E+01
   1125   3.0976874E+01           3.0976874E+01           3.0976874E+01           3.0594443E+01           3.0594443E+01
   1126   3.3454161E+01           3.3454161E+01           3.3454161E+01           3.3041147E+01           3.3041147E+01
   1127   3.3992908E+01           3.3992908E+01           3.3992908E+01           3.3573242E+01           3.3573242E+01
   1128   3.3325468E+01           3.3325468E+01           3.3325468E+01           3.2914042E+01           3.2914042E+01
   1129   3.4036822E+01           3.4036822E+01           3.4036822E+01           3.3616615E+01           3.3616615E+01
   1130   2.8888402E+01           2.8888402E+01           2.8888402E+01           2.7701207E+01           2.7701207E+01
   1131   3.1428392E+01           3.1428392E+01           3.1428392E+01           3.1040387E+01           3.1040387E+01
   1132   3.0840202E+01           3.0840202E+01           3.0840202E+01           3.0459459E+01           3.0459459E+01
   1133   3.0398142E+01           3.0398142E+01           3.0398142E+01           3.0022856E+01           3.0022856E+01
   1134   2.9204409E+01           2.9204409E+01           2.9204409E+01           2.8843861E+01           2.8843861E+01
   1135   2.9276448E+01           2.9276448E+01           2.9276448E+01           2.9276448E+01           2.9276448E+01
   1136   2.8195718E+01           2.8195718E+01           2.8195718E+01           2.7847623E+01           2.7847623E+01
   1137   2.8955076E+01           2.8955076E+01           2.8955076E+01           2.8597606E+01           2.8597606E+01
   1138   2.9836648E+01           2.9836648E+01           2.9836648E+01           2.9468294E+01           2.9468294E+01
   1139   3.0542274E+01           3.0542274E+01           3.0542274E+01           3.0165209E+01           3.0165209E+01
   1140   3.0526652E+01           3.0526652E+01           3.0526652E+01           3.0149780E+01           3.0149780E+01
   1141   2.9904026E+01           2.9904026E+01           2.9904026E+01           2.9534841E+01           2.9534841E+01
   1142   2.9366384E+01           2.9366384E+01           2.9366384E+01           2.9003836E+01           2.9003836E+01
   1143   2.8641044E+01           2.8641044E+01           2.8641044E+01           2.8287451E+01           2.8287451E+01
   1144   2.8692912E+01           2.8692912E+01           2.8692912E+01           2.8692912E+01           2.8692912E+01
   1145   2.6487662E+01           2.6487662E+01           2.6487662E+01           2.6160653E+01           2.6160653E+01
   1146   2.8333508E+01           2.8333508E+01           2.8333508E+01           2.8333508E+01           2.8333508E+01
   1147   2.8469520E+01           2.8469520E+01           2.8469520E+01           2.8118045E+01           2.8118045E+01
   1148   2.9318105E+01           2.9318105E+01           2.9318105E+01           2.8956153E+01           2.8956153E+01
   1149   3.0232436E+01           3.0232436E+01           3.0232436E+01           2.9859196E+01           2.9859196E+01
   1150   3.0937734E+01           3.0937734E+01           3.0937734E+01           3.0555787E+01           3.0555787E+01
   1151   3.1713886E+01           3.1713886E+01           3.1713886E+01           3.1322357E+01           3.1322357E+01
   1152   2.9756414E+01           2.9756414E+01           2.9756414E+01           2.8533548E+01           2.8533548E+01
   1153   3.0705756E+01           3.0705756E+01           3.0705756E+01           2.9443875E+01           2.9443875E+01
   1154   3.1331343E+01           3.1331343E+01           3.1331343E+01           3.0043754E+01           3.0043754E+01
   1155   3.1383794E+01           3.1383794E+01           3.1383794E+01           3.0094049E+01           3.0094049E+01
   1156   3.3350853E+01           3.3350853E+01           3.3350853E+01           3.2939114E+01           3.2939114E+01
   1157   3.3975895E+01           3.3975895E+01           3.3975895E+01           3.3556440E+01           3.3556440E+01
   1158   3.2499182E+01           3.2499182E+01           3.2499182E+01           3.2097958E+01           3.2097958E+01
   1159   2.9755512E+01           2.9755512E+01           2.9755512E+01           2.9388160E+01           2.9388160E+01
   1160   2.6138959E+01           2.6138959E+01           2.6138959E+01           2.5064755E+01           2.5064755E+01
   1161   2.9905033E+01           2.9905033E+01           2.9905033E+01           2.9905033E+01           2.9905033E+01
   1162   2.8821884E+01           2.8821884E+01           2.8821884E+01           2.8821884E+01           2.8821884E+01
   1163   2.7296524E+01           2.7296524E+01           2.7296524E+01           2.6959530E+01           2.6959530E+01
   1164   2.9257700E+01           2.9257700E+01           2.9257700E+01           2.9257700E+01           2.9257700E+01
   1165   3.0730591E+01           3.0730591E+01           3.0730591E+01           3.0730591E+01           3.0730591E+01
   1166   3.0668695E+01           3.0668695E+01           3.0668695E+01           3.0290069E+01           3.0290069E+01
   1167   3.1390632E+01           3.1390632E+01           3.1390632E+01           3.1003093E+01           3.1003093E+01
   1168   2.8981547E+01           2.8981547E+01           2.8981547E+01           2.7790524E+01           2.7790524E+01
   1169   2.8532408E+01           2.8532408E+01           2.8532408E+01           2.7359843E+01           2.7359843E+01
   1170   2.9502480E+01           2.9502480E+01           2.9502480E+01           2.8290049E+01           2.8290049E+01
   1171   2.9870884E+01           2.9870884E+01           2.9870884E+01           2.8643314E+01           2.8643314E+01
   1172   3.3017732E+01           3.3017732E+01           3.3017732E+01           3.2610106E+01           3.2610106E+01
   1173   3.2353947E+01           3.2353947E+01           3.2353947E+01           3.1954516E+01           3.1954516E+01
   1174   2.8833353E+01           2.8833353E+01           2.8833353E+01           2.7648420E+01           2.7648420E+01
   1175   2.4941258E+01           2.4941258E+01           2.4941258E+01           2.1261400E+01           2.1261400E+01
   1176   3.0130219E+01           3.0130219E+01           3.0130219E+01           2.8891991E+01           2.8891991E+01
   1177   3.0310633E+01           3.0310633E+01           3.0310633E+01           2.9064991E+01           2.9064991E+01
   1178   3.2985646E+01           3.2985646E+01           3.2985646E+01           3.2578416E+01           3.2578416E+01
   1179   3.2649336E+01           3.2649336E+01           3.2649336E+01           3.2246258E+01           3.2246258E+01
   1180   3.1940783E+01           3.1940783E+01           3.1940783E+01           3.1546452E+01           3.1546452E+01
   1181   3.1862718E+01           3.1862718E+01           3.1862718E+01           3.1862718E+01           3.1862718E+01
   1182   2.9068833E+01           2.9068833E+01           2.9068833E+01           2.7874223E+01           2.7874223E+01
   1183   2.9915177E+01           2.9915177E+01           2.9915177E+01           2.8685786E+01           2.8685786E+01
   1184   3.0073461E+01           3.0073461E+01           3.0073461E+01           2.8837565E+01           2.8837565E+01
   1185   2.8882617E+01           2.8882617E+01           2.8882617E+01           2.7695660E+01           2.7695660E+01
   1186   3.2420091E+01           3.2420091E+01           3.2420091E+01           3.2019843E+01           3.2019843E+01
   1187   3.2250989E+01           3.2250989E+01           3.2250989E+01           3.2250989E+01           3.2250989E+01
   1188   3.1092508E+01           3.1092508E+01           3.1092508E+01           3.1092508E+01           3.1092508E+01
   1189   2.9921622E+01           2.9921622E+01           2.9921622E+01           2.9921622E+01           2.9921622E+01
   1190   2.8724164E+01           2.8724164E+01           2.8724164E+01           2.8724164E+01           2.8724164E+01
   1191   3.0184704E+01           3.0184704E+01           3.0184704E+01           2.9812054E+01           2.9812054E+01
   1192   2.9620438E+01           2.9620438E+01           2.9620438E+01           2.9620438E+01           2.9620438E+01
   1193   2.8543225E+01           2.8543225E+01           2.8543225E+01           2.8543225E+01           2.8543225E+01
   1194   2.9822873E+01           2.9822873E+01           2.9822873E+01           2.9454689E+01           2.9454689E+01
   1195   2.9293864E+01           2.9293864E+01           2.9293864E+01           2.9293864E+01           2.9293864E+01
   1196   2.7585353E+01           2.7585353E+01           2.7585353E+01           2.7585353E+01           2.7585353E+01
   1197   2.9128914E+01           2.9128914E+01           2.9128914E+01           2.9128914E+01           2.9128914E+01
   1198   3.1111075E+01           3.1111075E+01           3.1111075E+01           3.1111075E+01           3.1111075E+01
   1199   3.2796519E+01           3.2796519E+01           3.2796519E+01           3.2796519E+01           3.2796519E+01
   1200   3.2231169E+01           3.2231169E+01           3.2231169E+01           3.1833254E+01           3.1833254E+01
   1201   2.9454083E+01           2.9454083E+01           2.9454083E+01           2.8243641E+01           2.8243641E+01
   1202   2.9864083E+01           2.9864083E+01           2.9864083E+01           2.8636792E+01           2.8636792E+01
   1203   2.9986403E+01           2.9986403E+01           2.9986403E+01           2.8754086E+01           2.8754086E+01
   1204   3.3221997E+01           3.3221997E+01           3.3221997E+01           3.3221997E+01           3.3221997E+01
   1205   3.3980048E+01           3.3980048E+01           3.3980048E+01           3.3560541E+01           3.3560541E+01
   1206   3.4121842E+01           3.4121842E+01           3.4121842E+01           3.3700584E+01           3.3700584E+01
   1207   3.1117992E+01           3.1117992E+01           3.1117992E+01           2.9839171E+01           2.9839171E+01
   1208   2.5249772E+01           2.5249772E+01           2.5249772E+01           2.1524396E+01           2.1524396E+01
   1209   2.8443236E+01           2.8443236E+01           2.8443236E+01           2.7274336E+01           2.7274336E+01
   1210   3.0076789E+01           3.0076789E+01           3.0076789E+01           2.9705471E+01           2.9705471E+01
   1211   2.9997491E+01           2.9997491E+01           2.9997491E+01           2.9997491E+01           2.9997491E+01
   1212   2.9323039E+01           2.9323039E+01           2.9323039E+01           2.8961026E+01           2.8961026E+01
   1213   3.3819303E+01           3.3819303E+01           3.3819303E+01           3.3401780E+01           3.3401780E+01
   1214   2.9715300E+01           2.9715300E+01           2.9715300E+01           2.9348445E+01           2.9348445E+01
   1215   2.9907898E+01           2.9907898E+01           2.9907898E+01           2.9907898E+01           2.9907898E+01
   1216   2.9806032E+01           2.9806032E+01           2.9806032E+01           2.9806032E+01           2.9806032E+01
   1217   3.2362540E+01           3.2362540E+01           3.2362540E+01           3.2362540E+01           3.2362540E+01
   1218   3.4623162E+01           3.4623162E+01           3.4623162E+01           3.4623162E+01           3.4623162E+01
   1219   3.6034370E+01           3.6034370E+01           3.6034370E+01           3.6034370E+01           3.6034370E+01
   1220   3.7762054E+01           3.7762054E+01           3.7762054E+01           3.7762054E+01           3.7762054E+01
   1221   3.7403520E+01           3.7403520E+01           3.7403520E+01           3.6941748E+01           3.6941748E+01
   1222   3.6891359E+01           3.6891359E+01           3.6891359E+01           3.6435910E+01           3.6435910E+01
   1223   3.1765140E+01           3.1765140E+01           3.1765140E+01           3.0459723E+01           3.0459723E+01
   1224   2.9649445E+01           2.9649445E+01           2.9649445E+01           2.8430975E+01           2.8430975E+01
   1225   2.9744109E+01           2.9744109E+01           2.9744109E+01           2.9376898E+01           2.9376898E+01
   1226   2.6945525E+01           2.6945525E+01           2.6945525E+01           2.6612864E+01           2.6612864E+01
   1227   3.5238575E+01           3.5238575E+01           3.5238575E+01           3.4803531E+01           3.4803531E+01
   1228   3.1634372E+01           3.1634372E+01           3.1634372E+01           3.1243824E+01           3.1243824E+01
   1229   3.0914362E+01           3.0914362E+01           3.0914362E+01           3.0532704E+01           3.0532704E+01
   1230   3.0572510E+01           3.0572510E+01           3.0572510E+01           3.0195071E+01           3.0195071E+01
   1231   3.2979034E+01           3.2979034E+01           3.2979034E+01           3.2979034E+01           3.2979034E+01
   1232   3.5413379E+01           3.5413379E+01           3.5413379E+01           3.5413379E+01           3.5413379E+01
   1233   3.7894822E+01           3.7894822E+01           3.7894822E+01           3.7894822E+01           3.7894822E+01
   1234   4.0219850E+01           4.0219850E+01           4.0219850E+01           4.0219850E+01           4.0219850E+01
   1235   4.2259474E+01           4.2259474E+01           4.2259474E+01           4.2259474E+01           4.2259474E+01
   1236   4.1602591E+01           4.1602591E+01           4.1602591E+01           4.1088979E+01           4.1088979E+01
   1237   3.6538895E+01           3.6538895E+01           3.6538895E+01           3.5037297E+01           3.5037297E+01
   1238   3.4275574E+01           3.4275574E+01           3.4275574E+01           3.2866989E+01           3.2866989E+01
   1239   3.1972664E+01           3.1972664E+01           3.1972664E+01           3.0658719E+01           3.0658719E+01
   1240   3.2197991E+01           3.2197991E+01           3.2197991E+01           3.1800485E+01           3.1800485E+01
   1241   2.9905753E+01           2.9905753E+01           2.9905753E+01           2.9536546E+01           2.9536546E+01
   1242   3.2539219E+01           3.2539219E+01           3.2539219E+01           3.2137500E+01           3.2137500E+01
   1243   3.1807358E+01           3.1807358E+01           3.1807358E+01           3.1414675E+01           3.1414675E+01
   1244   3.1759042E+01           3.1759042E+01           3.1759042E+01           3.1366955E+01           3.1366955E+01
   1245   3.2406317E+01           3.2406317E+01           3.2406317E+01           3.2006239E+01           3.2006239E+01
   1246   3.4564901E+01           3.4564901E+01           3.4564901E+01           3.4138174E+01           3.4138174E+01
   1247   3.7426258E+01           3.7426258E+01           3.7426258E+01           3.6964206E+01           3.6964206E+01
   1248   4.1562760E+01           4.1562760E+01           4.1562760E+01           4.1562760E+01           4.1562760E+01
   1249   4.4731032E+01           4.4731032E+01           4.4731032E+01           4.4731032E+01           4.4731032E+01
   1250   4.5073135E+01           4.5073135E+01           4.5073135E+01           4.4516677E+01           4.4516677E+01
   1251   4.0217231E+01           4.0217231E+01           4.0217231E+01           3.8564468E+01           3.8564468E+01
   1252   4.1539230E+01           4.1539230E+01           4.1539230E+01           3.9832139E+01           3.9832139E+01
   1253   3.3793562E+01           3.3793562E+01           3.3793562E+01           2.8807626E+01           2.8807626E+01
   1254   3.7573569E+01           3.7573569E+01           3.7573569E+01           3.6029450E+01           3.6029450E+01
   1255   3.8412724E+01           3.8412724E+01           3.8412724E+01           3.7938493E+01           3.7938493E+01
   1256   3.4698221E+01           3.4698221E+01           3.4698221E+01           3.4269848E+01           3.4269848E+01
   1257   3.2809138E+01           3.2809138E+01           3.2809138E+01           3.2404087E+01           3.2404087E+01
   1258   3.2371942E+01           3.2371942E+01           3.2371942E+01           3.1972288E+01           3.1972288E+01
   1259   2.8691417E+01           2.8691417E+01           2.8691417E+01           2.7512318E+01           2.7512318E+01
   1260   2.9254920E+01           2.9254920E+01           2.9254920E+01           2.8052663E+01           2.8052663E+01
   1261   2.9230605E+01           2.9230605E+01           2.9230605E+01           2.8029347E+01           2.8029347E+01
   1262   3.4883140E+01           3.4883140E+01           3.4883140E+01           3.4452484E+01           3.4452484E+01
   1263   3.4605526E+01           3.4605526E+01           3.4605526E+01           3.3183381E+01           3.3183381E+01
   1264   4.3320828E+01           4.3320828E+01           4.3320828E+01           4.3320828E+01           4.3320828E+01
   1265   4.4549875E+01           4.4549875E+01           4.4549875E+01           4.3999876E+01           4.3999876E+01
   1266   3.2047302E+01           3.2047302E+01           3.2047302E+01           3.0730289E+01           3.0730289E+01
   1267   3.8687784E+01           3.8687784E+01           3.8687784E+01           3.8210157E+01           3.8210157E+01
   1268   3.8603339E+01           3.8603339E+01           3.8603339E+01           3.7016901E+01           3.7016901E+01
   1269   4.7296548E+01           4.7296548E+01           4.7296548E+01           4.6712640E+01           4.6712640E+01
   1270   4.9847541E+01           4.9847541E+01           4.9847541E+01           4.9232139E+01           4.9232139E+01
   1271   5.0852711E+01           5.0852711E+01           5.0852711E+01           5.0224900E+01           5.0224900E+01
   1272   3.8197018E+01           3.8197018E+01           3.8197018E+01           3.2561392E+01           3.2561392E+01
   1273   3.7398098E+01           3.7398098E+01           3.7398098E+01           3.1880346E+01           3.1880346E+01
   1274   4.1505715E+01           4.1505715E+01           4.1505715E+01           3.9800000E+01           3.9800000E+01
   1275   3.7491585E+01           3.7491585E+01           3.7491585E+01           3.5950835E+01           3.5950835E+01
   1276   3.7775906E+01           3.7775906E+01           3.7775906E+01           3.7309537E+01           3.7309537E+01
   1277   3.5413284E+01           3.5413284E+01           3.5413284E+01           3.4976083E+01           3.4976083E+01
   1278   2.9383299E+01           2.9383299E+01           2.9383299E+01           2.5048058E+01           2.5048058E+01
   1279   3.8630669E+01           3.8630669E+01           3.8630669E+01           3.7043107E+01           3.7043107E+01
   1280   4.2733558E+01           4.2733558E+01           4.2733558E+01           4.0977384E+01           4.0977384E+01
   1281   5.2969755E+01           5.2969755E+01           5.2969755E+01           5.2315807E+01           5.2315807E+01
   1282   5.6501007E+01           5.6501007E+01           5.6501007E+01           5.5803463E+01           5.5803463E+01
   1283   5.8115569E+01           5.8115569E+01           5.8115569E+01           5.7398092E+01           5.7398092E+01
   1284   5.1447806E+01           5.1447806E+01           5.1447806E+01           4.9333512E+01           4.9333512E+01
   1285   4.1363527E+01           4.1363527E+01           4.1363527E+01           3.5260711E+01           3.5260711E+01
   1286   4.5448654E+01           4.5448654E+01           4.5448654E+01           4.3580901E+01           4.3580901E+01
   1287   4.0998805E+01           4.0998805E+01           4.0998805E+01           3.9313923E+01           3.9313923E+01
   1288   3.6726605E+01           3.6726605E+01           3.6726605E+01           3.5217292E+01           3.5217292E+01
   1289   3.7407480E+01           3.7407480E+01           3.7407480E+01           3.6945659E+01           3.6945659E+01
   1290   3.8728387E+01           3.8728387E+01           3.8728387E+01           3.7136810E+01           3.7136810E+01
   1291   4.7266437E+01           4.7266437E+01           4.7266437E+01           4.6682901E+01           4.6682901E+01
   1292   4.7334128E+01           4.7334128E+01           4.7334128E+01           4.5388890E+01           4.5388890E+01
   1293   5.8088961E+01           5.8088961E+01           5.8088961E+01           5.7371814E+01           5.7371814E+01
   1294   6.1167893E+01           6.1167893E+01           6.1167893E+01           6.0412733E+01           6.0412733E+01
   1295   6.5457654E+01           6.5457654E+01           6.5457654E+01           6.4649535E+01           6.4649535E+01
   1296   6.5484626E+01           6.5484626E+01           6.5484626E+01           6.4676173E+01           6.4676173E+01
   1297   6.1679356E+01           6.1679356E+01           6.1679356E+01           6.0917883E+01           6.0917883E+01
   1298   5.9977033E+01           5.9977033E+01           5.9977033E+01           5.9236576E+01           5.9236576E+01
   1299   4.9220634E+01           4.9220634E+01           4.9220634E+01           4.7197868E+01           4.7197868E+01
   1300   4.3636860E+01           4.3636860E+01           4.3636860E+01           4.1843565E+01           4.1843565E+01
   1301   3.8286981E+01           3.8286981E+01           3.8286981E+01           3.6713543E+01           3.6713543E+01
   1302   3.8965083E+01           3.8965083E+01           3.8965083E+01           3.8484033E+01           3.8484033E+01
   1303   3.4889952E+01           3.4889952E+01           3.4889952E+01           2.9742254E+01           2.9742254E+01
   1304   3.9096919E+01           3.9096919E+01           3.9096919E+01           3.3328521E+01           3.3328521E+01
   1305   4.4449697E+01           4.4449697E+01           4.4449697E+01           3.7891545E+01           3.7891545E+01
   1306   6.6074821E+01           6.6074821E+01           6.6074821E+01           6.5259082E+01           6.5259082E+01
   1307   7.1560417E+01           7.1560417E+01           7.1560417E+01           7.0676955E+01           7.0676955E+01
   1308   6.4547553E+01           6.4547553E+01           6.4547553E+01           6.1894914E+01           6.1894914E+01
   1309   5.9084039E+01           5.9084039E+01           5.9084039E+01           5.6655928E+01           5.6655928E+01
   1310   4.3005721E+01           4.3005721E+01           4.3005721E+01           3.6660614E+01           3.6660614E+01
   1311   4.3498321E+01           4.3498321E+01           4.3498321E+01           4.1710719E+01           4.1710719E+01
   1312   4.2326034E+01           4.2326034E+01           4.2326034E+01           4.1803491E+01           4.1803491E+01
   1313   3.9899556E+01           3.9899556E+01           3.9899556E+01           3.9406969E+01           3.9406969E+01
   1314   3.4949265E+01           3.4949265E+01           3.4949265E+01           2.9792816E+01           2.9792816E+01
   1315   3.9166561E+01           3.9166561E+01           3.9166561E+01           3.3387888E+01           3.3387888E+01
   1316   4.5944040E+01           4.5944040E+01           4.5944040E+01           3.9165411E+01           3.9165411E+01
   1317   6.7544244E+01           6.7544244E+01           6.7544244E+01           6.4768453E+01           6.4768453E+01
   1318   7.0233475E+01           7.0233475E+01           7.0233475E+01           6.7347168E+01           6.7347168E+01
   1319   8.5371685E+01           8.5371685E+01           8.5371685E+01           8.4317714E+01           8.4317714E+01
   1320   7.0654978E+01           7.0654978E+01           7.0654978E+01           6.7751349E+01           6.7751349E+01
   1321   4.8978705E+01           4.8978705E+01           4.8978705E+01           4.1752339E+01           4.1752339E+01
   1322   4.0752215E+01           4.0752215E+01           4.0752215E+01           3.4739593E+01           3.4739593E+01
   1323   3.5057391E+01           3.5057391E+01           3.5057391E+01           2.9884989E+01           2.9884989E+01
   1324   3.2069744E+01           3.2069744E+01           3.2069744E+01           2.7338142E+01           2.7338142E+01
   1325   3.6664884E+01           3.6664884E+01           3.6664884E+01           3.5158108E+01           3.5158108E+01
   1326   3.8737198E+01           3.8737198E+01           3.8737198E+01           3.8258961E+01           3.8258961E+01
   1327   3.8798388E+01           3.8798388E+01           3.8798388E+01           3.8319396E+01           3.8319396E+01
   1328   3.2534915E+01           3.2534915E+01           3.2534915E+01           2.7734682E+01           2.7734682E+01
   1329   6.9489737E+01           6.9489737E+01           6.9489737E+01           6.6633994E+01           6.6633994E+01
   1330   7.4830768E+01           7.4830768E+01           7.4830768E+01           7.1755531E+01           7.1755531E+01
   1331   5.3531223E+01           5.3531223E+01           5.3531223E+01           4.5633174E+01           4.5633174E+01
   1332   4.5930376E+01           4.5930376E+01           4.5930376E+01           3.9153763E+01           3.9153763E+01
   1333   3.4889119E+01           3.4889119E+01           3.4889119E+01           2.9741544E+01           2.9741544E+01
   1334   3.0697399E+01           3.0697399E+01           3.0697399E+01           2.6168274E+01           2.6168274E+01
   1335   3.4218460E+01           3.4218460E+01           3.4218460E+01           3.2812222E+01           3.2812222E+01
   1336   3.7430471E+01           3.7430471E+01           3.7430471E+01           3.6968366E+01           3.6968366E+01
   1337   3.9035375E+01           3.9035375E+01           3.9035375E+01           3.7431181E+01           3.7431181E+01
   1338   4.2893999E+01           4.2893999E+01           4.2893999E+01           4.1131231E+01           4.1131231E+01
   1339   4.2050194E+01           4.2050194E+01           4.2050194E+01           4.0322104E+01           4.0322104E+01
   1340   3.0794346E+01           3.0794346E+01           3.0794346E+01           2.9528825E+01           2.9528825E+01
   1341   3.7276362E+01           3.7276362E+01           3.7276362E+01           3.5744456E+01           3.5744456E+01
   1342   6.1891156E+01           6.1891156E+01           6.1891156E+01           6.1127068E+01           6.1127068E+01
   1343   6.2543303E+01           6.2543303E+01           6.2543303E+01           6.1771163E+01           6.1771163E+01
   1344   5.4596088E+01           5.4596088E+01           5.4596088E+01           5.3922062E+01           5.3922062E+01
   1345   3.8357323E+01           3.8357323E+01           3.8357323E+01           3.2698046E+01           3.2698046E+01
   1346   3.5399698E+01           3.5399698E+01           3.5399698E+01           3.3944916E+01           3.3944916E+01
   1347   3.1909868E+01           3.1909868E+01           3.1909868E+01           3.0598504E+01           3.0598504E+01
   1348   2.6448579E+01           2.6448579E+01           2.6448579E+01           2.2546330E+01           2.2546330E+01
   1349   3.2819346E+01           3.2819346E+01           3.2819346E+01           3.1470606E+01           3.1470606E+01
   1350   2.7283852E+01           2.7283852E+01           2.7283852E+01           2.6162598E+01           2.6162598E+01
   1351   2.5658432E+01           2.5658432E+01           2.5658432E+01           2.4603976E+01           2.4603976E+01
   1352   4.6344043E+01           4.6344043E+01           4.6344043E+01           4.5771894E+01           4.5771894E+01
   1353   4.8383122E+01           4.8383122E+01           4.8383122E+01           4.7785799E+01           4.7785799E+01
   1354   4.2284887E+01           4.2284887E+01           4.2284887E+01           4.1762851E+01           4.1762851E+01
   1355   2.9105208E+01           2.9105208E+01           2.9105208E+01           2.7909103E+01           2.7909103E+01
   1356   2.7445918E+01           2.7445918E+01           2.7445918E+01           2.6318003E+01           2.6318003E+01
   1357   2.9204482E+01           2.9204482E+01           2.9204482E+01           2.8004297E+01           2.8004297E+01
   1358   2.6242382E+01           2.6242382E+01           2.6242382E+01           2.2370555E+01           2.2370555E+01
   1359   3.3161948E+01           3.3161948E+01           3.3161948E+01           3.1799129E+01           3.1799129E+01
   1360   2.8964860E+01           2.8964860E+01           2.8964860E+01           2.7774523E+01           2.7774523E+01
   1361   2.9454331E+01           2.9454331E+01           2.9454331E+01           2.8243879E+01           2.8243879E+01
   1362   3.1054177E+01           3.1054177E+01           3.1054177E+01           2.9777978E+01           2.9777978E+01
   1363   3.8826066E+01           3.8826066E+01           3.8826066E+01           3.8346732E+01           3.8346732E+01
   1364   3.9420542E+01           3.9420542E+01           3.9420542E+01           3.8933869E+01           3.8933869E+01
   1365   3.5400179E+01           3.5400179E+01           3.5400179E+01           3.4963139E+01           3.4963139E+01
   1366   2.7881824E+01           2.7881824E+01           2.7881824E+01           2.7537603E+01           2.7537603E+01
   1367   2.4546285E+01           2.4546285E+01           2.4546285E+01           2.3537533E+01           2.3537533E+01
   1368   2.6787021E+01           2.6787021E+01           2.6787021E+01           2.5686184E+01           2.5686184E+01
   1369   2.7818882E+01           2.7818882E+01           2.7818882E+01           2.6675640E+01           2.6675640E+01
   1370   3.0239851E+01           3.0239851E+01           3.0239851E+01           2.8997117E+01           2.8997117E+01
   1371   2.6586814E+01           2.6586814E+01           2.6586814E+01           2.2664170E+01           2.2664170E+01
   1372   2.9226020E+01           2.9226020E+01           2.9226020E+01           2.8024951E+01           2.8024951E+01
   1373   2.9847984E+01           2.9847984E+01           2.9847984E+01           2.8621354E+01           2.8621354E+01
   1374   3.0438367E+01           3.0438367E+01           3.0438367E+01           2.9187475E+01           2.9187475E+01
   1375   2.6930858E+01           2.6930858E+01           2.6930858E+01           2.5824111E+01           2.5824111E+01
   1376   2.7688111E+01           2.7688111E+01           2.7688111E+01           2.6550243E+01           2.6550243E+01
   1377   2.8219177E+01           2.8219177E+01           2.8219177E+01           2.7059485E+01           2.7059485E+01
   1378   2.7280354E+01           2.7280354E+01           2.7280354E+01           2.6159244E+01           2.6159244E+01
   1379   2.6149049E+01           2.6149049E+01           2.6149049E+01           2.5074430E+01           2.5074430E+01
   1380   2.5791750E+01           2.5791750E+01           2.5791750E+01           2.4731815E+01           2.4731815E+01
   1381   2.4717088E+01           2.4717088E+01           2.4717088E+01           2.3701318E+01           2.3701318E+01
   1382   2.1113601E+01           2.1113601E+01           2.1113601E+01           1.7998480E+01           1.7998480E+01
   1383   2.0723728E+01           2.0723728E+01           2.0723728E+01           1.7666129E+01           1.7666129E+01
   1384   2.1018990E+01           2.1018990E+01           2.1018990E+01           1.7917828E+01           1.7917828E+01
   1385   2.7388579E+01           2.7388579E+01           2.7388579E+01           2.6263021E+01           2.6263021E+01
   1386   2.5531639E+01           2.5531639E+01           2.5531639E+01           2.4482393E+01           2.4482393E+01
   1387   2.4853340E+01           2.4853340E+01           2.4853340E+01           2.3831970E+01           2.3831970E+01
   1388   2.1099161E+01           2.1099161E+01           2.1099161E+01           1.7986170E+01           1.7986170E+01
   1389   2.7392189E+01           2.7392189E+01           2.7392189E+01           2.6266483E+01           2.6266483E+01
   1390   2.5409486E+01           2.5409486E+01           2.5409486E+01           2.4365260E+01           2.4365260E+01
   1391   2.6820935E+01           2.6820935E+01           2.6820935E+01           2.5718704E+01           2.5718704E+01
   1392   2.9151350E+01           2.9151350E+01           2.9151350E+01           2.7953350E+01           2.7953350E+01
C*******************************************************************************
C                         Reference Evapotranspiration (ETo) 
C
C   The following lists the ETo column pointers for each finite element and ponded 
C   crop combination. 
C
C   IE   ;  Element ID (Enter 0 if following values are to be used for all element
C             and ponded crop combinations)
C   ICET ;  Reference ET (ETo) - this number corresponds to the appropriate data column
C             in the ET data file listed in the Main Input File. List for each 
C             ponded crop (1 to NRICE + NREFUGE).
C             * List the column pointers in the same order as the crop 
C               codes (CCODE) are listed above; first for rice categories, 
C               then for refuge categories
C             
C--------------------------------------------------------------------------------
C    IE     ICET_RI_FL  ICET_RI_NFL  ICET_RI_NDC  ICET_RF_SL  ICET_RF_PR
C--------------------------------------------------------------------------------
      1        1102        1102        1102        1157        1157
      2        1104        1104        1104        1159        1159
      3        1104        1104        1104        1159        1159
      4        1104        1104        1104        1159        1159
      5        1104        1104        1104        1159        1159
      6        1104        1104        1104        1159        1159
      7        1102        1102        1102        1157        1157
      8        1104        1104        1104        1159        1159
      9        1104        1104        1104        1159        1159
     10        1104        1104        1104        1159        1159
     11        1102        1102        1102        1157        1157
     12        1102        1102        1102        1157        1157
     13        1102        1102        1102        1157        1157
     14        1104        1104        1104        1159        1159
     15        1104        1104        1104        1159        1159
     16        1104        1104        1104        1159        1159
     17        1102        1102        1102        1157        1157
     18        1102        1102        1102        1157        1157
     19        1102        1102        1102        1157        1157
     20        1102        1102        1102        1157        1157
     21        1104        1104        1104        1159        1159
     22        1101        1101        1101        1156        1156
     23        1101        1101        1101        1156        1156
     24        1102        1102        1102        1157        1157
     25        1102        1102        1102        1157        1157
     26        1102        1102        1102        1157        1157
     27        1102        1102        1102        1157        1157
     28        1104        1104        1104        1159        1159
     29        1104        1104        1104        1159        1159
     30        1102        1102        1102        1157        1157
     31        1102        1102        1102        1157        1157
     32        1102        1102        1102        1157        1157
     33        1102        1102        1102        1157        1157
     34        1102        1102        1102        1157        1157
     35        1102        1102        1102        1157        1157
     36        1104        1104        1104        1159        1159
     37        1101        1101        1101        1156        1156
     38        1101        1101        1101        1156        1156
     39        1101        1101        1101        1156        1156
     40        1102        1102        1102        1157        1157
     41        1102        1102        1102        1157        1157
     42        1102        1102        1102        1157        1157
     43        1102        1102        1102        1157        1157
     44        1101        1101        1101        1156        1156
     45        1101        1101        1101        1156        1156
     46        1101        1101        1101        1156        1156
     47        1101        1101        1101        1156        1156
     48        1105        1105        1105        1160        1160
     49        1105        1105        1105        1160        1160
     50        1105        1105        1105        1160        1160
     51        1105        1105        1105        1160        1160
     52        1104        1104        1104        1159        1159
     53        1106        1106        1106        1161        1161
     54        1105        1105        1105        1160        1160
     55        1105        1105        1105        1160        1160
     56        1105        1105        1105        1160        1160
     57        1105        1105        1105        1160        1160
     58        1105        1105        1105        1160        1160
     59        1105        1105        1105        1160        1160
     60        1105        1105        1105        1160        1160
     61        1105        1105        1105        1160        1160
     62        1105        1105        1105        1160        1160
     63        1105        1105        1105        1160        1160
     64        1106        1106        1106        1161        1161
     65        1105        1105        1105        1160        1160
     66        1105        1105        1105        1160        1160
     67        1105        1105        1105        1160        1160
     68        1105        1105        1105        1160        1160
     69        1105        1105        1105        1160        1160
     70        1106        1106        1106        1161        1161
     71        1106        1106        1106        1161        1161
     72        1105        1105        1105        1160        1160
     73        1105        1105        1105        1160        1160
     74        1105        1105        1105        1160        1160
     75        1105        1105        1105        1160        1160
     76        1105        1105        1105        1160        1160
     77        1106        1106        1106        1161        1161
     78        1106        1106        1106        1161        1161
     79        1105        1105        1105        1160        1160
     80        1105        1105        1105        1160        1160
     81        1105        1105        1105        1160        1160
     82        1105        1105        1105        1160        1160
     83        1105        1105        1105        1160        1160
     84        1106        1106        1106        1161        1161
     85        1106        1106        1106        1161        1161
     86        1105        1105        1105        1160        1160
     87        1105        1105        1105        1160        1160
     88        1105        1105        1105        1160        1160
     89        1105        1105        1105        1160        1160
     90        1105        1105        1105        1160        1160
     91        1106        1106        1106        1161        1161
     92        1106        1106        1106        1161        1161
     93        1105        1105        1105        1160        1160
     94        1105        1105        1105        1160        1160
     95        1105        1105        1105        1160        1160
     96        1105        1105        1105        1160        1160
     97        1106        1106        1106        1161        1161
     98        1106        1106        1106        1161        1161
     99        1105        1105        1105        1160        1160
    100        1105        1105        1105        1160        1160
    101        1105        1105        1105        1160        1160
    102        1105        1105        1105        1160        1160
    103        1105        1105        1105        1160        1160
    104        1106        1106        1106        1161        1161
    105        1106        1106        1106        1161        1161
    106        1105        1105        1105        1160        1160
    107        1105        1105        1105        1160        1160
    108        1105        1105        1105        1160        1160
    109        1105        1105        1105        1160        1160
    110        1109        1109        1109        1164        1164
    111        1109        1109        1109        1164        1164
    112        1111        1111        1111        1166        1166
    113        1106        1106        1106        1161        1161
    114        1106        1106        1106        1161        1161
    115        1106        1106        1106        1161        1161
    116        1106        1106        1106        1161        1161
    117        1106        1106        1106        1161        1161
    118        1106        1106        1106        1161        1161
    119        1115        1115        1115        1170        1170
    120        1115        1115        1115        1170        1170
    121        1103        1103        1103        1158        1158
    122        1103        1103        1103        1158        1158
    123        1107        1107        1107        1162        1162
    124        1109        1109        1109        1164        1164
    125        1107        1107        1107        1162        1162
    126        1107        1107        1107        1162        1162
    127        1109        1109        1109        1164        1164
    128        1111        1111        1111        1166        1166
    129        1111        1111        1111        1166        1166
    130        1114        1114        1114        1169        1169
    131        1115        1115        1115        1170        1170
    132        1115        1115        1115        1170        1170
    133        1114        1114        1114        1169        1169
    134        1115        1115        1115        1170        1170
    135        1115        1115        1115        1170        1170
    136        1115        1115        1115        1170        1170
    137        1103        1103        1103        1158        1158
    138        1107        1107        1107        1162        1162
    139        1109        1109        1109        1164        1164
    140        1109        1109        1109        1164        1164
    141        1109        1109        1109        1164        1164
    142        1109        1109        1109        1164        1164
    143        1109        1109        1109        1164        1164
    144        1111        1111        1111        1166        1166
    145        1111        1111        1111        1166        1166
    146        1114        1114        1114        1169        1169
    147        1117        1117        1117        1172        1172
    148        1115        1115        1115        1170        1170
    149        1117        1117        1117        1172        1172
    150        1115        1115        1115        1170        1170
    151        1115        1115        1115        1170        1170
    152        1117        1117        1117        1172        1172
    153        1117        1117        1117        1172        1172
    154        1117        1117        1117        1172        1172
    155        1119        1119        1119        1174        1174
    156        1109        1109        1109        1164        1164
    157        1111        1111        1111        1166        1166
    158        1111        1111        1111        1166        1166
    159        1114        1114        1114        1169        1169
    160        1117        1117        1117        1172        1172
    161        1117        1117        1117        1172        1172
    162        1117        1117        1117        1172        1172
    163        1117        1117        1117        1172        1172
    164        1117        1117        1117        1172        1172
    165        1119        1119        1119        1174        1174
    166        1109        1109        1109        1164        1164
    167        1109        1109        1109        1164        1164
    168        1109        1109        1109        1164        1164
    169        1109        1109        1109        1164        1164
    170        1111        1111        1111        1166        1166
    171        1111        1111        1111        1166        1166
    172        1111        1111        1111        1166        1166
    173        1114        1114        1114        1169        1169
    174        1117        1117        1117        1172        1172
    175        1117        1117        1117        1172        1172
    176        1117        1117        1117        1172        1172
    177        1117        1117        1117        1172        1172
    178        1117        1117        1117        1172        1172
    179        1118        1118        1118        1173        1173
    180        1109        1109        1109        1164        1164
    181        1109        1109        1109        1164        1164
    182        1109        1109        1109        1164        1164
    183        1109        1109        1109        1164        1164
    184        1111        1111        1111        1166        1166
    185        1111        1111        1111        1166        1166
    186        1111        1111        1111        1166        1166
    187        1111        1111        1111        1166        1166
    188        1114        1114        1114        1169        1169
    189        1117        1117        1117        1172        1172
    190        1117        1117        1117        1172        1172
    191        1117        1117        1117        1172        1172
    192        1117        1117        1117        1172        1172
    193        1117        1117        1117        1172        1172
    194        1117        1117        1117        1172        1172
    195        1118        1118        1118        1173        1173
    196        1118        1118        1118        1173        1173
    197        1109        1109        1109        1164        1164
    198        1111        1111        1111        1166        1166
    199        1111        1111        1111        1166        1166
    200        1111        1111        1111        1166        1166
    201        1111        1111        1111        1166        1166
    202        1109        1109        1109        1164        1164
    203        1111        1111        1111        1166        1166
    204        1111        1111        1111        1166        1166
    205        1111        1111        1111        1166        1166
    206        1111        1111        1111        1166        1166
    207        1114        1114        1114        1169        1169
    208        1114        1114        1114        1169        1169
    209        1117        1117        1117        1172        1172
    210        1117        1117        1117        1172        1172
    211        1117        1117        1117        1172        1172
    212        1126        1126        1126        1181        1181
    213        1126        1126        1126        1181        1181
    214        1117        1117        1117        1172        1172
    215        1117        1117        1117        1172        1172
    216        1121        1121        1121        1176        1176
    217        1109        1109        1109        1164        1164
    218        1111        1111        1111        1166        1166
    219        1111        1111        1111        1166        1166
    220        1112        1112        1112        1167        1167
    221        1112        1112        1112        1167        1167
    222        1112        1112        1112        1167        1167
    223        1111        1111        1111        1166        1166
    224        1111        1111        1111        1166        1166
    225        1114        1114        1114        1169        1169
    226        1114        1114        1114        1169        1169
    227        1126        1126        1126        1181        1181
    228        1126        1126        1126        1181        1181
    229        1117        1117        1117        1172        1172
    230        1117        1117        1117        1172        1172
    231        1121        1121        1121        1176        1176
    232        1120        1120        1120        1175        1175
    233        1110        1110        1110        1165        1165
    234        1112        1112        1112        1167        1167
    235        1112        1112        1112        1167        1167
    236        1112        1112        1112        1167        1167
    237        1112        1112        1112        1167        1167
    238        1114        1114        1114        1169        1169
    239        1114        1114        1114        1169        1169
    240        1126        1126        1126        1181        1181
    241        1110        1110        1110        1165        1165
    242        1112        1112        1112        1167        1167
    243        1112        1112        1112        1167        1167
    244        1112        1112        1112        1167        1167
    245        1112        1112        1112        1167        1167
    246        1112        1112        1112        1167        1167
    247        1114        1114        1114        1169        1169
    248        1126        1126        1126        1181        1181
    249        1124        1124        1124        1179        1179
    250        1124        1124        1124        1179        1179
    251        1121        1121        1121        1176        1176
    252        1121        1121        1121        1176        1176
    253        1110        1110        1110        1165        1165
    254        1112        1112        1112        1167        1167
    255        1112        1112        1112        1167        1167
    256        1112        1112        1112        1167        1167
    257        1112        1112        1112        1167        1167
    258        1112        1112        1112        1167        1167
    259        1112        1112        1112        1167        1167
    260        1129        1129        1129        1184        1184
    261        1110        1110        1110        1165        1165
    262        1110        1110        1110        1165        1165
    263        1110        1110        1110        1165        1165
    264        1112        1112        1112        1167        1167
    265        1112        1112        1112        1167        1167
    266        1112        1112        1112        1167        1167
    267        1129        1129        1129        1184        1184
    268        1127        1127        1127        1182        1182
    269        1129        1129        1129        1184        1184
    270        1129        1129        1129        1184        1184
    271        1117        1117        1117        1172        1172
    272        1124        1124        1124        1179        1179
    273        1110        1110        1110        1165        1165
    274        1110        1110        1110        1165        1165
    275        1110        1110        1110        1165        1165
    276        1112        1112        1112        1167        1167
    277        1112        1112        1112        1167        1167
    278        1129        1129        1129        1184        1184
    279        1129        1129        1129        1184        1184
    280        1117        1117        1117        1172        1172
    281        1124        1124        1124        1179        1179
    282        1122        1122        1122        1177        1177
    283        1122        1122        1122        1177        1177
    284        1110        1110        1110        1165        1165
    285        1110        1110        1110        1165        1165
    286        1110        1110        1110        1165        1165
    287        1110        1110        1110        1165        1165
    288        1112        1112        1112        1167        1167
    289        1112        1112        1112        1167        1167
    290        1112        1112        1112        1167        1167
    291        1131        1131        1131        1186        1186
    292        1131        1131        1131        1186        1186
    293        1124        1124        1124        1179        1179
    294        1124        1124        1124        1179        1179
    295        1122        1122        1122        1177        1177
    296        1122        1122        1122        1177        1177
    297        1122        1122        1122        1177        1177
    298        1110        1110        1110        1165        1165
    299        1110        1110        1110        1165        1165
    300        1110        1110        1110        1165        1165
    301        1112        1112        1112        1167        1167
    302        1131        1131        1131        1186        1186
    303        1131        1131        1131        1186        1186
    304        1124        1124        1124        1179        1179
    305        1124        1124        1124        1179        1179
    306        1122        1122        1122        1177        1177
    307        1122        1122        1122        1177        1177
    308        1122        1122        1122        1177        1177
    309        1110        1110        1110        1165        1165
    310        1110        1110        1110        1165        1165
    311        1110        1110        1110        1165        1165
    312        1112        1112        1112        1167        1167
    313        1112        1112        1112        1167        1167
    314        1112        1112        1112        1167        1167
    315        1131        1131        1131        1186        1186
    316        1131        1131        1131        1186        1186
    317        1124        1124        1124        1179        1179
    318        1122        1122        1122        1177        1177
    319        1122        1122        1122        1177        1177
    320        1122        1122        1122        1177        1177
    321        1138        1138        1138        1193        1193
    322        1133        1133        1133        1188        1188
    323        1133        1133        1133        1188        1188
    324        1110        1110        1110        1165        1165
    325        1110        1110        1110        1165        1165
    326        1112        1112        1112        1167        1167
    327        1112        1112        1112        1167        1167
    328        1131        1131        1131        1186        1186
    329        1127        1127        1127        1182        1182
    330        1137        1137        1137        1192        1192
    331        1137        1137        1137        1192        1192
    332        1138        1138        1138        1193        1193
    333        1138        1138        1138        1193        1193
    334        1138        1138        1138        1193        1193
    335        1139        1139        1139        1194        1194
    336        1133        1133        1133        1188        1188
    337        1133        1133        1133        1188        1188
    338        1110        1110        1110        1165        1165
    339        1110        1110        1110        1165        1165
    340        1131        1131        1131        1186        1186
    341        1137        1137        1137        1192        1192
    342        1137        1137        1137        1192        1192
    343        1138        1138        1138        1193        1193
    344        1138        1138        1138        1193        1193
    345        1138        1138        1138        1193        1193
    346        1139        1139        1139        1194        1194
    347        1139        1139        1139        1194        1194
    348        1133        1133        1133        1188        1188
    349        1133        1133        1133        1188        1188
    350        1135        1135        1135        1190        1190
    351        1135        1135        1135        1190        1190
    352        1135        1135        1135        1190        1190
    353        1137        1137        1137        1192        1192
    354        1133        1133        1133        1188        1188
    355        1133        1133        1133        1188        1188
    356        1133        1133        1133        1188        1188
    357        1135        1135        1135        1190        1190
    358        1135        1135        1135        1190        1190
    359        1137        1137        1137        1192        1192
    360        1137        1137        1137        1192        1192
    361        1137        1137        1137        1192        1192
    362        1137        1137        1137        1192        1192
    363        1137        1137        1137        1192        1192
    364        1138        1138        1138        1193        1193
    365        1138        1138        1138        1193        1193
    366        1139        1139        1139        1194        1194
    367        1139        1139        1139        1194        1194
    368        1139        1139        1139        1194        1194
    369        1139        1139        1139        1194        1194
    370        1139        1139        1139        1194        1194
    371        1139        1139        1139        1194        1194
    372        1141        1141        1141        1196        1196
    373        1141        1141        1141        1196        1196
    374        1139        1139        1139        1194        1194
    375        1141        1141        1141        1196        1196
    376        1137        1137        1137        1192        1192
    377        1137        1137        1137        1192        1192
    378        1141        1141        1141        1196        1196
    379        1141        1141        1141        1196        1196
    380        1141        1141        1141        1196        1196
    381        1141        1141        1141        1196        1196
    382        1141        1141        1141        1196        1196
    383        1141        1141        1141        1196        1196
    384        1141        1141        1141        1196        1196
    385        1141        1141        1141        1196        1196
    386        1141        1141        1141        1196        1196
    387        1142        1142        1142        1197        1197
    388        1141        1141        1141        1196        1196
    389        1141        1141        1141        1196        1196
    390        1142        1142        1142        1197        1197
    391        1142        1142        1142        1197        1197
    392        1141        1141        1141        1196        1196
    393        1141        1141        1141        1196        1196
    394        1142        1142        1142        1197        1197
    395        1142        1142        1142        1197        1197
    396        1142        1142        1142        1197        1197
    397        1142        1142        1142        1197        1197
    398        1142        1142        1142        1197        1197
    399        1142        1142        1142        1197        1197
    400        1144        1144        1144        1199        1199
    401        1144        1144        1144        1199        1199
    402        1133        1133        1133        1188        1188
    403        1133        1133        1133        1188        1188
    404        1133        1133        1133        1188        1188
    405        1133        1133        1133        1188        1188
    406        1133        1133        1133        1188        1188
    407        1135        1135        1135        1190        1190
    408        1135        1135        1135        1190        1190
    409        1133        1133        1133        1188        1188
    410        1133        1133        1133        1188        1188
    411        1133        1133        1133        1188        1188
    412        1133        1133        1133        1188        1188
    413        1133        1133        1133        1188        1188
    414        1155        1155        1155        1210        1210
    415        1155        1155        1155        1210        1210
    416        1142        1142        1142        1197        1197
    417        1142        1142        1142        1197        1197
    418        1142        1142        1142        1197        1197
    419        1142        1142        1142        1197        1197
    420        1144        1144        1144        1199        1199
    421        1144        1144        1144        1199        1199
    422        1144        1144        1144        1199        1199
    423        1133        1133        1133        1188        1188
    424        1140        1140        1140        1195        1195
    425        1140        1140        1140        1195        1195
    426        1140        1140        1140        1195        1195
    427        1140        1140        1140        1195        1195
    428        1140        1140        1140        1195        1195
    429        1140        1140        1140        1195        1195
    430        1155        1155        1155        1210        1210
    431        1155        1155        1155        1210        1210
    432        1142        1142        1142        1197        1197
    433        1142        1142        1142        1197        1197
    434        1144        1144        1144        1199        1199
    435        1144        1144        1144        1199        1199
    436        1144        1144        1144        1199        1199
    437        1144        1144        1144        1199        1199
    438        1144        1144        1144        1199        1199
    439        1144        1144        1144        1199        1199
    440        1140        1140        1140        1195        1195
    441        1140        1140        1140        1195        1195
    442        1140        1140        1140        1195        1195
    443        1140        1140        1140        1195        1195
    444        1155        1155        1155        1210        1210
    445        1140        1140        1140        1195        1195
    446        1155        1155        1155        1210        1210
    447        1155        1155        1155        1210        1210
    448        1155        1155        1155        1210        1210
    449        1155        1155        1155        1210        1210
    450        1142        1142        1142        1197        1197
    451        1142        1142        1142        1197        1197
    452        1142        1142        1142        1197        1197
    453        1144        1144        1144        1199        1199
    454        1144        1144        1144        1199        1199
    455        1144        1144        1144        1199        1199
    456        1144        1144        1144        1199        1199
    457        1144        1144        1144        1199        1199
    458        1144        1144        1144        1199        1199
    459        1144        1144        1144        1199        1199
    460        1144        1144        1144        1199        1199
    461        1144        1144        1144        1199        1199
    462        1140        1140        1140        1195        1195
    463        1140        1140        1140        1195        1195
    464        1140        1140        1140        1195        1195
    465        1140        1140        1140        1195        1195
    466        1155        1155        1155        1210        1210
    467        1155        1155        1155        1210        1210
    468        1155        1155        1155        1210        1210
    469        1155        1155        1155        1210        1210
    470        1155        1155        1155        1210        1210
    471        1142        1142        1142        1197        1197
    472        1144        1144        1144        1199        1199
    473        1144        1144        1144        1199        1199
    474        1144        1144        1144        1199        1199
    475        1144        1144        1144        1199        1199
    476        1144        1144        1144        1199        1199
    477        1144        1144        1144        1199        1199
    478        1144        1144        1144        1199        1199
    479        1144        1144        1144        1199        1199
    480        1108        1108        1108        1163        1163
    481        1108        1108        1108        1163        1163
    482        1140        1140        1140        1195        1195
    483        1140        1140        1140        1195        1195
    484        1155        1155        1155        1210        1210
    485        1155        1155        1155        1210        1210
    486        1155        1155        1155        1210        1210
    487        1155        1155        1155        1210        1210
    488        1155        1155        1155        1210        1210
    489        1155        1155        1155        1210        1210
    490        1155        1155        1155        1210        1210
    491        1155        1155        1155        1210        1210
    492        1155        1155        1155        1210        1210
    493        1155        1155        1155        1210        1210
    494        1144        1144        1144        1199        1199
    495        1108        1108        1108        1163        1163
    496        1108        1108        1108        1163        1163
    497        1108        1108        1108        1163        1163
    498        1140        1140        1140        1195        1195
    499        1140        1140        1140        1195        1195
    500        1140        1140        1140        1195        1195
    501        1155        1155        1155        1210        1210
    502        1155        1155        1155        1210        1210
    503        1155        1155        1155        1210        1210
    504        1155        1155        1155        1210        1210
    505        1155        1155        1155        1210        1210
    506        1155        1155        1155        1210        1210
    507        1155        1155        1155        1210        1210
    508        1155        1155        1155        1210        1210
    509        1144        1144        1144        1199        1199
    510        1155        1155        1155        1210        1210
    511        1144        1144        1144        1199        1199
    512        1144        1144        1144        1199        1199
    513        1144        1144        1144        1199        1199
    514        1144        1144        1144        1199        1199
    515        1144        1144        1144        1199        1199
    516        1144        1144        1144        1199        1199
    517        1144        1144        1144        1199        1199
    518        1113        1113        1113        1168        1168
    519        1144        1144        1144        1199        1199
    520        1155        1155        1155        1210        1210
    521        1144        1144        1144        1199        1199
    522        1144        1144        1144        1199        1199
    523        1144        1144        1144        1199        1199
    524        1144        1144        1144        1199        1199
    525        1144        1144        1144        1199        1199
    526        1144        1144        1144        1199        1199
    527        1144        1144        1144        1199        1199
    528        1113        1113        1113        1168        1168
    529        1113        1113        1113        1168        1168
    530        1113        1113        1113        1168        1168
    531        1113        1113        1113        1168        1168
    532        1113        1113        1113        1168        1168
    533        1108        1108        1108        1163        1163
    534        1108        1108        1108        1163        1163
    535        1108        1108        1108        1163        1163
    536        1108        1108        1108        1163        1163
    537        1140        1140        1140        1195        1195
    538        1140        1140        1140        1195        1195
    539        1140        1140        1140        1195        1195
    540        1155        1155        1155        1210        1210
    541        1155        1155        1155        1210        1210
    542        1155        1155        1155        1210        1210
    543        1155        1155        1155        1210        1210
    544        1155        1155        1155        1210        1210
    545        1155        1155        1155        1210        1210
    546        1145        1145        1145        1200        1200
    547        1144        1144        1144        1199        1199
    548        1144        1144        1144        1199        1199
    549        1144        1144        1144        1199        1199
    550        1113        1113        1113        1168        1168
    551        1108        1108        1108        1163        1163
    552        1108        1108        1108        1163        1163
    553        1108        1108        1108        1163        1163
    554        1108        1108        1108        1163        1163
    555        1155        1155        1155        1210        1210
    556        1155        1155        1155        1210        1210
    557        1155        1155        1155        1210        1210
    558        1155        1155        1155        1210        1210
    559        1155        1155        1155        1210        1210
    560        1155        1155        1155        1210        1210
    561        1155        1155        1155        1210        1210
    562        1155        1155        1155        1210        1210
    563        1155        1155        1155        1210        1210
    564        1145        1145        1145        1200        1200
    565        1145        1145        1145        1200        1200
    566        1145        1145        1145        1200        1200
    567        1145        1145        1145        1200        1200
    568        1113        1113        1113        1168        1168
    569        1108        1108        1108        1163        1163
    570        1155        1155        1155        1210        1210
    571        1155        1155        1155        1210        1210
    572        1155        1155        1155        1210        1210
    573        1155        1155        1155        1210        1210
    574        1155        1155        1155        1210        1210
    575        1155        1155        1155        1210        1210
    576        1155        1155        1155        1210        1210
    577        1155        1155        1155        1210        1210
    578        1143        1143        1143        1198        1198
    579        1155        1155        1155        1210        1210
    580        1155        1155        1155        1210        1210
    581        1155        1155        1155        1210        1210
    582        1145        1145        1145        1200        1200
    583        1145        1145        1145        1200        1200
    584        1145        1145        1145        1200        1200
    585        1145        1145        1145        1200        1200
    586        1145        1145        1145        1200        1200
    587        1113        1113        1113        1168        1168
    588        1143        1143        1143        1198        1198
    589        1155        1155        1155        1210        1210
    590        1155        1155        1155        1210        1210
    591        1155        1155        1155        1210        1210
    592        1146        1146        1146        1201        1201
    593        1146        1146        1146        1201        1201
    594        1145        1145        1145        1200        1200
    595        1145        1145        1145        1200        1200
    596        1145        1145        1145        1200        1200
    597        1113        1113        1113        1168        1168
    598        1113        1113        1113        1168        1168
    599        1146        1146        1146        1201        1201
    600        1146        1146        1146        1201        1201
    601        1146        1146        1146        1201        1201
    602        1146        1146        1146        1201        1201
    603        1113        1113        1113        1168        1168
    604        1143        1143        1143        1198        1198
    605        1143        1143        1143        1198        1198
    606        1143        1143        1143        1198        1198
    607        1143        1143        1143        1198        1198
    608        1143        1143        1143        1198        1198
    609        1155        1155        1155        1210        1210
    610        1146        1146        1146        1201        1201
    611        1146        1146        1146        1201        1201
    612        1146        1146        1146        1201        1201
    613        1146        1146        1146        1201        1201
    614        1146        1146        1146        1201        1201
    615        1146        1146        1146        1201        1201
    616        1146        1146        1146        1201        1201
    617        1113        1113        1113        1168        1168
    618        1150        1150        1150        1205        1205
    619        1143        1143        1143        1198        1198
    620        1143        1143        1143        1198        1198
    621        1143        1143        1143        1198        1198
    622        1150        1150        1150        1205        1205
    623        1150        1150        1150        1205        1205
    624        1150        1150        1150        1205        1205
    625        1150        1150        1150        1205        1205
    626        1146        1146        1146        1201        1201
    627        1146        1146        1146        1201        1201
    628        1146        1146        1146        1201        1201
    629        1146        1146        1146        1201        1201
    630        1146        1146        1146        1201        1201
    631        1146        1146        1146        1201        1201
    632        1146        1146        1146        1201        1201
    633        1146        1146        1146        1201        1201
    634        1150        1150        1150        1205        1205
    635        1150        1150        1150        1205        1205
    636        1146        1146        1146        1201        1201
    637        1146        1146        1146        1201        1201
    638        1146        1146        1146        1201        1201
    639        1146        1146        1146        1201        1201
    640        1146        1146        1146        1201        1201
    641        1146        1146        1146        1201        1201
    642        1146        1146        1146        1201        1201
    643        1146        1146        1146        1201        1201
    644        1150        1150        1150        1205        1205
    645        1150        1150        1150        1205        1205
    646        1147        1147        1147        1202        1202
    647        1146        1146        1146        1201        1201
    648        1146        1146        1146        1201        1201
    649        1146        1146        1146        1201        1201
    650        1146        1146        1146        1201        1201
    651        1146        1146        1146        1201        1201
    652        1146        1146        1146        1201        1201
    653        1146        1146        1146        1201        1201
    654        1146        1146        1146        1201        1201
    655        1146        1146        1146        1201        1201
    656        1146        1146        1146        1201        1201
    657        1146        1146        1146        1201        1201
    658        1146        1146        1146        1201        1201
    659        1146        1146        1146        1201        1201
    660        1150        1150        1150        1205        1205
    661        1150        1150        1150        1205        1205
    662        1147        1147        1147        1202        1202
    663        1147        1147        1147        1202        1202
    664        1147        1147        1147        1202        1202
    665        1147        1147        1147        1202        1202
    666        1147        1147        1147        1202        1202
    667        1147        1147        1147        1202        1202
    668        1147        1147        1147        1202        1202
    669        1147        1147        1147        1202        1202
    670        1150        1150        1150        1205        1205
    671        1150        1150        1150        1205        1205
    672        1147        1147        1147        1202        1202
    673        1147        1147        1147        1202        1202
    674        1147        1147        1147        1202        1202
    675        1147        1147        1147        1202        1202
    676        1147        1147        1147        1202        1202
    677        1147        1147        1147        1202        1202
    678        1147        1147        1147        1202        1202
    679        1147        1147        1147        1202        1202
    680        1150        1150        1150        1205        1205
    681        1151        1151        1151        1206        1206
    682        1150        1150        1150        1205        1205
    683        1151        1151        1151        1206        1206
    684        1147        1147        1147        1202        1202
    685        1147        1147        1147        1202        1202
    686        1147        1147        1147        1202        1202
    687        1147        1147        1147        1202        1202
    688        1147        1147        1147        1202        1202
    689        1147        1147        1147        1202        1202
    690        1147        1147        1147        1202        1202
    691        1147        1147        1147        1202        1202
    692        1150        1150        1150        1205        1205
    693        1151        1151        1151        1206        1206
    694        1147        1147        1147        1202        1202
    695        1147        1147        1147        1202        1202
    696        1147        1147        1147        1202        1202
    697        1147        1147        1147        1202        1202
    698        1147        1147        1147        1202        1202
    699        1147        1147        1147        1202        1202
    700        1147        1147        1147        1202        1202
    701        1147        1147        1147        1202        1202
    702        1151        1151        1151        1206        1206
    703        1148        1148        1148        1203        1203
    704        1148        1148        1148        1203        1203
    705        1148        1148        1148        1203        1203
    706        1148        1148        1148        1203        1203
    707        1148        1148        1148        1203        1203
    708        1148        1148        1148        1203        1203
    709        1148        1148        1148        1203        1203
    710        1148        1148        1148        1203        1203
    711        1150        1150        1150        1205        1205
    712        1151        1151        1151        1206        1206
    713        1151        1151        1151        1206        1206
    714        1148        1148        1148        1203        1203
    715        1151        1151        1151        1206        1206
    716        1148        1148        1148        1203        1203
    717        1148        1148        1148        1203        1203
    718        1148        1148        1148        1203        1203
    719        1148        1148        1148        1203        1203
    720        1148        1148        1148        1203        1203
    721        1148        1148        1148        1203        1203
    722        1148        1148        1148        1203        1203
    723        1151        1151        1151        1206        1206
    724        1151        1151        1151        1206        1206
    725        1151        1151        1151        1206        1206
    726        1151        1151        1151        1206        1206
    727        1151        1151        1151        1206        1206
    728        1148        1148        1148        1203        1203
    729        1148        1148        1148        1203        1203
    730        1148        1148        1148        1203        1203
    731        1148        1148        1148        1203        1203
    732        1148        1148        1148        1203        1203
    733        1148        1148        1148        1203        1203
    734        1148        1148        1148        1203        1203
    735        1148        1148        1148        1203        1203
    736        1148        1148        1148        1203        1203
    737        1148        1148        1148        1203        1203
    738        1148        1148        1148        1203        1203
    739        1148        1148        1148        1203        1203
    740        1148        1148        1148        1203        1203
    741        1148        1148        1148        1203        1203
    742        1148        1148        1148        1203        1203
    743        1148        1148        1148        1203        1203
    744        1148        1148        1148        1203        1203
    745        1148        1148        1148        1203        1203
    746        1148        1148        1148        1203        1203
    747        1148        1148        1148        1203        1203
    748        1150        1150        1150        1205        1205
    749        1151        1151        1151        1206        1206
    750        1151        1151        1151        1206        1206
    751        1151        1151        1151        1206        1206
    752        1151        1151        1151        1206        1206
    753        1151        1151        1151        1206        1206
    754        1148        1148        1148        1203        1203
    755        1148        1148        1148        1203        1203
    756        1148        1148        1148        1203        1203
    757        1148        1148        1148        1203        1203
    758        1148        1148        1148        1203        1203
    759        1148        1148        1148        1203        1203
    760        1148        1148        1148        1203        1203
    761        1148        1148        1148        1203        1203
    762        1148        1148        1148        1203        1203
    763        1148        1148        1148        1203        1203
    764        1148        1148        1148        1203        1203
    765        1148        1148        1148        1203        1203
    766        1148        1148        1148        1203        1203
    767        1148        1148        1148        1203        1203
    768        1149        1149        1149        1204        1204
    769        1148        1148        1148        1203        1203
    770        1148        1148        1148        1203        1203
    771        1148        1148        1148        1203        1203
    772        1148        1148        1148        1203        1203
    773        1152        1152        1152        1207        1207
    774        1151        1151        1151        1206        1206
    775        1151        1151        1151        1206        1206
    776        1151        1151        1151        1206        1206
    777        1152        1152        1152        1207        1207
    778        1151        1151        1151        1206        1206
    779        1151        1151        1151        1206        1206
    780        1151        1151        1151        1206        1206
    781        1148        1148        1148        1203        1203
    782        1148        1148        1148        1203        1203
    783        1148        1148        1148        1203        1203
    784        1148        1148        1148        1203        1203
    785        1149        1149        1149        1204        1204
    786        1149        1149        1149        1204        1204
    787        1148        1148        1148        1203        1203
    788        1148        1148        1148        1203        1203
    789        1148        1148        1148        1203        1203
    790        1148        1148        1148        1203        1203
    791        1151        1151        1151        1206        1206
    792        1151        1151        1151        1206        1206
    793        1151        1151        1151        1206        1206
    794        1151        1151        1151        1206        1206
    795        1151        1151        1151        1206        1206
    796        1152        1152        1152        1207        1207
    797        1152        1152        1152        1207        1207
    798        1151        1151        1151        1206        1206
    799        1151        1151        1151        1206        1206
    800        1151        1151        1151        1206        1206
    801        1151        1151        1151        1206        1206
    802        1148        1148        1148        1203        1203
    803        1151        1151        1151        1206        1206
    804        1151        1151        1151        1206        1206
    805        1149        1149        1149        1204        1204
    806        1149        1149        1149        1204        1204
    807        1149        1149        1149        1204        1204
    808        1149        1149        1149        1204        1204
    809        1149        1149        1149        1204        1204
    810        1149        1149        1149        1204        1204
    811        1149        1149        1149        1204        1204
    812        1149        1149        1149        1204        1204
    813        1149        1149        1149        1204        1204
    814        1149        1149        1149        1204        1204
    815        1149        1149        1149        1204        1204
    816        1149        1149        1149        1204        1204
    817        1149        1149        1149        1204        1204
    818        1149        1149        1149        1204        1204
    819        1149        1149        1149        1204        1204
    820        1149        1149        1149        1204        1204
    821        1149        1149        1149        1204        1204
    822        1149        1149        1149        1204        1204
    823        1149        1149        1149        1204        1204
    824        1149        1149        1149        1204        1204
    825        1149        1149        1149        1204        1204
    826        1149        1149        1149        1204        1204
    827        1149        1149        1149        1204        1204
    828        1152        1152        1152        1207        1207
    829        1152        1152        1152        1207        1207
    830        1151        1151        1151        1206        1206
    831        1151        1151        1151        1206        1206
    832        1149        1149        1149        1204        1204
    833        1149        1149        1149        1204        1204
    834        1149        1149        1149        1204        1204
    835        1149        1149        1149        1204        1204
    836        1149        1149        1149        1204        1204
    837        1149        1149        1149        1204        1204
    838        1149        1149        1149        1204        1204
    839        1149        1149        1149        1204        1204
    840        1116        1116        1116        1171        1171
    841        1152        1152        1152        1207        1207
    842        1152        1152        1152        1207        1207
    843        1152        1152        1152        1207        1207
    844        1152        1152        1152        1207        1207
    845        1151        1151        1151        1206        1206
    846        1152        1152        1152        1207        1207
    847        1152        1152        1152        1207        1207
    848        1152        1152        1152        1207        1207
    849        1149        1149        1149        1204        1204
    850        1149        1149        1149        1204        1204
    851        1149        1149        1149        1204        1204
    852        1149        1149        1149        1204        1204
    853        1149        1149        1149        1204        1204
    854        1149        1149        1149        1204        1204
    855        1149        1149        1149        1204        1204
    856        1149        1149        1149        1204        1204
    857        1149        1149        1149        1204        1204
    858        1152        1152        1152        1207        1207
    859        1152        1152        1152        1207        1207
    860        1152        1152        1152        1207        1207
    861        1153        1153        1153        1208        1208
    862        1153        1153        1153        1208        1208
    863        1153        1153        1153        1208        1208
    864        1153        1153        1153        1208        1208
    865        1153        1153        1153        1208        1208
    866        1153        1153        1153        1208        1208
    867        1153        1153        1153        1208        1208
    868        1153        1153        1153        1208        1208
    869        1152        1152        1152        1207        1207
    870        1149        1149        1149        1204        1204
    871        1149        1149        1149        1204        1204
    872        1149        1149        1149        1204        1204
    873        1149        1149        1149        1204        1204
    874        1149        1149        1149        1204        1204
    875        1149        1149        1149        1204        1204
    876        1149        1149        1149        1204        1204
    877        1149        1149        1149        1204        1204
    878        1149        1149        1149        1204        1204
    879        1149        1149        1149        1204        1204
    880        1149        1149        1149        1204        1204
    881        1153        1153        1153        1208        1208
    882        1153        1153        1153        1208        1208
    883        1153        1153        1153        1208        1208
    884        1153        1153        1153        1208        1208
    885        1123        1123        1123        1178        1178
    886        1123        1123        1123        1178        1178
    887        1123        1123        1123        1178        1178
    888        1123        1123        1123        1178        1178
    889        1125        1125        1125        1180        1180
    890        1125        1125        1125        1180        1180
    891        1125        1125        1125        1180        1180
    892        1125        1125        1125        1180        1180
    893        1125        1125        1125        1180        1180
    894        1125        1125        1125        1180        1180
    895        1125        1125        1125        1180        1180
    896        1153        1153        1153        1208        1208
    897        1153        1153        1153        1208        1208
    898        1153        1153        1153        1208        1208
    899        1153        1153        1153        1208        1208
    900        1154        1154        1154        1209        1209
    901        1154        1154        1154        1209        1209
    902        1153        1153        1153        1208        1208
    903        1153        1153        1153        1208        1208
    904        1153        1153        1153        1208        1208
    905        1153        1153        1153        1208        1208
    906        1154        1154        1154        1209        1209
    907        1154        1154        1154        1209        1209
    908        1123        1123        1123        1178        1178
    909        1123        1123        1123        1178        1178
    910        1125        1125        1125        1180        1180
    911        1125        1125        1125        1180        1180
    912        1125        1125        1125        1180        1180
    913        1125        1125        1125        1180        1180
    914        1125        1125        1125        1180        1180
    915        1125        1125        1125        1180        1180
    916        1125        1125        1125        1180        1180
    917        1153        1153        1153        1208        1208
    918        1153        1153        1153        1208        1208
    919        1153        1153        1153        1208        1208
    920        1153        1153        1153        1208        1208
    921        1154        1154        1154        1209        1209
    922        1154        1154        1154        1209        1209
    923        1123        1123        1123        1178        1178
    924        1123        1123        1123        1178        1178
    925        1125        1125        1125        1180        1180
    926        1125        1125        1125        1180        1180
    927        1125        1125        1125        1180        1180
    928        1125        1125        1125        1180        1180
    929        1125        1125        1125        1180        1180
    930        1125        1125        1125        1180        1180
    931        1125        1125        1125        1180        1180
    932        1125        1125        1125        1180        1180
    933        1125        1125        1125        1180        1180
    934        1153        1153        1153        1208        1208
    935        1153        1153        1153        1208        1208
    936        1153        1153        1153        1208        1208
    937        1153        1153        1153        1208        1208
    938        1154        1154        1154        1209        1209
    939        1154        1154        1154        1209        1209
    940        1123        1123        1123        1178        1178
    941        1123        1123        1123        1178        1178
    942        1123        1123        1123        1178        1178
    943        1153        1153        1153        1208        1208
    944        1153        1153        1153        1208        1208
    945        1153        1153        1153        1208        1208
    946        1153        1153        1153        1208        1208
    947        1123        1123        1123        1178        1178
    948        1154        1154        1154        1209        1209
    949        1123        1123        1123        1178        1178
    950        1153        1153        1153        1208        1208
    951        1153        1153        1153        1208        1208
    952        1153        1153        1153        1208        1208
    953        1153        1153        1153        1208        1208
    954        1123        1123        1123        1178        1178
    955        1123        1123        1123        1178        1178
    956        1123        1123        1123        1178        1178
    957        1123        1123        1123        1178        1178
    958        1153        1153        1153        1208        1208
    959        1153        1153        1153        1208        1208
    960        1153        1153        1153        1208        1208
    961        1153        1153        1153        1208        1208
    962        1123        1123        1123        1178        1178
    963        1123        1123        1123        1178        1178
    964        1123        1123        1123        1178        1178
    965        1123        1123        1123        1178        1178
    966        1125        1125        1125        1180        1180
    967        1125        1125        1125        1180        1180
    968        1125        1125        1125        1180        1180
    969        1125        1125        1125        1180        1180
    970        1125        1125        1125        1180        1180
    971        1125        1125        1125        1180        1180
    972        1125        1125        1125        1180        1180
    973        1153        1153        1153        1208        1208
    974        1153        1153        1153        1208        1208
    975        1153        1153        1153        1208        1208
    976        1153        1153        1153        1208        1208
    977        1123        1123        1123        1178        1178
    978        1123        1123        1123        1178        1178
    979        1123        1123        1123        1178        1178
    980        1123        1123        1123        1178        1178
    981        1128        1128        1128        1183        1183
    982        1128        1128        1128        1183        1183
    983        1128        1128        1128        1183        1183
    984        1128        1128        1128        1183        1183
    985        1128        1128        1128        1183        1183
    986        1128        1128        1128        1183        1183
    987        1128        1128        1128        1183        1183
    988        1128        1128        1128        1183        1183
    989        1125        1125        1125        1180        1180
    990        1125        1125        1125        1180        1180
    991        1153        1153        1153        1208        1208
    992        1153        1153        1153        1208        1208
    993        1153        1153        1153        1208        1208
    994        1153        1153        1153        1208        1208
    995        1123        1123        1123        1178        1178
    996        1123        1123        1123        1178        1178
    997        1123        1123        1123        1178        1178
    998        1123        1123        1123        1178        1178
    999        1128        1128        1128        1183        1183
   1000        1128        1128        1128        1183        1183
   1001        1128        1128        1128        1183        1183
   1002        1128        1128        1128        1183        1183
   1003        1153        1153        1153        1208        1208
   1004        1153        1153        1153        1208        1208
   1005        1153        1153        1153        1208        1208
   1006        1153        1153        1153        1208        1208
   1007        1153        1153        1153        1208        1208
   1008        1153        1153        1153        1208        1208
   1009        1153        1153        1153        1208        1208
   1010        1153        1153        1153        1208        1208
   1011        1123        1123        1123        1178        1178
   1012        1123        1123        1123        1178        1178
   1013        1123        1123        1123        1178        1178
   1014        1123        1123        1123        1178        1178
   1015        1123        1123        1123        1178        1178
   1016        1123        1123        1123        1178        1178
   1017        1128        1128        1128        1183        1183
   1018        1128        1128        1128        1183        1183
   1019        1128        1128        1128        1183        1183
   1020        1128        1128        1128        1183        1183
   1021        1128        1128        1128        1183        1183
   1022        1128        1128        1128        1183        1183
   1023        1128        1128        1128        1183        1183
   1024        1153        1153        1153        1208        1208
   1025        1153        1153        1153        1208        1208
   1026        1153        1153        1153        1208        1208
   1027        1153        1153        1153        1208        1208
   1028        1123        1123        1123        1178        1178
   1029        1123        1123        1123        1178        1178
   1030        1123        1123        1123        1178        1178
   1031        1123        1123        1123        1178        1178
   1032        1123        1123        1123        1178        1178
   1033        1128        1128        1128        1183        1183
   1034        1128        1128        1128        1183        1183
   1035        1153        1153        1153        1208        1208
   1036        1153        1153        1153        1208        1208
   1037        1153        1153        1153        1208        1208
   1038        1153        1153        1153        1208        1208
   1039        1153        1153        1153        1208        1208
   1040        1123        1123        1123        1178        1178
   1041        1123        1123        1123        1178        1178
   1042        1123        1123        1123        1178        1178
   1043        1123        1123        1123        1178        1178
   1044        1123        1123        1123        1178        1178
   1045        1128        1128        1128        1183        1183
   1046        1128        1128        1128        1183        1183
   1047        1128        1128        1128        1183        1183
   1048        1128        1128        1128        1183        1183
   1049        1128        1128        1128        1183        1183
   1050        1153        1153        1153        1208        1208
   1051        1153        1153        1153        1208        1208
   1052        1153        1153        1153        1208        1208
   1053        1153        1153        1153        1208        1208
   1054        1123        1123        1123        1178        1178
   1055        1123        1123        1123        1178        1178
   1056        1123        1123        1123        1178        1178
   1057        1123        1123        1123        1178        1178
   1058        1123        1123        1123        1178        1178
   1059        1128        1128        1128        1183        1183
   1060        1130        1130        1130        1185        1185
   1061        1128        1128        1128        1183        1183
   1062        1128        1128        1128        1183        1183
   1063        1128        1128        1128        1183        1183
   1064        1128        1128        1128        1183        1183
   1065        1128        1128        1128        1183        1183
   1066        1153        1153        1153        1208        1208
   1067        1153        1153        1153        1208        1208
   1068        1153        1153        1153        1208        1208
   1069        1123        1123        1123        1178        1178
   1070        1123        1123        1123        1178        1178
   1071        1123        1123        1123        1178        1178
   1072        1130        1130        1130        1185        1185
   1073        1130        1130        1130        1185        1185
   1074        1130        1130        1130        1185        1185
   1075        1130        1130        1130        1185        1185
   1076        1130        1130        1130        1185        1185
   1077        1128        1128        1128        1183        1183
   1078        1128        1128        1128        1183        1183
   1079        1128        1128        1128        1183        1183
   1080        1128        1128        1128        1183        1183
   1081        1123        1123        1123        1178        1178
   1082        1123        1123        1123        1178        1178
   1083        1123        1123        1123        1178        1178
   1084        1123        1123        1123        1178        1178
   1085        1130        1130        1130        1185        1185
   1086        1130        1130        1130        1185        1185
   1087        1130        1130        1130        1185        1185
   1088        1130        1130        1130        1185        1185
   1089        1128        1128        1128        1183        1183
   1090        1128        1128        1128        1183        1183
   1091        1128        1128        1128        1183        1183
   1092        1130        1130        1130        1185        1185
   1093        1130        1130        1130        1185        1185
   1094        1130        1130        1130        1185        1185
   1095        1130        1130        1130        1185        1185
   1096        1130        1130        1130        1185        1185
   1097        1130        1130        1130        1185        1185
   1098        1130        1130        1130        1185        1185
   1099        1130        1130        1130        1185        1185
   1100        1130        1130        1130        1185        1185
   1101        1130        1130        1130        1185        1185
   1102        1130        1130        1130        1185        1185
   1103        1130        1130        1130        1185        1185
   1104        1130        1130        1130        1185        1185
   1105        1130        1130        1130        1185        1185
   1106        1123        1123        1123        1178        1178
   1107        1123        1123        1123        1178        1178
   1108        1123        1123        1123        1178        1178
   1109        1123        1123        1123        1178        1178
   1110        1123        1123        1123        1178        1178
   1111        1123        1123        1123        1178        1178
   1112        1123        1123        1123        1178        1178
   1113        1123        1123        1123        1178        1178
   1114        1130        1130        1130        1185        1185
   1115        1130        1130        1130        1185        1185
   1116        1130        1130        1130        1185        1185
   1117        1130        1130        1130        1185        1185
   1118        1130        1130        1130        1185        1185
   1119        1130        1130        1130        1185        1185
   1120        1130        1130        1130        1185        1185
   1121        1130        1130        1130        1185        1185
   1122        1130        1130        1130        1185        1185
   1123        1130        1130        1130        1185        1185
   1124        1130        1130        1130        1185        1185
   1125        1130        1130        1130        1185        1185
   1126        1130        1130        1130        1185        1185
   1127        1130        1130        1130        1185        1185
   1128        1130        1130        1130        1185        1185
   1129        1130        1130        1130        1185        1185
   1130        1130        1130        1130        1185        1185
   1131        1130        1130        1130        1185        1185
   1132        1130        1130        1130        1185        1185
   1133        1130        1130        1130        1185        1185
   1134        1130        1130        1130        1185        1185
   1135        1123        1123        1123        1178        1178
   1136        1123        1123        1123        1178        1178
   1137        1123        1123        1123        1178        1178
   1138        1123        1123        1123        1178        1178
   1139        1123        1123        1123        1178        1178
   1140        1123        1123        1123        1178        1178
   1141        1123        1123        1123        1178        1178
   1142        1123        1123        1123        1178        1178
   1143        1123        1123        1123        1178        1178
   1144        1123        1123        1123        1178        1178
   1145        1123        1123        1123        1178        1178
   1146        1123        1123        1123        1178        1178
   1147        1130        1130        1130        1185        1185
   1148        1130        1130        1130        1185        1185
   1149        1130        1130        1130        1185        1185
   1150        1130        1130        1130        1185        1185
   1151        1130        1130        1130        1185        1185
   1152        1130        1130        1130        1185        1185
   1153        1130        1130        1130        1185        1185
   1154        1130        1130        1130        1185        1185
   1155        1130        1130        1130        1185        1185
   1156        1130        1130        1130        1185        1185
   1157        1130        1130        1130        1185        1185
   1158        1130        1130        1130        1185        1185
   1159        1123        1123        1123        1178        1178
   1160        1123        1123        1123        1178        1178
   1161        1123        1123        1123        1178        1178
   1162        1123        1123        1123        1178        1178
   1163        1123        1123        1123        1178        1178
   1164        1123        1123        1123        1178        1178
   1165        1130        1130        1130        1185        1185
   1166        1130        1130        1130        1185        1185
   1167        1130        1130        1130        1185        1185
   1168        1130        1130        1130        1185        1185
   1169        1130        1130        1130        1185        1185
   1170        1130        1130        1130        1185        1185
   1171        1130        1130        1130        1185        1185
   1172        1130        1130        1130        1185        1185
   1173        1130        1130        1130        1185        1185
   1174        1130        1130        1130        1185        1185
   1175        1130        1130        1130        1185        1185
   1176        1130        1130        1130        1185        1185
   1177        1130        1130        1130        1185        1185
   1178        1130        1130        1130        1185        1185
   1179        1130        1130        1130        1185        1185
   1180        1130        1130        1130        1185        1185
   1181        1134        1134        1134        1189        1189
   1182        1130        1130        1130        1185        1185
   1183        1130        1130        1130        1185        1185
   1184        1130        1130        1130        1185        1185
   1185        1130        1130        1130        1185        1185
   1186        1130        1130        1130        1185        1185
   1187        1130        1130        1130        1185        1185
   1188        1123        1123        1123        1178        1178
   1189        1123        1123        1123        1178        1178
   1190        1123        1123        1123        1178        1178
   1191        1123        1123        1123        1178        1178
   1192        1123        1123        1123        1178        1178
   1193        1123        1123        1123        1178        1178
   1194        1123        1123        1123        1178        1178
   1195        1123        1123        1123        1178        1178
   1196        1123        1123        1123        1178        1178
   1197        1123        1123        1123        1178        1178
   1198        1123        1123        1123        1178        1178
   1199        1130        1130        1130        1185        1185
   1200        1130        1130        1130        1185        1185
   1201        1130        1130        1130        1185        1185
   1202        1130        1130        1130        1185        1185
   1203        1130        1130        1130        1185        1185
   1204        1130        1130        1130        1185        1185
   1205        1130        1130        1130        1185        1185
   1206        1130        1130        1130        1185        1185
   1207        1130        1130        1130        1185        1185
   1208        1130        1130        1130        1185        1185
   1209        1130        1130        1130        1185        1185
   1210        1134        1134        1134        1189        1189
   1211        1134        1134        1134        1189        1189
   1212        1132        1132        1132        1187        1187
   1213        1132        1132        1132        1187        1187
   1214        1132        1132        1132        1187        1187
   1215        1132        1132        1132        1187        1187
   1216        1132        1132        1132        1187        1187
   1217        1132        1132        1132        1187        1187
   1218        1132        1132        1132        1187        1187
   1219        1132        1132        1132        1187        1187
   1220        1132        1132        1132        1187        1187
   1221        1132        1132        1132        1187        1187
   1222        1134        1134        1134        1189        1189
   1223        1134        1134        1134        1189        1189
   1224        1134        1134        1134        1189        1189
   1225        1134        1134        1134        1189        1189
   1226        1134        1134        1134        1189        1189
   1227        1132        1132        1132        1187        1187
   1228        1132        1132        1132        1187        1187
   1229        1132        1132        1132        1187        1187
   1230        1132        1132        1132        1187        1187
   1231        1132        1132        1132        1187        1187
   1232        1132        1132        1132        1187        1187
   1233        1132        1132        1132        1187        1187
   1234        1132        1132        1132        1187        1187
   1235        1132        1132        1132        1187        1187
   1236        1132        1132        1132        1187        1187
   1237        1134        1134        1134        1189        1189
   1238        1134        1134        1134        1189        1189
   1239        1134        1134        1134        1189        1189
   1240        1134        1134        1134        1189        1189
   1241        1134        1134        1134        1189        1189
   1242        1132        1132        1132        1187        1187
   1243        1132        1132        1132        1187        1187
   1244        1132        1132        1132        1187        1187
   1245        1132        1132        1132        1187        1187
   1246        1132        1132        1132        1187        1187
   1247        1132        1132        1132        1187        1187
   1248        1132        1132        1132        1187        1187
   1249        1132        1132        1132        1187        1187
   1250        1132        1132        1132        1187        1187
   1251        1132        1132        1132        1187        1187
   1252        1134        1134        1134        1189        1189
   1253        1134        1134        1134        1189        1189
   1254        1134        1134        1134        1189        1189
   1255        1134        1134        1134        1189        1189
   1256        1134        1134        1134        1189        1189
   1257        1134        1134        1134        1189        1189
   1258        1132        1132        1132        1187        1187
   1259        1132        1132        1132        1187        1187
   1260        1132        1132        1132        1187        1187
   1261        1132        1132        1132        1187        1187
   1262        1132        1132        1132        1187        1187
   1263        1132        1132        1132        1187        1187
   1264        1132        1132        1132        1187        1187
   1265        1132        1132        1132        1187        1187
   1266        1132        1132        1132        1187        1187
   1267        1132        1132        1132        1187        1187
   1268        1132        1132        1132        1187        1187
   1269        1132        1132        1132        1187        1187
   1270        1132        1132        1132        1187        1187
   1271        1132        1132        1132        1187        1187
   1272        1134        1134        1134        1189        1189
   1273        1134        1134        1134        1189        1189
   1274        1134        1134        1134        1189        1189
   1275        1134        1134        1134        1189        1189
   1276        1134        1134        1134        1189        1189
   1277        1134        1134        1134        1189        1189
   1278        1132        1132        1132        1187        1187
   1279        1132        1132        1132        1187        1187
   1280        1132        1132        1132        1187        1187
   1281        1132        1132        1132        1187        1187
   1282        1132        1132        1132        1187        1187
   1283        1132        1132        1132        1187        1187
   1284        1134        1134        1134        1189        1189
   1285        1134        1134        1134        1189        1189
   1286        1134        1134        1134        1189        1189
   1287        1134        1134        1134        1189        1189
   1288        1134        1134        1134        1189        1189
   1289        1134        1134        1134        1189        1189
   1290        1132        1132        1132        1187        1187
   1291        1132        1132        1132        1187        1187
   1292        1132        1132        1132        1187        1187
   1293        1132        1132        1132        1187        1187
   1294        1132        1132        1132        1187        1187
   1295        1132        1132        1132        1187        1187
   1296        1136        1136        1136        1191        1191
   1297        1136        1136        1136        1191        1191
   1298        1134        1134        1134        1189        1189
   1299        1134        1134        1134        1189        1189
   1300        1134        1134        1134        1189        1189
   1301        1134        1134        1134        1189        1189
   1302        1134        1134        1134        1189        1189
   1303        1132        1132        1132        1187        1187
   1304        1132        1132        1132        1187        1187
   1305        1132        1132        1132        1187        1187
   1306        1132        1132        1132        1187        1187
   1307        1132        1132        1132        1187        1187
   1308        1136        1136        1136        1191        1191
   1309        1136        1136        1136        1191        1191
   1310        1134        1134        1134        1189        1189
   1311        1134        1134        1134        1189        1189
   1312        1136        1136        1136        1191        1191
   1313        1136        1136        1136        1191        1191
   1314        1132        1132        1132        1187        1187
   1315        1132        1132        1132        1187        1187
   1316        1132        1132        1132        1187        1187
   1317        1132        1132        1132        1187        1187
   1318        1132        1132        1132        1187        1187
   1319        1136        1136        1136        1191        1191
   1320        1136        1136        1136        1191        1191
   1321        1136        1136        1136        1191        1191
   1322        1136        1136        1136        1191        1191
   1323        1136        1136        1136        1191        1191
   1324        1136        1136        1136        1191        1191
   1325        1136        1136        1136        1191        1191
   1326        1136        1136        1136        1191        1191
   1327        1136        1136        1136        1191        1191
   1328        1136        1136        1136        1191        1191
   1329        1132        1132        1132        1187        1187
   1330        1136        1136        1136        1191        1191
   1331        1136        1136        1136        1191        1191
   1332        1136        1136        1136        1191        1191
   1333        1136        1136        1136        1191        1191
   1334        1136        1136        1136        1191        1191
   1335        1136        1136        1136        1191        1191
   1336        1136        1136        1136        1191        1191
   1337        1132        1132        1132        1187        1187
   1338        1132        1132        1132        1187        1187
   1339        1132        1132        1132        1187        1187
   1340        1132        1132        1132        1187        1187
   1341        1132        1132        1132        1187        1187
   1342        1132        1132        1132        1187        1187
   1343        1136        1136        1136        1191        1191
   1344        1136        1136        1136        1191        1191
   1345        1136        1136        1136        1191        1191
   1346        1136        1136        1136        1191        1191
   1347        1136        1136        1136        1191        1191
   1348        1136        1136        1136        1191        1191
   1349        1136        1136        1136        1191        1191
   1350        1132        1132        1132        1187        1187
   1351        1132        1132        1132        1187        1187
   1352        1136        1136        1136        1191        1191
   1353        1136        1136        1136        1191        1191
   1354        1136        1136        1136        1191        1191
   1355        1136        1136        1136        1191        1191
   1356        1136        1136        1136        1191        1191
   1357        1136        1136        1136        1191        1191
   1358        1136        1136        1136        1191        1191
   1359        1136        1136        1136        1191        1191
   1360        1132        1132        1132        1187        1187
   1361        1132        1132        1132        1187        1187
   1362        1136        1136        1136        1191        1191
   1363        1136        1136        1136        1191        1191
   1364        1136        1136        1136        1191        1191
   1365        1136        1136        1136        1191        1191
   1366        1136        1136        1136        1191        1191
   1367        1136        1136        1136        1191        1191
   1368        1136        1136        1136        1191        1191
   1369        1136        1136        1136        1191        1191
   1370        1136        1136        1136        1191        1191
   1371        1136        1136        1136        1191        1191
   1372        1136        1136        1136        1191        1191
   1373        1136        1136        1136        1191        1191
   1374        1136        1136        1136        1191        1191
   1375        1136        1136        1136        1191        1191
   1376        1136        1136        1136        1191        1191
   1377        1136        1136        1136        1191        1191
   1378        1136        1136        1136        1191        1191
   1379        1136        1136        1136        1191        1191
   1380        1136        1136        1136        1191        1191
   1381        1136        1136        1136        1191        1191
   1382        1136        1136        1136        1191        1191
   1383        1136        1136        1136        1191        1191
   1384        1136        1136        1136        1191        1191
   1385        1136        1136        1136        1191        1191
   1386        1136        1136        1136        1191        1191
   1387        1136        1136        1136        1191        1191
   1388        1136        1136        1136        1191        1191
   1389        1136        1136        1136        1191        1191
   1390        1136        1136        1136        1191        1191
   1391        1136        1136        1136        1191        1191
   1392        1136        1136        1136        1191        1191
C*******************************************************************************
C                           Crop/Habitat Coefficients 
C
C   The following lists the crop/habitat coefficient column pointers for each 
C   finite element and ponded crop combination. 
C
C   IE    ;  Element ID (Enter 0 if following values are to be used for all 
C              element and ponded crop combinations)
C   ICCFF ;  Crop/habitat coefficient - this number corresponds to the appropriate
C               data column in the crop/habitat coefficient data file listed in the 
C              Main Control Data File. List for each ponded crop  
C              (1 to NRICE + NREFUGE).
C              * List the column pointers in the same order as the crop 
C                codes (CCODE) are listed above; first for rice categories, 
C                then for refuge categories
C              
C--------------------------------------------------------------------------------
C    IE   ICCFF_RI_FL  ICCFF_RI_NFL  ICCFF_RI_NDC  ICCFF_RF_SL  ICCFF_RF_PR
C--------------------------------------------------------------------------------
     1        1102        1102        1102        1157        1157
     2        1104        1104        1104        1159        1159
     3        1104        1104        1104        1159        1159
     4        1104        1104        1104        1159        1159
     5        1104        1104        1104        1159        1159
     6        1104        1104        1104        1159        1159
     7        1102        1102        1102        1157        1157
     8        1104        1104        1104        1159        1159
     9        1104        1104        1104        1159        1159
    10        1104        1104        1104        1159        1159
    11        1102        1102        1102        1157        1157
    12        1102        1102        1102        1157        1157
    13        1102        1102        1102        1157        1157
    14        1104        1104        1104        1159        1159
    15        1104        1104        1104        1159        1159
    16        1104        1104        1104        1159        1159
    17        1102        1102        1102        1157        1157
    18        1102        1102        1102        1157        1157
    19        1102        1102        1102        1157        1157
    20        1102        1102        1102        1157        1157
    21        1104        1104        1104        1159        1159
    22        1101        1101        1101        1156        1156
    23        1101        1101        1101        1156        1156
    24        1102        1102        1102        1157        1157
    25        1102        1102        1102        1157        1157
    26        1102        1102        1102        1157        1157
    27        1102        1102        1102        1157        1157
    28        1104        1104        1104        1159        1159
    29        1104        1104        1104        1159        1159
    30        1102        1102        1102        1157        1157
    31        1102        1102        1102        1157        1157
    32        1102        1102        1102        1157        1157
    33        1102        1102        1102        1157        1157
    34        1102        1102        1102        1157        1157
    35        1102        1102        1102        1157        1157
    36        1104        1104        1104        1159        1159
    37        1101        1101        1101        1156        1156
    38        1101        1101        1101        1156        1156
    39        1101        1101        1101        1156        1156
    40        1102        1102        1102        1157        1157
    41        1102        1102        1102        1157        1157
    42        1102        1102        1102        1157        1157
    43        1102        1102        1102        1157        1157
    44        1101        1101        1101        1156        1156
    45        1101        1101        1101        1156        1156
    46        1101        1101        1101        1156        1156
    47        1101        1101        1101        1156        1156
    48        1105        1105        1105        1160        1160
    49        1105        1105        1105        1160        1160
    50        1105        1105        1105        1160        1160
    51        1105        1105        1105        1160        1160
    52        1104        1104        1104        1159        1159
    53        1106        1106        1106        1161        1161
    54        1105        1105        1105        1160        1160
    55        1105        1105        1105        1160        1160
    56        1105        1105        1105        1160        1160
    57        1105        1105        1105        1160        1160
    58        1105        1105        1105        1160        1160
    59        1105        1105        1105        1160        1160
    60        1105        1105        1105        1160        1160
    61        1105        1105        1105        1160        1160
    62        1105        1105        1105        1160        1160
    63        1105        1105        1105        1160        1160
    64        1106        1106        1106        1161        1161
    65        1105        1105        1105        1160        1160
    66        1105        1105        1105        1160        1160
    67        1105        1105        1105        1160        1160
    68        1105        1105        1105        1160        1160
    69        1105        1105        1105        1160        1160
    70        1106        1106        1106        1161        1161
    71        1106        1106        1106        1161        1161
    72        1105        1105        1105        1160        1160
    73        1105        1105        1105        1160        1160
    74        1105        1105        1105        1160        1160
    75        1105        1105        1105        1160        1160
    76        1105        1105        1105        1160        1160
    77        1106        1106        1106        1161        1161
    78        1106        1106        1106        1161        1161
    79        1105        1105        1105        1160        1160
    80        1105        1105        1105        1160        1160
    81        1105        1105        1105        1160        1160
    82        1105        1105        1105        1160        1160
    83        1105        1105        1105        1160        1160
    84        1106        1106        1106        1161        1161
    85        1106        1106        1106        1161        1161
    86        1105        1105        1105        1160        1160
    87        1105        1105        1105        1160        1160
    88        1105        1105        1105        1160        1160
    89        1105        1105        1105        1160        1160
    90        1105        1105        1105        1160        1160
    91        1106        1106        1106        1161        1161
    92        1106        1106        1106        1161        1161
    93        1105        1105        1105        1160        1160
    94        1105        1105        1105        1160        1160
    95        1105        1105        1105        1160        1160
    96        1105        1105        1105        1160        1160
    97        1106        1106        1106        1161        1161
    98        1106        1106        1106        1161        1161
    99        1105        1105        1105        1160        1160
   100        1105        1105        1105        1160        1160
   101        1105        1105        1105        1160        1160
   102        1105        1105        1105        1160        1160
   103        1105        1105        1105        1160        1160
   104        1106        1106        1106        1161        1161
   105        1106        1106        1106        1161        1161
   106        1105        1105        1105        1160        1160
   107        1105        1105        1105        1160        1160
   108        1105        1105        1105        1160        1160
   109        1105        1105        1105        1160        1160
   110        1109        1109        1109        1164        1164
   111        1109        1109        1109        1164        1164
   112        1111        1111        1111        1166        1166
   113        1106        1106        1106        1161        1161
   114        1106        1106        1106        1161        1161
   115        1106        1106        1106        1161        1161
   116        1106        1106        1106        1161        1161
   117        1106        1106        1106        1161        1161
   118        1106        1106        1106        1161        1161
   119        1115        1115        1115        1170        1170
   120        1115        1115        1115        1170        1170
   121        1103        1103        1103        1158        1158
   122        1103        1103        1103        1158        1158
   123        1107        1107        1107        1162        1162
   124        1109        1109        1109        1164        1164
   125        1107        1107        1107        1162        1162
   126        1107        1107        1107        1162        1162
   127        1109        1109        1109        1164        1164
   128        1111        1111        1111        1166        1166
   129        1111        1111        1111        1166        1166
   130        1114        1114        1114        1169        1169
   131        1115        1115        1115        1170        1170
   132        1115        1115        1115        1170        1170
   133        1114        1114        1114        1169        1169
   134        1115        1115        1115        1170        1170
   135        1115        1115        1115        1170        1170
   136        1115        1115        1115        1170        1170
   137        1103        1103        1103        1158        1158
   138        1107        1107        1107        1162        1162
   139        1109        1109        1109        1164        1164
   140        1109        1109        1109        1164        1164
   141        1109        1109        1109        1164        1164
   142        1109        1109        1109        1164        1164
   143        1109        1109        1109        1164        1164
   144        1111        1111        1111        1166        1166
   145        1111        1111        1111        1166        1166
   146        1114        1114        1114        1169        1169
   147        1117        1117        1117        1172        1172
   148        1115        1115        1115        1170        1170
   149        1117        1117        1117        1172        1172
   150        1115        1115        1115        1170        1170
   151        1115        1115        1115        1170        1170
   152        1117        1117        1117        1172        1172
   153        1117        1117        1117        1172        1172
   154        1117        1117        1117        1172        1172
   155        1119        1119        1119        1174        1174
   156        1109        1109        1109        1164        1164
   157        1111        1111        1111        1166        1166
   158        1111        1111        1111        1166        1166
   159        1114        1114        1114        1169        1169
   160        1117        1117        1117        1172        1172
   161        1117        1117        1117        1172        1172
   162        1117        1117        1117        1172        1172
   163        1117        1117        1117        1172        1172
   164        1117        1117        1117        1172        1172
   165        1119        1119        1119        1174        1174
   166        1109        1109        1109        1164        1164
   167        1109        1109        1109        1164        1164
   168        1109        1109        1109        1164        1164
   169        1109        1109        1109        1164        1164
   170        1111        1111        1111        1166        1166
   171        1111        1111        1111        1166        1166
   172        1111        1111        1111        1166        1166
   173        1114        1114        1114        1169        1169
   174        1117        1117        1117        1172        1172
   175        1117        1117        1117        1172        1172
   176        1117        1117        1117        1172        1172
   177        1117        1117        1117        1172        1172
   178        1117        1117        1117        1172        1172
   179        1118        1118        1118        1173        1173
   180        1109        1109        1109        1164        1164
   181        1109        1109        1109        1164        1164
   182        1109        1109        1109        1164        1164
   183        1109        1109        1109        1164        1164
   184        1111        1111        1111        1166        1166
   185        1111        1111        1111        1166        1166
   186        1111        1111        1111        1166        1166
   187        1111        1111        1111        1166        1166
   188        1114        1114        1114        1169        1169
   189        1117        1117        1117        1172        1172
   190        1117        1117        1117        1172        1172
   191        1117        1117        1117        1172        1172
   192        1117        1117        1117        1172        1172
   193        1117        1117        1117        1172        1172
   194        1117        1117        1117        1172        1172
   195        1118        1118        1118        1173        1173
   196        1118        1118        1118        1173        1173
   197        1109        1109        1109        1164        1164
   198        1111        1111        1111        1166        1166
   199        1111        1111        1111        1166        1166
   200        1111        1111        1111        1166        1166
   201        1111        1111        1111        1166        1166
   202        1109        1109        1109        1164        1164
   203        1111        1111        1111        1166        1166
   204        1111        1111        1111        1166        1166
   205        1111        1111        1111        1166        1166
   206        1111        1111        1111        1166        1166
   207        1114        1114        1114        1169        1169
   208        1114        1114        1114        1169        1169
   209        1117        1117        1117        1172        1172
   210        1117        1117        1117        1172        1172
   211        1117        1117        1117        1172        1172
   212        1126        1126        1126        1181        1181
   213        1126        1126        1126        1181        1181
   214        1117        1117        1117        1172        1172
   215        1117        1117        1117        1172        1172
   216        1121        1121        1121        1176        1176
   217        1109        1109        1109        1164        1164
   218        1111        1111        1111        1166        1166
   219        1111        1111        1111        1166        1166
   220        1112        1112        1112        1167        1167
   221        1112        1112        1112        1167        1167
   222        1112        1112        1112        1167        1167
   223        1111        1111        1111        1166        1166
   224        1111        1111        1111        1166        1166
   225        1114        1114        1114        1169        1169
   226        1114        1114        1114        1169        1169
   227        1126        1126        1126        1181        1181
   228        1126        1126        1126        1181        1181
   229        1117        1117        1117        1172        1172
   230        1117        1117        1117        1172        1172
   231        1121        1121        1121        1176        1176
   232        1120        1120        1120        1175        1175
   233        1110        1110        1110        1165        1165
   234        1112        1112        1112        1167        1167
   235        1112        1112        1112        1167        1167
   236        1112        1112        1112        1167        1167
   237        1112        1112        1112        1167        1167
   238        1114        1114        1114        1169        1169
   239        1114        1114        1114        1169        1169
   240        1126        1126        1126        1181        1181
   241        1110        1110        1110        1165        1165
   242        1112        1112        1112        1167        1167
   243        1112        1112        1112        1167        1167
   244        1112        1112        1112        1167        1167
   245        1112        1112        1112        1167        1167
   246        1112        1112        1112        1167        1167
   247        1114        1114        1114        1169        1169
   248        1126        1126        1126        1181        1181
   249        1124        1124        1124        1179        1179
   250        1124        1124        1124        1179        1179
   251        1121        1121        1121        1176        1176
   252        1121        1121        1121        1176        1176
   253        1110        1110        1110        1165        1165
   254        1112        1112        1112        1167        1167
   255        1112        1112        1112        1167        1167
   256        1112        1112        1112        1167        1167
   257        1112        1112        1112        1167        1167
   258        1112        1112        1112        1167        1167
   259        1112        1112        1112        1167        1167
   260        1129        1129        1129        1184        1184
   261        1110        1110        1110        1165        1165
   262        1110        1110        1110        1165        1165
   263        1110        1110        1110        1165        1165
   264        1112        1112        1112        1167        1167
   265        1112        1112        1112        1167        1167
   266        1112        1112        1112        1167        1167
   267        1129        1129        1129        1184        1184
   268        1127        1127        1127        1182        1182
   269        1129        1129        1129        1184        1184
   270        1129        1129        1129        1184        1184
   271        1117        1117        1117        1172        1172
   272        1124        1124        1124        1179        1179
   273        1110        1110        1110        1165        1165
   274        1110        1110        1110        1165        1165
   275        1110        1110        1110        1165        1165
   276        1112        1112        1112        1167        1167
   277        1112        1112        1112        1167        1167
   278        1129        1129        1129        1184        1184
   279        1129        1129        1129        1184        1184
   280        1117        1117        1117        1172        1172
   281        1124        1124        1124        1179        1179
   282        1122        1122        1122        1177        1177
   283        1122        1122        1122        1177        1177
   284        1110        1110        1110        1165        1165
   285        1110        1110        1110        1165        1165
   286        1110        1110        1110        1165        1165
   287        1110        1110        1110        1165        1165
   288        1112        1112        1112        1167        1167
   289        1112        1112        1112        1167        1167
   290        1112        1112        1112        1167        1167
   291        1131        1131        1131        1186        1186
   292        1131        1131        1131        1186        1186
   293        1124        1124        1124        1179        1179
   294        1124        1124        1124        1179        1179
   295        1122        1122        1122        1177        1177
   296        1122        1122        1122        1177        1177
   297        1122        1122        1122        1177        1177
   298        1110        1110        1110        1165        1165
   299        1110        1110        1110        1165        1165
   300        1110        1110        1110        1165        1165
   301        1112        1112        1112        1167        1167
   302        1131        1131        1131        1186        1186
   303        1131        1131        1131        1186        1186
   304        1124        1124        1124        1179        1179
   305        1124        1124        1124        1179        1179
   306        1122        1122        1122        1177        1177
   307        1122        1122        1122        1177        1177
   308        1122        1122        1122        1177        1177
   309        1110        1110        1110        1165        1165
   310        1110        1110        1110        1165        1165
   311        1110        1110        1110        1165        1165
   312        1112        1112        1112        1167        1167
   313        1112        1112        1112        1167        1167
   314        1112        1112        1112        1167        1167
   315        1131        1131        1131        1186        1186
   316        1131        1131        1131        1186        1186
   317        1124        1124        1124        1179        1179
   318        1122        1122        1122        1177        1177
   319        1122        1122        1122        1177        1177
   320        1122        1122        1122        1177        1177
   321        1138        1138        1138        1193        1193
   322        1133        1133        1133        1188        1188
   323        1133        1133        1133        1188        1188
   324        1110        1110        1110        1165        1165
   325        1110        1110        1110        1165        1165
   326        1112        1112        1112        1167        1167
   327        1112        1112        1112        1167        1167
   328        1131        1131        1131        1186        1186
   329        1127        1127        1127        1182        1182
   330        1137        1137        1137        1192        1192
   331        1137        1137        1137        1192        1192
   332        1138        1138        1138        1193        1193
   333        1138        1138        1138        1193        1193
   334        1138        1138        1138        1193        1193
   335        1139        1139        1139        1194        1194
   336        1133        1133        1133        1188        1188
   337        1133        1133        1133        1188        1188
   338        1110        1110        1110        1165        1165
   339        1110        1110        1110        1165        1165
   340        1131        1131        1131        1186        1186
   341        1137        1137        1137        1192        1192
   342        1137        1137        1137        1192        1192
   343        1138        1138        1138        1193        1193
   344        1138        1138        1138        1193        1193
   345        1138        1138        1138        1193        1193
   346        1139        1139        1139        1194        1194
   347        1139        1139        1139        1194        1194
   348        1133        1133        1133        1188        1188
   349        1133        1133        1133        1188        1188
   350        1135        1135        1135        1190        1190
   351        1135        1135        1135        1190        1190
   352        1135        1135        1135        1190        1190
   353        1137        1137        1137        1192        1192
   354        1133        1133        1133        1188        1188
   355        1133        1133        1133        1188        1188
   356        1133        1133        1133        1188        1188
   357        1135        1135        1135        1190        1190
   358        1135        1135        1135        1190        1190
   359        1137        1137        1137        1192        1192
   360        1137        1137        1137        1192        1192
   361        1137        1137        1137        1192        1192
   362        1137        1137        1137        1192        1192
   363        1137        1137        1137        1192        1192
   364        1138        1138        1138        1193        1193
   365        1138        1138        1138        1193        1193
   366        1139        1139        1139        1194        1194
   367        1139        1139        1139        1194        1194
   368        1139        1139        1139        1194        1194
   369        1139        1139        1139        1194        1194
   370        1139        1139        1139        1194        1194
   371        1139        1139        1139        1194        1194
   372        1141        1141        1141        1196        1196
   373        1141        1141        1141        1196        1196
   374        1139        1139        1139        1194        1194
   375        1141        1141        1141        1196        1196
   376        1137        1137        1137        1192        1192
   377        1137        1137        1137        1192        1192
   378        1141        1141        1141        1196        1196
   379        1141        1141        1141        1196        1196
   380        1141        1141        1141        1196        1196
   381        1141        1141        1141        1196        1196
   382        1141        1141        1141        1196        1196
   383        1141        1141        1141        1196        1196
   384        1141        1141        1141        1196        1196
   385        1141        1141        1141        1196        1196
   386        1141        1141        1141        1196        1196
   387        1142        1142        1142        1197        1197
   388        1141        1141        1141        1196        1196
   389        1141        1141        1141        1196        1196
   390        1142        1142        1142        1197        1197
   391        1142        1142        1142        1197        1197
   392        1141        1141        1141        1196        1196
   393        1141        1141        1141        1196        1196
   394        1142        1142        1142        1197        1197
   395        1142        1142        1142        1197        1197
   396        1142        1142        1142        1197        1197
   397        1142        1142        1142        1197        1197
   398        1142        1142        1142        1197        1197
   399        1142        1142        1142        1197        1197
   400        1144        1144        1144        1199        1199
   401        1144        1144        1144        1199        1199
   402        1133        1133        1133        1188        1188
   403        1133        1133        1133        1188        1188
   404        1133        1133        1133        1188        1188
   405        1133        1133        1133        1188        1188
   406        1133        1133        1133        1188        1188
   407        1135        1135        1135        1190        1190
   408        1135        1135        1135        1190        1190
   409        1133        1133        1133        1188        1188
   410        1133        1133        1133        1188        1188
   411        1133        1133        1133        1188        1188
   412        1133        1133        1133        1188        1188
   413        1133        1133        1133        1188        1188
   414        1155        1155        1155        1210        1210
   415        1155        1155        1155        1210        1210
   416        1142        1142        1142        1197        1197
   417        1142        1142        1142        1197        1197
   418        1142        1142        1142        1197        1197
   419        1142        1142        1142        1197        1197
   420        1144        1144        1144        1199        1199
   421        1144        1144        1144        1199        1199
   422        1144        1144        1144        1199        1199
   423        1133        1133        1133        1188        1188
   424        1140        1140        1140        1195        1195
   425        1140        1140        1140        1195        1195
   426        1140        1140        1140        1195        1195
   427        1140        1140        1140        1195        1195
   428        1140        1140        1140        1195        1195
   429        1140        1140        1140        1195        1195
   430        1155        1155        1155        1210        1210
   431        1155        1155        1155        1210        1210
   432        1142        1142        1142        1197        1197
   433        1142        1142        1142        1197        1197
   434        1144        1144        1144        1199        1199
   435        1144        1144        1144        1199        1199
   436        1144        1144        1144        1199        1199
   437        1144        1144        1144        1199        1199
   438        1144        1144        1144        1199        1199
   439        1144        1144        1144        1199        1199
   440        1140        1140        1140        1195        1195
   441        1140        1140        1140        1195        1195
   442        1140        1140        1140        1195        1195
   443        1140        1140        1140        1195        1195
   444        1155        1155        1155        1210        1210
   445        1140        1140        1140        1195        1195
   446        1155        1155        1155        1210        1210
   447        1155        1155        1155        1210        1210
   448        1155        1155        1155        1210        1210
   449        1155        1155        1155        1210        1210
   450        1142        1142        1142        1197        1197
   451        1142        1142        1142        1197        1197
   452        1142        1142        1142        1197        1197
   453        1144        1144        1144        1199        1199
   454        1144        1144        1144        1199        1199
   455        1144        1144        1144        1199        1199
   456        1144        1144        1144        1199        1199
   457        1144        1144        1144        1199        1199
   458        1144        1144        1144        1199        1199
   459        1144        1144        1144        1199        1199
   460        1144        1144        1144        1199        1199
   461        1144        1144        1144        1199        1199
   462        1140        1140        1140        1195        1195
   463        1140        1140        1140        1195        1195
   464        1140        1140        1140        1195        1195
   465        1140        1140        1140        1195        1195
   466        1155        1155        1155        1210        1210
   467        1155        1155        1155        1210        1210
   468        1155        1155        1155        1210        1210
   469        1155        1155        1155        1210        1210
   470        1155        1155        1155        1210        1210
   471        1142        1142        1142        1197        1197
   472        1144        1144        1144        1199        1199
   473        1144        1144        1144        1199        1199
   474        1144        1144        1144        1199        1199
   475        1144        1144        1144        1199        1199
   476        1144        1144        1144        1199        1199
   477        1144        1144        1144        1199        1199
   478        1144        1144        1144        1199        1199
   479        1144        1144        1144        1199        1199
   480        1108        1108        1108        1163        1163
   481        1108        1108        1108        1163        1163
   482        1140        1140        1140        1195        1195
   483        1140        1140        1140        1195        1195
   484        1155        1155        1155        1210        1210
   485        1155        1155        1155        1210        1210
   486        1155        1155        1155        1210        1210
   487        1155        1155        1155        1210        1210
   488        1155        1155        1155        1210        1210
   489        1155        1155        1155        1210        1210
   490        1155        1155        1155        1210        1210
   491        1155        1155        1155        1210        1210
   492        1155        1155        1155        1210        1210
   493        1155        1155        1155        1210        1210
   494        1144        1144        1144        1199        1199
   495        1108        1108        1108        1163        1163
   496        1108        1108        1108        1163        1163
   497        1108        1108        1108        1163        1163
   498        1140        1140        1140        1195        1195
   499        1140        1140        1140        1195        1195
   500        1140        1140        1140        1195        1195
   501        1155        1155        1155        1210        1210
   502        1155        1155        1155        1210        1210
   503        1155        1155        1155        1210        1210
   504        1155        1155        1155        1210        1210
   505        1155        1155        1155        1210        1210
   506        1155        1155        1155        1210        1210
   507        1155        1155        1155        1210        1210
   508        1155        1155        1155        1210        1210
   509        1144        1144        1144        1199        1199
   510        1155        1155        1155        1210        1210
   511        1144        1144        1144        1199        1199
   512        1144        1144        1144        1199        1199
   513        1144        1144        1144        1199        1199
   514        1144        1144        1144        1199        1199
   515        1144        1144        1144        1199        1199
   516        1144        1144        1144        1199        1199
   517        1144        1144        1144        1199        1199
   518        1113        1113        1113        1168        1168
   519        1144        1144        1144        1199        1199
   520        1155        1155        1155        1210        1210
   521        1144        1144        1144        1199        1199
   522        1144        1144        1144        1199        1199
   523        1144        1144        1144        1199        1199
   524        1144        1144        1144        1199        1199
   525        1144        1144        1144        1199        1199
   526        1144        1144        1144        1199        1199
   527        1144        1144        1144        1199        1199
   528        1113        1113        1113        1168        1168
   529        1113        1113        1113        1168        1168
   530        1113        1113        1113        1168        1168
   531        1113        1113        1113        1168        1168
   532        1113        1113        1113        1168        1168
   533        1108        1108        1108        1163        1163
   534        1108        1108        1108        1163        1163
   535        1108        1108        1108        1163        1163
   536        1108        1108        1108        1163        1163
   537        1140        1140        1140        1195        1195
   538        1140        1140        1140        1195        1195
   539        1140        1140        1140        1195        1195
   540        1155        1155        1155        1210        1210
   541        1155        1155        1155        1210        1210
   542        1155        1155        1155        1210        1210
   543        1155        1155        1155        1210        1210
   544        1155        1155        1155        1210        1210
   545        1155        1155        1155        1210        1210
   546        1145        1145        1145        1200        1200
   547        1144        1144        1144        1199        1199
   548        1144        1144        1144        1199        1199
   549        1144        1144        1144        1199        1199
   550        1113        1113        1113        1168        1168
   551        1108        1108        1108        1163        1163
   552        1108        1108        1108        1163        1163
   553        1108        1108        1108        1163        1163
   554        1108        1108        1108        1163        1163
   555        1155        1155        1155        1210        1210
   556        1155        1155        1155        1210        1210
   557        1155        1155        1155        1210        1210
   558        1155        1155        1155        1210        1210
   559        1155        1155        1155        1210        1210
   560        1155        1155        1155        1210        1210
   561        1155        1155        1155        1210        1210
   562        1155        1155        1155        1210        1210
   563        1155        1155        1155        1210        1210
   564        1145        1145        1145        1200        1200
   565        1145        1145        1145        1200        1200
   566        1145        1145        1145        1200        1200
   567        1145        1145        1145        1200        1200
   568        1113        1113        1113        1168        1168
   569        1108        1108        1108        1163        1163
   570        1155        1155        1155        1210        1210
   571        1155        1155        1155        1210        1210
   572        1155        1155        1155        1210        1210
   573        1155        1155        1155        1210        1210
   574        1155        1155        1155        1210        1210
   575        1155        1155        1155        1210        1210
   576        1155        1155        1155        1210        1210
   577        1155        1155        1155        1210        1210
   578        1143        1143        1143        1198        1198
   579        1155        1155        1155        1210        1210
   580        1155        1155        1155        1210        1210
   581        1155        1155        1155        1210        1210
   582        1145        1145        1145        1200        1200
   583        1145        1145        1145        1200        1200
   584        1145        1145        1145        1200        1200
   585        1145        1145        1145        1200        1200
   586        1145        1145        1145        1200        1200
   587        1113        1113        1113        1168        1168
   588        1143        1143        1143        1198        1198
   589        1155        1155        1155        1210        1210
   590        1155        1155        1155        1210        1210
   591        1155        1155        1155        1210        1210
   592        1146        1146        1146        1201        1201
   593        1146        1146        1146        1201        1201
   594        1145        1145        1145        1200        1200
   595        1145        1145        1145        1200        1200
   596        1145        1145        1145        1200        1200
   597        1113        1113        1113        1168        1168
   598        1113        1113        1113        1168        1168
   599        1146        1146        1146        1201        1201
   600        1146        1146        1146        1201        1201
   601        1146        1146        1146        1201        1201
   602        1146        1146        1146        1201        1201
   603        1113        1113        1113        1168        1168
   604        1143        1143        1143        1198        1198
   605        1143        1143        1143        1198        1198
   606        1143        1143        1143        1198        1198
   607        1143        1143        1143        1198        1198
   608        1143        1143        1143        1198        1198
   609        1155        1155        1155        1210        1210
   610        1146        1146        1146        1201        1201
   611        1146        1146        1146        1201        1201
   612        1146        1146        1146        1201        1201
   613        1146        1146        1146        1201        1201
   614        1146        1146        1146        1201        1201
   615        1146        1146        1146        1201        1201
   616        1146        1146        1146        1201        1201
   617        1113        1113        1113        1168        1168
   618        1150        1150        1150        1205        1205
   619        1143        1143        1143        1198        1198
   620        1143        1143        1143        1198        1198
   621        1143        1143        1143        1198        1198
   622        1150        1150        1150        1205        1205
   623        1150        1150        1150        1205        1205
   624        1150        1150        1150        1205        1205
   625        1150        1150        1150        1205        1205
   626        1146        1146        1146        1201        1201
   627        1146        1146        1146        1201        1201
   628        1146        1146        1146        1201        1201
   629        1146        1146        1146        1201        1201
   630        1146        1146        1146        1201        1201
   631        1146        1146        1146        1201        1201
   632        1146        1146        1146        1201        1201
   633        1146        1146        1146        1201        1201
   634        1150        1150        1150        1205        1205
   635        1150        1150        1150        1205        1205
   636        1146        1146        1146        1201        1201
   637        1146        1146        1146        1201        1201
   638        1146        1146        1146        1201        1201
   639        1146        1146        1146        1201        1201
   640        1146        1146        1146        1201        1201
   641        1146        1146        1146        1201        1201
   642        1146        1146        1146        1201        1201
   643        1146        1146        1146        1201        1201
   644        1150        1150        1150        1205        1205
   645        1150        1150        1150        1205        1205
   646        1147        1147        1147        1202        1202
   647        1146        1146        1146        1201        1201
   648        1146        1146        1146        1201        1201
   649        1146        1146        1146        1201        1201
   650        1146        1146        1146        1201        1201
   651        1146        1146        1146        1201        1201
   652        1146        1146        1146        1201        1201
   653        1146        1146        1146        1201        1201
   654        1146        1146        1146        1201        1201
   655        1146        1146        1146        1201        1201
   656        1146        1146        1146        1201        1201
   657        1146        1146        1146        1201        1201
   658        1146        1146        1146        1201        1201
   659        1146        1146        1146        1201        1201
   660        1150        1150        1150        1205        1205
   661        1150        1150        1150        1205        1205
   662        1147        1147        1147        1202        1202
   663        1147        1147        1147        1202        1202
   664        1147        1147        1147        1202        1202
   665        1147        1147        1147        1202        1202
   666        1147        1147        1147        1202        1202
   667        1147        1147        1147        1202        1202
   668        1147        1147        1147        1202        1202
   669        1147        1147        1147        1202        1202
   670        1150        1150        1150        1205        1205
   671        1150        1150        1150        1205        1205
   672        1147        1147        1147        1202        1202
   673        1147        1147        1147        1202        1202
   674        1147        1147        1147        1202        1202
   675        1147        1147        1147        1202        1202
   676        1147        1147        1147        1202        1202
   677        1147        1147        1147        1202        1202
   678        1147        1147        1147        1202        1202
   679        1147        1147        1147        1202        1202
   680        1150        1150        1150        1205        1205
   681        1151        1151        1151        1206        1206
   682        1150        1150        1150        1205        1205
   683        1151        1151        1151        1206        1206
   684        1147        1147        1147        1202        1202
   685        1147        1147        1147        1202        1202
   686        1147        1147        1147        1202        1202
   687        1147        1147        1147        1202        1202
   688        1147        1147        1147        1202        1202
   689        1147        1147        1147        1202        1202
   690        1147        1147        1147        1202        1202
   691        1147        1147        1147        1202        1202
   692        1150        1150        1150        1205        1205
   693        1151        1151        1151        1206        1206
   694        1147        1147        1147        1202        1202
   695        1147        1147        1147        1202        1202
   696        1147        1147        1147        1202        1202
   697        1147        1147        1147        1202        1202
   698        1147        1147        1147        1202        1202
   699        1147        1147        1147        1202        1202
   700        1147        1147        1147        1202        1202
   701        1147        1147        1147        1202        1202
   702        1151        1151        1151        1206        1206
   703        1148        1148        1148        1203        1203
   704        1148        1148        1148        1203        1203
   705        1148        1148        1148        1203        1203
   706        1148        1148        1148        1203        1203
   707        1148        1148        1148        1203        1203
   708        1148        1148        1148        1203        1203
   709        1148        1148        1148        1203        1203
   710        1148        1148        1148        1203        1203
   711        1150        1150        1150        1205        1205
   712        1151        1151        1151        1206        1206
   713        1151        1151        1151        1206        1206
   714        1148        1148        1148        1203        1203
   715        1151        1151        1151        1206        1206
   716        1148        1148        1148        1203        1203
   717        1148        1148        1148        1203        1203
   718        1148        1148        1148        1203        1203
   719        1148        1148        1148        1203        1203
   720        1148        1148        1148        1203        1203
   721        1148        1148        1148        1203        1203
   722        1148        1148        1148        1203        1203
   723        1151        1151        1151        1206        1206
   724        1151        1151        1151        1206        1206
   725        1151        1151        1151        1206        1206
   726        1151        1151        1151        1206        1206
   727        1151        1151        1151        1206        1206
   728        1148        1148        1148        1203        1203
   729        1148        1148        1148        1203        1203
   730        1148        1148        1148        1203        1203
   731        1148        1148        1148        1203        1203
   732        1148        1148        1148        1203        1203
   733        1148        1148        1148        1203        1203
   734        1148        1148        1148        1203        1203
   735        1148        1148        1148        1203        1203
   736        1148        1148        1148        1203        1203
   737        1148        1148        1148        1203        1203
   738        1148        1148        1148        1203        1203
   739        1148        1148        1148        1203        1203
   740        1148        1148        1148        1203        1203
   741        1148        1148        1148        1203        1203
   742        1148        1148        1148        1203        1203
   743        1148        1148        1148        1203        1203
   744        1148        1148        1148        1203        1203
   745        1148        1148        1148        1203        1203
   746        1148        1148        1148        1203        1203
   747        1148        1148        1148        1203        1203
   748        1150        1150        1150        1205        1205
   749        1151        1151        1151        1206        1206
   750        1151        1151        1151        1206        1206
   751        1151        1151        1151        1206        1206
   752        1151        1151        1151        1206        1206
   753        1151        1151        1151        1206        1206
   754        1148        1148        1148        1203        1203
   755        1148        1148        1148        1203        1203
   756        1148        1148        1148        1203        1203
   757        1148        1148        1148        1203        1203
   758        1148        1148        1148        1203        1203
   759        1148        1148        1148        1203        1203
   760        1148        1148        1148        1203        1203
   761        1148        1148        1148        1203        1203
   762        1148        1148        1148        1203        1203
   763        1148        1148        1148        1203        1203
   764        1148        1148        1148        1203        1203
   765        1148        1148        1148        1203        1203
   766        1148        1148        1148        1203        1203
   767        1148        1148        1148        1203        1203
   768        1149        1149        1149        1204        1204
   769        1148        1148        1148        1203        1203
   770        1148        1148        1148        1203        1203
   771        1148        1148        1148        1203        1203
   772        1148        1148        1148        1203        1203
   773        1152        1152        1152        1207        1207
   774        1151        1151        1151        1206        1206
   775        1151        1151        1151        1206        1206
   776        1151        1151        1151        1206        1206
   777        1152        1152        1152        1207        1207
   778        1151        1151        1151        1206        1206
   779        1151        1151        1151        1206        1206
   780        1151        1151        1151        1206        1206
   781        1148        1148        1148        1203        1203
   782        1148        1148        1148        1203        1203
   783        1148        1148        1148        1203        1203
   784        1148        1148        1148        1203        1203
   785        1149        1149        1149        1204        1204
   786        1149        1149        1149        1204        1204
   787        1148        1148        1148        1203        1203
   788        1148        1148        1148        1203        1203
   789        1148        1148        1148        1203        1203
   790        1148        1148        1148        1203        1203
   791        1151        1151        1151        1206        1206
   792        1151        1151        1151        1206        1206
   793        1151        1151        1151        1206        1206
   794        1151        1151        1151        1206        1206
   795        1151        1151        1151        1206        1206
   796        1152        1152        1152        1207        1207
   797        1152        1152        1152        1207        1207
   798        1151        1151        1151        1206        1206
   799        1151        1151        1151        1206        1206
   800        1151        1151        1151        1206        1206
   801        1151        1151        1151        1206        1206
   802        1148        1148        1148        1203        1203
   803        1151        1151        1151        1206        1206
   804        1151        1151        1151        1206        1206
   805        1149        1149        1149        1204        1204
   806        1149        1149        1149        1204        1204
   807        1149        1149        1149        1204        1204
   808        1149        1149        1149        1204        1204
   809        1149        1149        1149        1204        1204
   810        1149        1149        1149        1204        1204
   811        1149        1149        1149        1204        1204
   812        1149        1149        1149        1204        1204
   813        1149        1149        1149        1204        1204
   814        1149        1149        1149        1204        1204
   815        1149        1149        1149        1204        1204
   816        1149        1149        1149        1204        1204
   817        1149        1149        1149        1204        1204
   818        1149        1149        1149        1204        1204
   819        1149        1149        1149        1204        1204
   820        1149        1149        1149        1204        1204
   821        1149        1149        1149        1204        1204
   822        1149        1149        1149        1204        1204
   823        1149        1149        1149        1204        1204
   824        1149        1149        1149        1204        1204
   825        1149        1149        1149        1204        1204
   826        1149        1149        1149        1204        1204
   827        1149        1149        1149        1204        1204
   828        1152        1152        1152        1207        1207
   829        1152        1152        1152        1207        1207
   830        1151        1151        1151        1206        1206
   831        1151        1151        1151        1206        1206
   832        1149        1149        1149        1204        1204
   833        1149        1149        1149        1204        1204
   834        1149        1149        1149        1204        1204
   835        1149        1149        1149        1204        1204
   836        1149        1149        1149        1204        1204
   837        1149        1149        1149        1204        1204
   838        1149        1149        1149        1204        1204
   839        1149        1149        1149        1204        1204
   840        1116        1116        1116        1171        1171
   841        1152        1152        1152        1207        1207
   842        1152        1152        1152        1207        1207
   843        1152        1152        1152        1207        1207
   844        1152        1152        1152        1207        1207
   845        1151        1151        1151        1206        1206
   846        1152        1152        1152        1207        1207
   847        1152        1152        1152        1207        1207
   848        1152        1152        1152        1207        1207
   849        1149        1149        1149        1204        1204
   850        1149        1149        1149        1204        1204
   851        1149        1149        1149        1204        1204
   852        1149        1149        1149        1204        1204
   853        1149        1149        1149        1204        1204
   854        1149        1149        1149        1204        1204
   855        1149        1149        1149        1204        1204
   856        1149        1149        1149        1204        1204
   857        1149        1149        1149        1204        1204
   858        1152        1152        1152        1207        1207
   859        1152        1152        1152        1207        1207
   860        1152        1152        1152        1207        1207
   861        1153        1153        1153        1208        1208
   862        1153        1153        1153        1208        1208
   863        1153        1153        1153        1208        1208
   864        1153        1153        1153        1208        1208
   865        1153        1153        1153        1208        1208
   866        1153        1153        1153        1208        1208
   867        1153        1153        1153        1208        1208
   868        1153        1153        1153        1208        1208
   869        1152        1152        1152        1207        1207
   870        1149        1149        1149        1204        1204
   871        1149        1149        1149        1204        1204
   872        1149        1149        1149        1204        1204
   873        1149        1149        1149        1204        1204
   874        1149        1149        1149        1204        1204
   875        1149        1149        1149        1204        1204
   876        1149        1149        1149        1204        1204
   877        1149        1149        1149        1204        1204
   878        1149        1149        1149        1204        1204
   879        1149        1149        1149        1204        1204
   880        1149        1149        1149        1204        1204
   881        1153        1153        1153        1208        1208
   882        1153        1153        1153        1208        1208
   883        1153        1153        1153        1208        1208
   884        1153        1153        1153        1208        1208
   885        1123        1123        1123        1178        1178
   886        1123        1123        1123        1178        1178
   887        1123        1123        1123        1178        1178
   888        1123        1123        1123        1178        1178
   889        1125        1125        1125        1180        1180
   890        1125        1125        1125        1180        1180
   891        1125        1125        1125        1180        1180
   892        1125        1125        1125        1180        1180
   893        1125        1125        1125        1180        1180
   894        1125        1125        1125        1180        1180
   895        1125        1125        1125        1180        1180
   896        1153        1153        1153        1208        1208
   897        1153        1153        1153        1208        1208
   898        1153        1153        1153        1208        1208
   899        1153        1153        1153        1208        1208
   900        1154        1154        1154        1209        1209
   901        1154        1154        1154        1209        1209
   902        1153        1153        1153        1208        1208
   903        1153        1153        1153        1208        1208
   904        1153        1153        1153        1208        1208
   905        1153        1153        1153        1208        1208
   906        1154        1154        1154        1209        1209
   907        1154        1154        1154        1209        1209
   908        1123        1123        1123        1178        1178
   909        1123        1123        1123        1178        1178
   910        1125        1125        1125        1180        1180
   911        1125        1125        1125        1180        1180
   912        1125        1125        1125        1180        1180
   913        1125        1125        1125        1180        1180
   914        1125        1125        1125        1180        1180
   915        1125        1125        1125        1180        1180
   916        1125        1125        1125        1180        1180
   917        1153        1153        1153        1208        1208
   918        1153        1153        1153        1208        1208
   919        1153        1153        1153        1208        1208
   920        1153        1153        1153        1208        1208
   921        1154        1154        1154        1209        1209
   922        1154        1154        1154        1209        1209
   923        1123        1123        1123        1178        1178
   924        1123        1123        1123        1178        1178
   925        1125        1125        1125        1180        1180
   926        1125        1125        1125        1180        1180
   927        1125        1125        1125        1180        1180
   928        1125        1125        1125        1180        1180
   929        1125        1125        1125        1180        1180
   930        1125        1125        1125        1180        1180
   931        1125        1125        1125        1180        1180
   932        1125        1125        1125        1180        1180
   933        1125        1125        1125        1180        1180
   934        1153        1153        1153        1208        1208
   935        1153        1153        1153        1208        1208
   936        1153        1153        1153        1208        1208
   937        1153        1153        1153        1208        1208
   938        1154        1154        1154        1209        1209
   939        1154        1154        1154        1209        1209
   940        1123        1123        1123        1178        1178
   941        1123        1123        1123        1178        1178
   942        1123        1123        1123        1178        1178
   943        1153        1153        1153        1208        1208
   944        1153        1153        1153        1208        1208
   945        1153        1153        1153        1208        1208
   946        1153        1153        1153        1208        1208
   947        1123        1123        1123        1178        1178
   948        1154        1154        1154        1209        1209
   949        1123        1123        1123        1178        1178
   950        1153        1153        1153        1208        1208
   951        1153        1153        1153        1208        1208
   952        1153        1153        1153        1208        1208
   953        1153        1153        1153        1208        1208
   954        1123        1123        1123        1178        1178
   955        1123        1123        1123        1178        1178
   956        1123        1123        1123        1178        1178
   957        1123        1123        1123        1178        1178
   958        1153        1153        1153        1208        1208
   959        1153        1153        1153        1208        1208
   960        1153        1153        1153        1208        1208
   961        1153        1153        1153        1208        1208
   962        1123        1123        1123        1178        1178
   963        1123        1123        1123        1178        1178
   964        1123        1123        1123        1178        1178
   965        1123        1123        1123        1178        1178
   966        1125        1125        1125        1180        1180
   967        1125        1125        1125        1180        1180
   968        1125        1125        1125        1180        1180
   969        1125        1125        1125        1180        1180
   970        1125        1125        1125        1180        1180
   971        1125        1125        1125        1180        1180
   972        1125        1125        1125        1180        1180
   973        1153        1153        1153        1208        1208
   974        1153        1153        1153        1208        1208
   975        1153        1153        1153        1208        1208
   976        1153        1153        1153        1208        1208
   977        1123        1123        1123        1178        1178
   978        1123        1123        1123        1178        1178
   979        1123        1123        1123        1178        1178
   980        1123        1123        1123        1178        1178
   981        1128        1128        1128        1183        1183
   982        1128        1128        1128        1183        1183
   983        1128        1128        1128        1183        1183
   984        1128        1128        1128        1183        1183
   985        1128        1128        1128        1183        1183
   986        1128        1128        1128        1183        1183
   987        1128        1128        1128        1183        1183
   988        1128        1128        1128        1183        1183
   989        1125        1125        1125        1180        1180
   990        1125        1125        1125        1180        1180
   991        1153        1153        1153        1208        1208
   992        1153        1153        1153        1208        1208
   993        1153        1153        1153        1208        1208
   994        1153        1153        1153        1208        1208
   995        1123        1123        1123        1178        1178
   996        1123        1123        1123        1178        1178
   997        1123        1123        1123        1178        1178
   998        1123        1123        1123        1178        1178
   999        1128        1128        1128        1183        1183
  1000        1128        1128        1128        1183        1183
  1001        1128        1128        1128        1183        1183
  1002        1128        1128        1128        1183        1183
  1003        1153        1153        1153        1208        1208
  1004        1153        1153        1153        1208        1208
  1005        1153        1153        1153        1208        1208
  1006        1153        1153        1153        1208        1208
  1007        1153        1153        1153        1208        1208
  1008        1153        1153        1153        1208        1208
  1009        1153        1153        1153        1208        1208
  1010        1153        1153        1153        1208        1208
  1011        1123        1123        1123        1178        1178
  1012        1123        1123        1123        1178        1178
  1013        1123        1123        1123        1178        1178
  1014        1123        1123        1123        1178        1178
  1015        1123        1123        1123        1178        1178
  1016        1123        1123        1123        1178        1178
  1017        1128        1128        1128        1183        1183
  1018        1128        1128        1128        1183        1183
  1019        1128        1128        1128        1183        1183
  1020        1128        1128        1128        1183        1183
  1021        1128        1128        1128        1183        1183
  1022        1128        1128        1128        1183        1183
  1023        1128        1128        1128        1183        1183
  1024        1153        1153        1153        1208        1208
  1025        1153        1153        1153        1208        1208
  1026        1153        1153        1153        1208        1208
  1027        1153        1153        1153        1208        1208
  1028        1123        1123        1123        1178        1178
  1029        1123        1123        1123        1178        1178
  1030        1123        1123        1123        1178        1178
  1031        1123        1123        1123        1178        1178
  1032        1123        1123        1123        1178        1178
  1033        1128        1128        1128        1183        1183
  1034        1128        1128        1128        1183        1183
  1035        1153        1153        1153        1208        1208
  1036        1153        1153        1153        1208        1208
  1037        1153        1153        1153        1208        1208
  1038        1153        1153        1153        1208        1208
  1039        1153        1153        1153        1208        1208
  1040        1123        1123        1123        1178        1178
  1041        1123        1123        1123        1178        1178
  1042        1123        1123        1123        1178        1178
  1043        1123        1123        1123        1178        1178
  1044        1123        1123        1123        1178        1178
  1045        1128        1128        1128        1183        1183
  1046        1128        1128        1128        1183        1183
  1047        1128        1128        1128        1183        1183
  1048        1128        1128        1128        1183        1183
  1049        1128        1128        1128        1183        1183
  1050        1153        1153        1153        1208        1208
  1051        1153        1153        1153        1208        1208
  1052        1153        1153        1153        1208        1208
  1053        1153        1153        1153        1208        1208
  1054        1123        1123        1123        1178        1178
  1055        1123        1123        1123        1178        1178
  1056        1123        1123        1123        1178        1178
  1057        1123        1123        1123        1178        1178
  1058        1123        1123        1123        1178        1178
  1059        1128        1128        1128        1183        1183
  1060        1130        1130        1130        1185        1185
  1061        1128        1128        1128        1183        1183
  1062        1128        1128        1128        1183        1183
  1063        1128        1128        1128        1183        1183
  1064        1128        1128        1128        1183        1183
  1065        1128        1128        1128        1183        1183
  1066        1153        1153        1153        1208        1208
  1067        1153        1153        1153        1208        1208
  1068        1153        1153        1153        1208        1208
  1069        1123        1123        1123        1178        1178
  1070        1123        1123        1123        1178        1178
  1071        1123        1123        1123        1178        1178
  1072        1130        1130        1130        1185        1185
  1073        1130        1130        1130        1185        1185
  1074        1130        1130        1130        1185        1185
  1075        1130        1130        1130        1185        1185
  1076        1130        1130        1130        1185        1185
  1077        1128        1128        1128        1183        1183
  1078        1128        1128        1128        1183        1183
  1079        1128        1128        1128        1183        1183
  1080        1128        1128        1128        1183        1183
  1081        1123        1123        1123        1178        1178
  1082        1123        1123        1123        1178        1178
  1083        1123        1123        1123        1178        1178
  1084        1123        1123        1123        1178        1178
  1085        1130        1130        1130        1185        1185
  1086        1130        1130        1130        1185        1185
  1087        1130        1130        1130        1185        1185
  1088        1130        1130        1130        1185        1185
  1089        1128        1128        1128        1183        1183
  1090        1128        1128        1128        1183        1183
  1091        1128        1128        1128        1183        1183
  1092        1130        1130        1130        1185        1185
  1093        1130        1130        1130        1185        1185
  1094        1130        1130        1130        1185        1185
  1095        1130        1130        1130        1185        1185
  1096        1130        1130        1130        1185        1185
  1097        1130        1130        1130        1185        1185
  1098        1130        1130        1130        1185        1185
  1099        1130        1130        1130        1185        1185
  1100        1130        1130        1130        1185        1185
  1101        1130        1130        1130        1185        1185
  1102        1130        1130        1130        1185        1185
  1103        1130        1130        1130        1185        1185
  1104        1130        1130        1130        1185        1185
  1105        1130        1130        1130        1185        1185
  1106        1123        1123        1123        1178        1178
  1107        1123        1123        1123        1178        1178
  1108        1123        1123        1123        1178        1178
  1109        1123        1123        1123        1178        1178
  1110        1123        1123        1123        1178        1178
  1111        1123        1123        1123        1178        1178
  1112        1123        1123        1123        1178        1178
  1113        1123        1123        1123        1178        1178
  1114        1130        1130        1130        1185        1185
  1115        1130        1130        1130        1185        1185
  1116        1130        1130        1130        1185        1185
  1117        1130        1130        1130        1185        1185
  1118        1130        1130        1130        1185        1185
  1119        1130        1130        1130        1185        1185
  1120        1130        1130        1130        1185        1185
  1121        1130        1130        1130        1185        1185
  1122        1130        1130        1130        1185        1185
  1123        1130        1130        1130        1185        1185
  1124        1130        1130        1130        1185        1185
  1125        1130        1130        1130        1185        1185
  1126        1130        1130        1130        1185        1185
  1127        1130        1130        1130        1185        1185
  1128        1130        1130        1130        1185        1185
  1129        1130        1130        1130        1185        1185
  1130        1130        1130        1130        1185        1185
  1131        1130        1130        1130        1185        1185
  1132        1130        1130        1130        1185        1185
  1133        1130        1130        1130        1185        1185
  1134        1130        1130        1130        1185        1185
  1135        1123        1123        1123        1178        1178
  1136        1123        1123        1123        1178        1178
  1137        1123        1123        1123        1178        1178
  1138        1123        1123        1123        1178        1178
  1139        1123        1123        1123        1178        1178
  1140        1123        1123        1123        1178        1178
  1141        1123        1123        1123        1178        1178
  1142        1123        1123        1123        1178        1178
  1143        1123        1123        1123        1178        1178
  1144        1123        1123        1123        1178        1178
  1145        1123        1123        1123        1178        1178
  1146        1123        1123        1123        1178        1178
  1147        1130        1130        1130        1185        1185
  1148        1130        1130        1130        1185        1185
  1149        1130        1130        1130        1185        1185
  1150        1130        1130        1130        1185        1185
  1151        1130        1130        1130        1185        1185
  1152        1130        1130        1130        1185        1185
  1153        1130        1130        1130        1185        1185
  1154        1130        1130        1130        1185        1185
  1155        1130        1130        1130        1185        1185
  1156        1130        1130        1130        1185        1185
  1157        1130        1130        1130        1185        1185
  1158        1130        1130        1130        1185        1185
  1159        1123        1123        1123        1178        1178
  1160        1123        1123        1123        1178        1178
  1161        1123        1123        1123        1178        1178
  1162        1123        1123        1123        1178        1178
  1163        1123        1123        1123        1178        1178
  1164        1123        1123        1123        1178        1178
  1165        1130        1130        1130        1185        1185
  1166        1130        1130        1130        1185        1185
  1167        1130        1130        1130        1185        1185
  1168        1130        1130        1130        1185        1185
  1169        1130        1130        1130        1185        1185
  1170        1130        1130        1130        1185        1185
  1171        1130        1130        1130        1185        1185
  1172        1130        1130        1130        1185        1185
  1173        1130        1130        1130        1185        1185
  1174        1130        1130        1130        1185        1185
  1175        1130        1130        1130        1185        1185
  1176        1130        1130        1130        1185        1185
  1177        1130        1130        1130        1185        1185
  1178        1130        1130        1130        1185        1185
  1179        1130        1130        1130        1185        1185
  1180        1130        1130        1130        1185        1185
  1181        1134        1134        1134        1189        1189
  1182        1130        1130        1130        1185        1185
  1183        1130        1130        1130        1185        1185
  1184        1130        1130        1130        1185        1185
  1185        1130        1130        1130        1185        1185
  1186        1130        1130        1130        1185        1185
  1187        1130        1130        1130        1185        1185
  1188        1123        1123        1123        1178        1178
  1189        1123        1123        1123        1178        1178
  1190        1123        1123        1123        1178        1178
  1191        1123        1123        1123        1178        1178
  1192        1123        1123        1123        1178        1178
  1193        1123        1123        1123        1178        1178
  1194        1123        1123        1123        1178        1178
  1195        1123        1123        1123        1178        1178
  1196        1123        1123        1123        1178        1178
  1197        1123        1123        1123        1178        1178
  1198        1123        1123        1123        1178        1178
  1199        1130        1130        1130        1185        1185
  1200        1130        1130        1130        1185        1185
  1201        1130        1130        1130        1185        1185
  1202        1130        1130        1130        1185        1185
  1203        1130        1130        1130        1185        1185
  1204        1130        1130        1130        1185        1185
  1205        1130        1130        1130        1185        1185
  1206        1130        1130        1130        1185        1185
  1207        1130        1130        1130        1185        1185
  1208        1130        1130        1130        1185        1185
  1209        1130        1130        1130        1185        1185
  1210        1134        1134        1134        1189        1189
  1211        1134        1134        1134        1189        1189
  1212        1132        1132        1132        1187        1187
  1213        1132        1132        1132        1187        1187
  1214        1132        1132        1132        1187        1187
  1215        1132        1132        1132        1187        1187
  1216        1132        1132        1132        1187        1187
  1217        1132        1132        1132        1187        1187
  1218        1132        1132        1132        1187        1187
  1219        1132        1132        1132        1187        1187
  1220        1132        1132        1132        1187        1187
  1221        1132        1132        1132        1187        1187
  1222        1134        1134        1134        1189        1189
  1223        1134        1134        1134        1189        1189
  1224        1134        1134        1134        1189        1189
  1225        1134        1134        1134        1189        1189
  1226        1134        1134        1134        1189        1189
  1227        1132        1132        1132        1187        1187
  1228        1132        1132        1132        1187        1187
  1229        1132        1132        1132        1187        1187
  1230        1132        1132        1132        1187        1187
  1231        1132        1132        1132        1187        1187
  1232        1132        1132        1132        1187        1187
  1233        1132        1132        1132        1187        1187
  1234        1132        1132        1132        1187        1187
  1235        1132        1132        1132        1187        1187
  1236        1132        1132        1132        1187        1187
  1237        1134        1134        1134        1189        1189
  1238        1134        1134        1134        1189        1189
  1239        1134        1134        1134        1189        1189
  1240        1134        1134        1134        1189        1189
  1241        1134        1134        1134        1189        1189
  1242        1132        1132        1132        1187        1187
  1243        1132        1132        1132        1187        1187
  1244        1132        1132        1132        1187        1187
  1245        1132        1132        1132        1187        1187
  1246        1132        1132        1132        1187        1187
  1247        1132        1132        1132        1187        1187
  1248        1132        1132        1132        1187        1187
  1249        1132        1132        1132        1187        1187
  1250        1132        1132        1132        1187        1187
  1251        1132        1132        1132        1187        1187
  1252        1134        1134        1134        1189        1189
  1253        1134        1134        1134        1189        1189
  1254        1134        1134        1134        1189        1189
  1255        1134        1134        1134        1189        1189
  1256        1134        1134        1134        1189        1189
  1257        1134        1134        1134        1189        1189
  1258        1132        1132        1132        1187        1187
  1259        1132        1132        1132        1187        1187
  1260        1132        1132        1132        1187        1187
  1261        1132        1132        1132        1187        1187
  1262        1132        1132        1132        1187        1187
  1263        1132        1132        1132        1187        1187
  1264        1132        1132        1132        1187        1187
  1265        1132        1132        1132        1187        1187
  1266        1132        1132        1132        1187        1187
  1267        1132        1132        1132        1187        1187
  1268        1132        1132        1132        1187        1187
  1269        1132        1132        1132        1187        1187
  1270        1132        1132        1132        1187        1187
  1271        1132        1132        1132        1187        1187
  1272        1134        1134        1134        1189        1189
  1273        1134        1134        1134        1189        1189
  1274        1134        1134        1134        1189        1189
  1275        1134        1134        1134        1189        1189
  1276        1134        1134        1134        1189        1189
  1277        1134        1134        1134        1189        1189
  1278        1132        1132        1132        1187        1187
  1279        1132        1132        1132        1187        1187
  1280        1132        1132        1132        1187        1187
  1281        1132        1132        1132        1187        1187
  1282        1132        1132        1132        1187        1187
  1283        1132        1132        1132        1187        1187
  1284        1134        1134        1134        1189        1189
  1285        1134        1134        1134        1189        1189
  1286        1134        1134        1134        1189        1189
  1287        1134        1134        1134        1189        1189
  1288        1134        1134        1134        1189        1189
  1289        1134        1134        1134        1189        1189
  1290        1132        1132        1132        1187        1187
  1291        1132        1132        1132        1187        1187
  1292        1132        1132        1132        1187        1187
  1293        1132        1132        1132        1187        1187
  1294        1132        1132        1132        1187        1187
  1295        1132        1132        1132        1187        1187
  1296        1136        1136        1136        1191        1191
  1297        1136        1136        1136        1191        1191
  1298        1134        1134        1134        1189        1189
  1299        1134        1134        1134        1189        1189
  1300        1134        1134        1134        1189        1189
  1301        1134        1134        1134        1189        1189
  1302        1134        1134        1134        1189        1189
  1303        1132        1132        1132        1187        1187
  1304        1132        1132        1132        1187        1187
  1305        1132        1132        1132        1187        1187
  1306        1132        1132        1132        1187        1187
  1307        1132        1132        1132        1187        1187
  1308        1136        1136        1136        1191        1191
  1309        1136        1136        1136        1191        1191
  1310        1134        1134        1134        1189        1189
  1311        1134        1134        1134        1189        1189
  1312        1136        1136        1136        1191        1191
  1313        1136        1136        1136        1191        1191
  1314        1132        1132        1132        1187        1187
  1315        1132        1132        1132        1187        1187
  1316        1132        1132        1132        1187        1187
  1317        1132        1132        1132        1187        1187
  1318        1132        1132        1132        1187        1187
  1319        1136        1136        1136        1191        1191
  1320        1136        1136        1136        1191        1191
  1321        1136        1136        1136        1191        1191
  1322        1136        1136        1136        1191        1191
  1323        1136        1136        1136        1191        1191
  1324        1136        1136        1136        1191        1191
  1325        1136        1136        1136        1191        1191
  1326        1136        1136        1136        1191        1191
  1327        1136        1136        1136        1191        1191
  1328        1136        1136        1136        1191        1191
  1329        1132        1132        1132        1187        1187
  1330        1136        1136        1136        1191        1191
  1331        1136        1136        1136        1191        1191
  1332        1136        1136        1136        1191        1191
  1333        1136        1136        1136        1191        1191
  1334        1136        1136        1136        1191        1191
  1335        1136        1136        1136        1191        1191
  1336        1136        1136        1136        1191        1191
  1337        1132        1132        1132        1187        1187
  1338        1132        1132        1132        1187        1187
  1339        1132        1132        1132        1187        1187
  1340        1132        1132        1132        1187        1187
  1341        1132        1132        1132        1187        1187
  1342        1132        1132        1132        1187        1187
  1343        1136        1136        1136        1191        1191
  1344        1136        1136        1136        1191        1191
  1345        1136        1136        1136        1191        1191
  1346        1136        1136        1136        1191        1191
  1347        1136        1136        1136        1191        1191
  1348        1136        1136        1136        1191        1191
  1349        1136        1136        1136        1191        1191
  1350        1132        1132        1132        1187        1187
  1351        1132        1132        1132        1187        1187
  1352        1136        1136        1136        1191        1191
  1353        1136        1136        1136        1191        1191
  1354        1136        1136        1136        1191        1191
  1355        1136        1136        1136        1191        1191
  1356        1136        1136        1136        1191        1191
  1357        1136        1136        1136        1191        1191
  1358        1136        1136        1136        1191        1191
  1359        1136        1136        1136        1191        1191
  1360        1132        1132        1132        1187        1187
  1361        1132        1132        1132        1187        1187
  1362        1136        1136        1136        1191        1191
  1363        1136        1136        1136        1191        1191
  1364        1136        1136        1136        1191        1191
  1365        1136        1136        1136        1191        1191
  1366        1136        1136        1136        1191        1191
  1367        1136        1136        1136        1191        1191
  1368        1136        1136        1136        1191        1191
  1369        1136        1136        1136        1191        1191
  1370        1136        1136        1136        1191        1191
  1371        1136        1136        1136        1191        1191
  1372        1136        1136        1136        1191        1191
  1373        1136        1136        1136        1191        1191
  1374        1136        1136        1136        1191        1191
  1375        1136        1136        1136        1191        1191
  1376        1136        1136        1136        1191        1191
  1377        1136        1136        1136        1191        1191
  1378        1136        1136        1136        1191        1191
  1379        1136        1136        1136        1191        1191
  1380        1136        1136        1136        1191        1191
  1381        1136        1136        1136        1191        1191
  1382        1136        1136        1136        1191        1191
  1383        1136        1136        1136        1191        1191
  1384        1136        1136        1136        1191        1191
  1385        1136        1136        1136        1191        1191
  1386        1136        1136        1136        1191        1191
  1387        1136        1136        1136        1191        1191
  1388        1136        1136        1136        1191        1191
  1389        1136        1136        1136        1191        1191
  1390        1136        1136        1136        1191        1191
  1391        1136        1136        1136        1191        1191
  1392        1136        1136        1136        1191        1191
C*******************************************************************************
C                         Water Supply Requirement 
C
C   The following lists the water supply requirement column pointers for each finite  
C   element and ponded crop combination.  
C
C   IE    ;  Element ID (Enter 0 if following values are to be used for all element
C              and ponded crop combinations)
C   ICAW  ;  Water supply requirement - this number corresponds to the appropriate  
C              data column in the agricultural water supply requirement data 
C              file (AGWDFL) listed in the Root Zone Parameters Data File. List for  
C              each ponded crop (1 to NRICE + NREFUGE).
C              * Enter 0 if water supply requirement will be computed internally.
C              * List the column pointers in the same order as the crop 
C                codes (CCODE) are listed above; first for rice categories, 
C                then for refuge categories
C
C--------------------------------------------------------------------------------
C   IE  ICAW_RI_FL  ICAW_RI_NFL  ICAW_RI_NDC  ICAW_RF_SL  ICAW_RF_PR
C--------------------------------------------------------------------------------
     0     0            0            0            0            0
C*******************************************************************************
C                         Irrigation Periods 
C
C   The following lists the irrigation period column pointers for each   
C   finite element and ponded crop combinations.
C
C   IE    ;  Element ID (Enter 0 if following values are to be used for all element
C              and ponded crop combinations)
C   ICIP  ;  Irrigation period - this number corresponds to the appropriate data 
C              column in the irrigation period data file (IPFL) listed in the Root 
C              Zone Parameters Data File. List for each ponded crop  
C              (1 to NRICE + NREFUGE).
C              * List the column pointers in the same order as the crop 
C                codes (CCODE) are listed above; first for rice categories, 
C                then for refuge categories
C
C--------------------------------------------------------------------------------
C      IE    ICIP_RI_FL  ICIP_RI_NFL  ICIP_RI_NDC  ICIP_RF_SL  ICIP_RF_PR
C--------------------------------------------------------------------------------
        1       421         442           463          484         505
        2       421         442           463          484         505
        3       421         442           463          484         505
        4       421         442           463          484         505
        5       421         442           463          484         505
        6       421         442           463          484         505
        7       421         442           463          484         505
        8       421         442           463          484         505
        9       421         442           463          484         505
        10      421         442           463          484         505
        11      421         442           463          484         505
        12      421         442           463          484         505
        13      421         442           463          484         505
        14      421         442           463          484         505
        15      421         442           463          484         505
        16      421         442           463          484         505
        17      421         442           463          484         505
        18      421         442           463          484         505
        19      421         442           463          484         505
        20      421         442           463          484         505
        21      421         442           463          484         505
        22      421         442           463          484         505
        23      421         442           463          484         505
        24      421         442           463          484         505
        25      421         442           463          484         505
        26      421         442           463          484         505
        27      421         442           463          484         505
        28      421         442           463          484         505
        29      421         442           463          484         505
        30      421         442           463          484         505
        31      421         442           463          484         505
        32      421         442           463          484         505
        33      421         442           463          484         505
        34      421         442           463          484         505
        35      421         442           463          484         505
        36      421         442           463          484         505
        37      421         442           463          484         505
        38      421         442           463          484         505
        39      421         442           463          484         505
        40      421         442           463          484         505
        41      421         442           463          484         505
        42      421         442           463          484         505
        43      421         442           463          484         505
        44      421         442           463          484         505
        45      421         442           463          484         505
        46      421         442           463          484         505
        47      421         442           463          484         505
        48      422         443           464          485         506
        49      422         443           464          485         506
        50      422         443           464          485         506
        51      422         443           464          485         506
        52      421         442           463          484         505
        53      422         443           464          485         506
        54      422         443           464          485         506
        55      422         443           464          485         506
        56      422         443           464          485         506
        57      422         443           464          485         506
        58      422         443           464          485         506
        59      422         443           464          485         506
        60      422         443           464          485         506
        61      422         443           464          485         506
        62      422         443           464          485         506
        63      422         443           464          485         506
        64      422         443           464          485         506
        65      422         443           464          485         506
        66      422         443           464          485         506
        67      422         443           464          485         506
        68      422         443           464          485         506
        69      422         443           464          485         506
        70      422         443           464          485         506
        71      422         443           464          485         506
        72      422         443           464          485         506
        73      422         443           464          485         506
        74      422         443           464          485         506
        75      422         443           464          485         506
        76      422         443           464          485         506
        77      422         443           464          485         506
        78      422         443           464          485         506
        79      422         443           464          485         506
        80      422         443           464          485         506
        81      422         443           464          485         506
        82      422         443           464          485         506
        83      422         443           464          485         506
        84      422         443           464          485         506
        85      422         443           464          485         506
        86      422         443           464          485         506
        87      422         443           464          485         506
        88      422         443           464          485         506
        89      422         443           464          485         506
        90      422         443           464          485         506
        91      422         443           464          485         506
        92      422         443           464          485         506
        93      422         443           464          485         506
        94      422         443           464          485         506
        95      422         443           464          485         506
        96      422         443           464          485         506
        97      422         443           464          485         506
        98      422         443           464          485         506
        99      422         443           464          485         506
        100     422         443           464          485         506
        101     422         443           464          485         506
        102     422         443           464          485         506
        103     422         443           464          485         506
        104     422         443           464          485         506
        105     422         443           464          485         506
        106     422         443           464          485         506
        107     422         443           464          485         506
        108     422         443           464          485         506
        109     422         443           464          485         506
        110     422         443           464          485         506
        111     422         443           464          485         506
        112     422         443           464          485         506
        113     422         443           464          485         506
        114     422         443           464          485         506
        115     422         443           464          485         506
        116     422         443           464          485         506
        117     422         443           464          485         506
        118     422         443           464          485         506
        119     422         443           464          485         506
        120     422         443           464          485         506
        121     422         443           464          485         506
        122     422         443           464          485         506
        123     422         443           464          485         506
        124     423         444           465          486         507
        125     422         443           464          485         506
        126     422         443           464          485         506
        127     422         443           464          485         506
        128     424         445           466          487         508
        129     424         445           466          487         508
        130     424         445           466          487         508
        131     425         446           467          488         509
        132     425         446           467          488         509
        133     424         445           466          487         508
        134     425         446           467          488         509
        135     425         446           467          488         509
        136     425         446           467          488         509
        137     422         443           464          485         506
        138     422         443           464          485         506
        139     423         444           465          486         507
        140     423         444           465          486         507
        141     423         444           465          486         507
        142     423         444           465          486         507
        143     423         444           465          486         507
        144     423         444           465          486         507
        145     424         445           466          487         508
        146     424         445           466          487         508
        147     425         446           467          488         509
        148     425         446           467          488         509
        149     425         446           467          488         509
        150     425         446           467          488         509
        151     425         446           467          488         509
        152     425         446           467          488         509
        153     425         446           467          488         509
        154     425         446           467          488         509
        155     425         446           467          488         509
        156     423         444           465          486         507
        157     423         444           465          486         507
        158     423         444           465          486         507
        159     424         445           466          487         508
        160     425         446           467          488         509
        161     425         446           467          488         509
        162     425         446           467          488         509
        163     425         446           467          488         509
        164     425         446           467          488         509
        165     425         446           467          488         509
        166     423         444           465          486         507
        167     423         444           465          486         507
        168     423         444           465          486         507
        169     423         444           465          486         507
        170     423         444           465          486         507
        171     423         444           465          486         507
        172     423         444           465          486         507
        173     424         445           466          487         508
        174     425         446           467          488         509
        175     425         446           467          488         509
        176     425         446           467          488         509
        177     425         446           467          488         509
        178     425         446           467          488         509
        179     425         446           467          488         509
        180     423         444           465          486         507
        181     423         444           465          486         507
        182     423         444           465          486         507
        183     423         444           465          486         507
        184     423         444           465          486         507
        185     423         444           465          486         507
        186     423         444           465          486         507
        187     423         444           465          486         507
        188     424         445           466          487         508
        189     424         445           466          487         508
        190     425         446           467          488         509
        191     425         446           467          488         509
        192     425         446           467          488         509
        193     425         446           467          488         509
        194     425         446           467          488         509
        195     425         446           467          488         509
        196     425         446           467          488         509
        197     423         444           465          486         507
        198     423         444           465          486         507
        199     423         444           465          486         507
        200     423         444           465          486         507
        201     423         444           465          486         507
        202     423         444           465          486         507
        203     423         444           465          486         507
        204     423         444           465          486         507
        205     423         444           465          486         507
        206     423         444           465          486         507
        207     424         445           466          487         508
        208     424         445           466          487         508
        209     425         446           467          488         509
        210     425         446           467          488         509
        211     425         446           467          488         509
        212     425         446           467          488         509
        213     425         446           467          488         509
        214     425         446           467          488         509
        215     425         446           467          488         509
        216     425         446           467          488         509
        217     423         444           465          486         507
        218     423         444           465          486         507
        219     423         444           465          486         507
        220     423         444           465          486         507
        221     423         444           465          486         507
        222     423         444           465          486         507
        223     423         444           465          486         507
        224     424         445           466          487         508
        225     424         445           466          487         508
        226     424         445           466          487         508
        227     425         446           467          488         509
        228     425         446           467          488         509
        229     425         446           467          488         509
        230     425         446           467          488         509
        231     425         446           467          488         509
        232     425         446           467          488         509
        233     423         444           465          486         507
        234     423         444           465          486         507
        235     423         444           465          486         507
        236     423         444           465          486         507
        237     424         445           466          487         508
        238     424         445           466          487         508
        239     424         445           466          487         508
        240     425         446           467          488         509
        241     423         444           465          486         507
        242     423         444           465          486         507
        243     423         444           465          486         507
        244     423         444           465          486         507
        245     424         445           466          487         508
        246     424         445           466          487         508
        247     424         445           466          487         508
        248     425         446           467          488         509
        249     425         446           467          488         509
        250     425         446           467          488         509
        251     425         446           467          488         509
        252     425         446           467          488         509
        253     423         444           465          486         507
        254     423         444           465          486         507
        255     423         444           465          486         507
        256     423         444           465          486         507
        257     423         444           465          486         507
        258     424         445           466          487         508
        259     424         445           466          487         508
        260     424         445           466          487         508
        261     423         444           465          486         507
        262     423         444           465          486         507
        263     423         444           465          486         507
        264     423         444           465          486         507
        265     424         445           466          487         508
        266     424         445           466          487         508
        267     424         445           466          487         508
        268     425         446           467          488         509
        269     424         445           466          487         508
        270     424         445           466          487         508
        271     425         446           467          488         509
        272     425         446           467          488         509
        273     423         444           465          486         507
        274     423         444           465          486         507
        275     423         444           465          486         507
        276     424         445           466          487         508
        277     424         445           466          487         508
        278     424         445           466          487         508
        279     424         445           466          487         508
        280     425         446           467          488         509
        281     425         446           467          488         509
        282     425         446           467          488         509
        283     425         446           467          488         509
        284     423         444           465          486         507
        285     423         444           465          486         507
        286     423         444           465          486         507
        287     423         444           465          486         507
        288     423         444           465          486         507
        289     424         445           466          487         508
        290     424         445           466          487         508
        291     424         445           466          487         508
        292     424         445           466          487         508
        293     425         446           467          488         509
        294     425         446           467          488         509
        295     425         446           467          488         509
        296     425         446           467          488         509
        297     425         446           467          488         509
        298     423         444           465          486         507
        299     423         444           465          486         507
        300     423         444           465          486         507
        301     424         445           466          487         508
        302     424         445           466          487         508
        303     424         445           466          487         508
        304     425         446           467          488         509
        305     425         446           467          488         509
        306     425         446           467          488         509
        307     425         446           467          488         509
        308     425         446           467          488         509
        309     423         444           465          486         507
        310     423         444           465          486         507
        311     423         444           465          486         507
        312     423         444           465          486         507
        313     424         445           466          487         508
        314     424         445           466          487         508
        315     424         445           466          487         508
        316     424         445           466          487         508
        317     425         446           467          488         509
        318     425         446           467          488         509
        319     425         446           467          488         509
        320     425         446           467          488         509
        321     425         446           467          488         509
        322     426         447           468          489         510
        323     426         447           468          489         510
        324     423         444           465          486         507
        325     423         444           465          486         507
        326     423         444           465          486         507
        327     424         445           466          487         508
        328     424         445           466          487         508
        329     424         445           466          487         508
        330     425         446           467          488         509
        331     427         448           469          490         511
        332     427         448           469          490         511
        333     427         448           469          490         511
        334     427         448           469          490         511
        335     427         448           469          490         511
        336     426         447           468          489         510
        337     426         447           468          489         510
        338     423         444           465          486         507
        339     423         444           465          486         507
        340     424         445           466          487         508
        341     425         446           467          488         509
        342     427         448           469          490         511
        343     427         448           469          490         511
        344     427         448           469          490         511
        345     427         448           469          490         511
        346     427         448           469          490         511
        347     427         448           469          490         511
        348     426         447           468          489         510
        349     426         447           468          489         510
        350     426         447           468          489         510
        351     426         447           468          489         510
        352     426         447           468          489         510
        353     427         448           469          490         511
        354     426         447           468          489         510
        355     426         447           468          489         510
        356     426         447           468          489         510
        357     426         447           468          489         510
        358     426         447           468          489         510
        359     426         447           468          489         510
        360     427         448           469          490         511
        361     427         448           469          490         511
        362     427         448           469          490         511
        363     427         448           469          490         511
        364     427         448           469          490         511
        365     427         448           469          490         511
        366     427         448           469          490         511
        367     427         448           469          490         511
        368     427         448           469          490         511
        369     427         448           469          490         511
        370     427         448           469          490         511
        371     427         448           469          490         511
        372     427         448           469          490         511
        373     427         448           469          490         511
        374     427         448           469          490         511
        375     427         448           469          490         511
        376     427         448           469          490         511
        377     427         448           469          490         511
        378     427         448           469          490         511
        379     427         448           469          490         511
        380     427         448           469          490         511
        381     427         448           469          490         511
        382     427         448           469          490         511
        383     427         448           469          490         511
        384     427         448           469          490         511
        385     427         448           469          490         511
        386     427         448           469          490         511
        387     427         448           469          490         511
        388     427         448           469          490         511
        389     427         448           469          490         511
        390     427         448           469          490         511
        391     427         448           469          490         511
        392     427         448           469          490         511
        393     427         448           469          490         511
        394     428         449           470          491         512
        395     428         449           470          491         512
        396     428         449           470          491         512
        397     428         449           470          491         512
        398     428         449           470          491         512
        399     428         449           470          491         512
        400     428         449           470          491         512
        401     428         449           470          491         512
        402     426         447           468          489         510
        403     426         447           468          489         510
        404     426         447           468          489         510
        405     426         447           468          489         510
        406     426         447           468          489         510
        407     426         447           468          489         510
        408     426         447           468          489         510
        409     426         447           468          489         510
        410     426         447           468          489         510
        411     426         447           468          489         510
        412     426         447           468          489         510
        413     426         447           468          489         510
        414     429         450           471          492         513
        415     429         450           471          492         513
        416     428         449           470          491         512
        417     428         449           470          491         512
        418     428         449           470          491         512
        419     428         449           470          491         512
        420     428         449           470          491         512
        421     428         449           470          491         512
        422     428         449           470          491         512
        423     426         447           468          489         510
        424     426         447           468          489         510
        425     426         447           468          489         510
        426     426         447           468          489         510
        427     426         447           468          489         510
        428     426         447           468          489         510
        429     426         447           468          489         510
        430     429         450           471          492         513
        431     429         450           471          492         513
        432     428         449           470          491         512
        433     428         449           470          491         512
        434     428         449           470          491         512
        435     428         449           470          491         512
        436     428         449           470          491         512
        437     428         449           470          491         512
        438     428         449           470          491         512
        439     428         449           470          491         512
        440     426         447           468          489         510
        441     426         447           468          489         510
        442     426         447           468          489         510
        443     426         447           468          489         510
        444     429         450           471          492         513
        445     426         447           468          489         510
        446     426         447           468          489         510
        447     429         450           471          492         513
        448     429         450           471          492         513
        449     429         450           471          492         513
        450     428         449           470          491         512
        451     428         449           470          491         512
        452     428         449           470          491         512
        453     428         449           470          491         512
        454     428         449           470          491         512
        455     428         449           470          491         512
        456     428         449           470          491         512
        457     428         449           470          491         512
        458     428         449           470          491         512
        459     428         449           470          491         512
        460     428         449           470          491         512
        461     428         449           470          491         512
        462     426         447           468          489         510
        463     426         447           468          489         510
        464     426         447           468          489         510
        465     426         447           468          489         510
        466     429         450           471          492         513
        467     429         450           471          492         513
        468     429         450           471          492         513
        469     429         450           471          492         513
        470     429         450           471          492         513
        471     428         449           470          491         512
        472     428         449           470          491         512
        473     428         449           470          491         512
        474     428         449           470          491         512
        475     428         449           470          491         512
        476     428         449           470          491         512
        477     428         449           470          491         512
        478     428         449           470          491         512
        479     428         449           470          491         512
        480     426         447           468          489         510
        481     426         447           468          489         510
        482     426         447           468          489         510
        483     426         447           468          489         510
        484     429         450           471          492         513
        485     429         450           471          492         513
        486     429         450           471          492         513
        487     429         450           471          492         513
        488     429         450           471          492         513
        489     429         450           471          492         513
        490     429         450           471          492         513
        491     429         450           471          492         513
        492     429         450           471          492         513
        493     429         450           471          492         513
        494     428         449           470          491         512
        495     426         447           468          489         510
        496     426         447           468          489         510
        497     426         447           468          489         510
        498     426         447           468          489         510
        499     426         447           468          489         510
        500     426         447           468          489         510
        501     429         450           471          492         513
        502     429         450           471          492         513
        503     429         450           471          492         513
        504     429         450           471          492         513
        505     429         450           471          492         513
        506     429         450           471          492         513
        507     429         450           471          492         513
        508     429         450           471          492         513
        509     428         449           470          491         512
        510     429         450           471          492         513
        511     428         449           470          491         512
        512     428         449           470          491         512
        513     428         449           470          491         512
        514     428         449           470          491         512
        515     428         449           470          491         512
        516     428         449           470          491         512
        517     428         449           470          491         512
        518     428         449           470          491         512
        519     428         449           470          491         512
        520     429         450           471          492         513
        521     428         449           470          491         512
        522     428         449           470          491         512
        523     428         449           470          491         512
        524     428         449           470          491         512
        525     428         449           470          491         512
        526     428         449           470          491         512
        527     428         449           470          491         512
        528     428         449           470          491         512
        529     428         449           470          491         512
        530     428         449           470          491         512
        531     428         449           470          491         512
        532     428         449           470          491         512
        533     426         447           468          489         510
        534     426         447           468          489         510
        535     426         447           468          489         510
        536     426         447           468          489         510
        537     426         447           468          489         510
        538     426         447           468          489         510
        539     426         447           468          489         510
        540     429         450           471          492         513
        541     429         450           471          492         513
        542     429         450           471          492         513
        543     429         450           471          492         513
        544     429         450           471          492         513
        545     429         450           471          492         513
        546     428         449           470          491         512
        547     428         449           470          491         512
        548     428         449           470          491         512
        549     428         449           470          491         512
        550     428         449           470          491         512
        551     426         447           468          489         510
        552     426         447           468          489         510
        553     426         447           468          489         510
        554     426         447           468          489         510
        555     429         450           471          492         513
        556     429         450           471          492         513
        557     429         450           471          492         513
        558     429         450           471          492         513
        559     429         450           471          492         513
        560     429         450           471          492         513
        561     429         450           471          492         513
        562     429         450           471          492         513
        563     429         450           471          492         513
        564     428         449           470          491         512
        565     428         449           470          491         512
        566     428         449           470          491         512
        567     428         449           470          491         512
        568     428         449           470          491         512
        569     426         447           468          489         510
        570     429         450           471          492         513
        571     429         450           471          492         513
        572     429         450           471          492         513
        573     429         450           471          492         513
        574     429         450           471          492         513
        575     429         450           471          492         513
        576     429         450           471          492         513
        577     429         450           471          492         513
        578     429         450           471          492         513
        579     429         450           471          492         513
        580     429         450           471          492         513
        581     429         450           471          492         513
        582     431         452           473          494         515
        583     428         449           470          491         512
        584     428         449           470          491         512
        585     428         449           470          491         512
        586     428         449           470          491         512
        587     428         449           470          491         512
        588     429         450           471          492         513
        589     429         450           471          492         513
        590     429         450           471          492         513
        591     429         450           471          492         513
        592     431         452           473          494         515
        593     431         452           473          494         515
        594     428         449           470          491         512
        595     428         449           470          491         512
        596     428         449           470          491         512
        597     428         449           470          491         512
        598     428         449           470          491         512
        599     431         452           473          494         515
        600     431         452           473          494         515
        601     431         452           473          494         515
        602     431         452           473          494         515
        603     428         449           470          491         512
        604     429         450           471          492         513
        605     429         450           471          492         513
        606     429         450           471          492         513
        607     429         450           471          492         513
        608     429         450           471          492         513
        609     429         450           471          492         513
        610     431         452           473          494         515
        611     431         452           473          494         515
        612     431         452           473          494         515
        613     431         452           473          494         515
        614     431         452           473          494         515
        615     431         452           473          494         515
        616     431         452           473          494         515
        617     431         452           473          494         515
        618     429         450           471          492         513
        619     429         450           471          492         513
        620     429         450           471          492         513
        621     429         450           471          492         513
        622     429         450           471          492         513
        623     429         450           471          492         513
        624     429         450           471          492         513
        625     430         451           472          493         514
        626     431         452           473          494         515
        627     431         452           473          494         515
        628     431         452           473          494         515
        629     431         452           473          494         515
        630     431         452           473          494         515
        631     431         452           473          494         515
        632     431         452           473          494         515
        633     431         452           473          494         515
        634     430         451           472          493         514
        635     430         451           472          493         514
        636     431         452           473          494         515
        637     431         452           473          494         515
        638     431         452           473          494         515
        639     431         452           473          494         515
        640     431         452           473          494         515
        641     431         452           473          494         515
        642     431         452           473          494         515
        643     431         452           473          494         515
        644     430         451           472          493         514
        645     430         451           472          493         514
        646     432         453           474          495         516
        647     431         452           473          494         515
        648     431         452           473          494         515
        649     431         452           473          494         515
        650     431         452           473          494         515
        651     431         452           473          494         515
        652     431         452           473          494         515
        653     431         452           473          494         515
        654     431         452           473          494         515
        655     431         452           473          494         515
        656     431         452           473          494         515
        657     431         452           473          494         515
        658     431         452           473          494         515
        659     431         452           473          494         515
        660     430         451           472          493         514
        661     430         451           472          493         514
        662     432         453           474          495         516
        663     432         453           474          495         516
        664     432         453           474          495         516
        665     432         453           474          495         516
        666     432         453           474          495         516
        667     432         453           474          495         516
        668     432         453           474          495         516
        669     432         453           474          495         516
        670     430         451           472          493         514
        671     430         451           472          493         514
        672     432         453           474          495         516
        673     432         453           474          495         516
        674     432         453           474          495         516
        675     432         453           474          495         516
        676     432         453           474          495         516
        677     432         453           474          495         516
        678     432         453           474          495         516
        679     432         453           474          495         516
        680     430         451           472          493         514
        681     430         451           472          493         514
        682     430         451           472          493         514
        683     430         451           472          493         514
        684     432         453           474          495         516
        685     432         453           474          495         516
        686     432         453           474          495         516
        687     432         453           474          495         516
        688     432         453           474          495         516
        689     432         453           474          495         516
        690     432         453           474          495         516
        691     432         453           474          495         516
        692     430         451           472          493         514
        693     430         451           472          493         514
        694     432         453           474          495         516
        695     432         453           474          495         516
        696     432         453           474          495         516
        697     432         453           474          495         516
        698     432         453           474          495         516
        699     432         453           474          495         516
        700     432         453           474          495         516
        701     432         453           474          495         516
        702     430         451           472          493         514
        703     433         454           475          496         517
        704     433         454           475          496         517
        705     433         454           475          496         517
        706     433         454           475          496         517
        707     433         454           475          496         517
        708     433         454           475          496         517
        709     433         454           475          496         517
        710     433         454           475          496         517
        711     430         451           472          493         514
        712     430         451           472          493         514
        713     430         451           472          493         514
        714     433         454           475          496         517
        715     430         451           472          493         514
        716     433         454           475          496         517
        717     433         454           475          496         517
        718     433         454           475          496         517
        719     433         454           475          496         517
        720     433         454           475          496         517
        721     433         454           475          496         517
        722     433         454           475          496         517
        723     430         451           472          493         514
        724     430         451           472          493         514
        725     430         451           472          493         514
        726     430         451           472          493         514
        727     430         451           472          493         514
        728     433         454           475          496         517
        729     433         454           475          496         517
        730     433         454           475          496         517
        731     433         454           475          496         517
        732     433         454           475          496         517
        733     433         454           475          496         517
        734     433         454           475          496         517
        735     433         454           475          496         517
        736     433         454           475          496         517
        737     433         454           475          496         517
        738     433         454           475          496         517
        739     433         454           475          496         517
        740     433         454           475          496         517
        741     433         454           475          496         517
        742     433         454           475          496         517
        743     433         454           475          496         517
        744     433         454           475          496         517
        745     433         454           475          496         517
        746     433         454           475          496         517
        747     433         454           475          496         517
        748     430         451           472          493         514
        749     430         451           472          493         514
        750     430         451           472          493         514
        751     430         451           472          493         514
        752     430         451           472          493         514
        753     430         451           472          493         514
        754     433         454           475          496         517
        755     433         454           475          496         517
        756     433         454           475          496         517
        757     433         454           475          496         517
        758     433         454           475          496         517
        759     433         454           475          496         517
        760     433         454           475          496         517
        761     433         454           475          496         517
        762     433         454           475          496         517
        763     433         454           475          496         517
        764     433         454           475          496         517
        765     433         454           475          496         517
        766     433         454           475          496         517
        767     433         454           475          496         517
        768     433         454           475          496         517
        769     433         454           475          496         517
        770     433         454           475          496         517
        771     433         454           475          496         517
        772     433         454           475          496         517
        773     430         451           472          493         514
        774     430         451           472          493         514
        775     430         451           472          493         514
        776     430         451           472          493         514
        777     430         451           472          493         514
        778     430         451           472          493         514
        779     430         451           472          493         514
        780     430         451           472          493         514
        781     433         454           475          496         517
        782     433         454           475          496         517
        783     433         454           475          496         517
        784     433         454           475          496         517
        785     433         454           475          496         517
        786     433         454           475          496         517
        787     433         454           475          496         517
        788     433         454           475          496         517
        789     433         454           475          496         517
        790     433         454           475          496         517
        791     430         451           472          493         514
        792     430         451           472          493         514
        793     430         451           472          493         514
        794     430         451           472          493         514
        795     430         451           472          493         514
        796     430         451           472          493         514
        797     430         451           472          493         514
        798     430         451           472          493         514
        799     430         451           472          493         514
        800     430         451           472          493         514
        801     430         451           472          493         514
        802     433         454           475          496         517
        803     430         451           472          493         514
        804     430         451           472          493         514
        805     433         454           475          496         517
        806     433         454           475          496         517
        807     433         454           475          496         517
        808     433         454           475          496         517
        809     433         454           475          496         517
        810     433         454           475          496         517
        811     433         454           475          496         517
        812     433         454           475          496         517
        813     433         454           475          496         517
        814     433         454           475          496         517
        815     433         454           475          496         517
        816     433         454           475          496         517
        817     433         454           475          496         517
        818     433         454           475          496         517
        819     433         454           475          496         517
        820     433         454           475          496         517
        821     433         454           475          496         517
        822     433         454           475          496         517
        823     433         454           475          496         517
        824     433         454           475          496         517
        825     433         454           475          496         517
        826     433         454           475          496         517
        827     433         454           475          496         517
        828     430         451           472          493         514
        829     430         451           472          493         514
        830     430         451           472          493         514
        831     430         451           472          493         514
        832     433         454           475          496         517
        833     433         454           475          496         517
        834     433         454           475          496         517
        835     433         454           475          496         517
        836     433         454           475          496         517
        837     433         454           475          496         517
        838     433         454           475          496         517
        839     433         454           475          496         517
        840     430         451           472          493         514
        841     430         451           472          493         514
        842     430         451           472          493         514
        843     430         451           472          493         514
        844     430         451           472          493         514
        845     430         451           472          493         514
        846     430         451           472          493         514
        847     430         451           472          493         514
        848     430         451           472          493         514
        849     433         454           475          496         517
        850     433         454           475          496         517
        851     433         454           475          496         517
        852     433         454           475          496         517
        853     433         454           475          496         517
        854     433         454           475          496         517
        855     433         454           475          496         517
        856     433         454           475          496         517
        857     433         454           475          496         517
        858     430         451           472          493         514
        859     430         451           472          493         514
        860     430         451           472          493         514
        861     434         455           476          497         518
        862     434         455           476          497         518
        863     434         455           476          497         518
        864     434         455           476          497         518
        865     434         455           476          497         518
        866     434         455           476          497         518
        867     434         455           476          497         518
        868     434         455           476          497         518
        869     430         451           472          493         514
        870     433         454           475          496         517
        871     433         454           475          496         517
        872     433         454           475          496         517
        873     433         454           475          496         517
        874     433         454           475          496         517
        875     433         454           475          496         517
        876     433         454           475          496         517
        877     433         454           475          496         517
        878     433         454           475          496         517
        879     433         454           475          496         517
        880     433         454           475          496         517
        881     434         455           476          497         518
        882     434         455           476          497         518
        883     434         455           476          497         518
        884     434         455           476          497         518
        885     435         456           477          498         519
        886     435         456           477          498         519
        887     435         456           477          498         519
        888     435         456           477          498         519
        889     436         457           478          499         520
        890     436         457           478          499         520
        891     436         457           478          499         520
        892     436         457           478          499         520
        893     436         457           478          499         520
        894     436         457           478          499         520
        895     436         457           478          499         520
        896     434         455           476          497         518
        897     434         455           476          497         518
        898     434         455           476          497         518
        899     434         455           476          497         518
        900     435         456           477          498         519
        901     435         456           477          498         519
        902     434         455           476          497         518
        903     434         455           476          497         518
        904     434         455           476          497         518
        905     434         455           476          497         518
        906     435         456           477          498         519
        907     435         456           477          498         519
        908     435         456           477          498         519
        909     435         456           477          498         519
        910     436         457           478          499         520
        911     436         457           478          499         520
        912     436         457           478          499         520
        913     436         457           478          499         520
        914     436         457           478          499         520
        915     436         457           478          499         520
        916     436         457           478          499         520
        917     434         455           476          497         518
        918     434         455           476          497         518
        919     434         455           476          497         518
        920     434         455           476          497         518
        921     435         456           477          498         519
        922     435         456           477          498         519
        923     435         456           477          498         519
        924     435         456           477          498         519
        925     436         457           478          499         520
        926     436         457           478          499         520
        927     436         457           478          499         520
        928     436         457           478          499         520
        929     436         457           478          499         520
        930     436         457           478          499         520
        931     436         457           478          499         520
        932     436         457           478          499         520
        933     436         457           478          499         520
        934     434         455           476          497         518
        935     434         455           476          497         518
        936     434         455           476          497         518
        937     434         455           476          497         518
        938     435         456           477          498         519
        939     435         456           477          498         519
        940     435         456           477          498         519
        941     435         456           477          498         519
        942     435         456           477          498         519
        943     434         455           476          497         518
        944     434         455           476          497         518
        945     434         455           476          497         518
        946     434         455           476          497         518
        947     435         456           477          498         519
        948     435         456           477          498         519
        949     435         456           477          498         519
        950     434         455           476          497         518
        951     434         455           476          497         518
        952     434         455           476          497         518
        953     434         455           476          497         518
        954     434         455           476          497         518
        955     435         456           477          498         519
        956     435         456           477          498         519
        957     435         456           477          498         519
        958     434         455           476          497         518
        959     434         455           476          497         518
        960     434         455           476          497         518
        961     434         455           476          497         518
        962     435         456           477          498         519
        963     435         456           477          498         519
        964     435         456           477          498         519
        965     435         456           477          498         519
        966     436         457           478          499         520
        967     436         457           478          499         520
        968     436         457           478          499         520
        969     436         457           478          499         520
        970     436         457           478          499         520
        971     436         457           478          499         520
        972     436         457           478          499         520
        973     434         455           476          497         518
        974     434         455           476          497         518
        975     434         455           476          497         518
        976     434         455           476          497         518
        977     435         456           477          498         519
        978     435         456           477          498         519
        979     435         456           477          498         519
        980     435         456           477          498         519
        981     437         458           479          500         521
        982     437         458           479          500         521
        983     437         458           479          500         521
        984     437         458           479          500         521
        985     437         458           479          500         521
        986     437         458           479          500         521
        987     437         458           479          500         521
        988     437         458           479          500         521
        989     436         457           478          499         520
        990     436         457           478          499         520
        991     434         455           476          497         518
        992     434         455           476          497         518
        993     434         455           476          497         518
        994     434         455           476          497         518
        995     435         456           477          498         519
        996     435         456           477          498         519
        997     435         456           477          498         519
        998     435         456           477          498         519
        999     437         458           479          500         521
        1000    437         458           479          500         521
        1001    437         458           479          500         521
        1002    437         458           479          500         521
        1003    434         455           476          497         518
        1004    434         455           476          497         518
        1005    434         455           476          497         518
        1006    434         455           476          497         518
        1007    434         455           476          497         518
        1008    434         455           476          497         518
        1009    434         455           476          497         518
        1010    434         455           476          497         518
        1011    435         456           477          498         519
        1012    435         456           477          498         519
        1013    435         456           477          498         519
        1014    435         456           477          498         519
        1015    435         456           477          498         519
        1016    435         456           477          498         519
        1017    437         458           479          500         521
        1018    437         458           479          500         521
        1019    437         458           479          500         521
        1020    437         458           479          500         521
        1021    437         458           479          500         521
        1022    437         458           479          500         521
        1023    437         458           479          500         521
        1024    434         455           476          497         518
        1025    434         455           476          497         518
        1026    434         455           476          497         518
        1027    434         455           476          497         518
        1028    435         456           477          498         519
        1029    435         456           477          498         519
        1030    435         456           477          498         519
        1031    435         456           477          498         519
        1032    435         456           477          498         519
        1033    437         458           479          500         521
        1034    437         458           479          500         521
        1035    434         455           476          497         518
        1036    434         455           476          497         518
        1037    434         455           476          497         518
        1038    434         455           476          497         518
        1039    434         455           476          497         518
        1040    435         456           477          498         519
        1041    435         456           477          498         519
        1042    435         456           477          498         519
        1043    435         456           477          498         519
        1044    435         456           477          498         519
        1045    437         458           479          500         521
        1046    437         458           479          500         521
        1047    437         458           479          500         521
        1048    437         458           479          500         521
        1049    437         458           479          500         521
        1050    434         455           476          497         518
        1051    434         455           476          497         518
        1052    434         455           476          497         518
        1053    434         455           476          497         518
        1054    434         455           476          497         518
        1055    435         456           477          498         519
        1056    435         456           477          498         519
        1057    435         456           477          498         519
        1058    435         456           477          498         519
        1059    437         458           479          500         521
        1060    438         459           480          501         522
        1061    437         458           479          500         521
        1062    437         458           479          500         521
        1063    437         458           479          500         521
        1064    437         458           479          500         521
        1065    437         458           479          500         521
        1066    434         455           476          497         518
        1067    434         455           476          497         518
        1068    434         455           476          497         518
        1069    435         456           477          498         519
        1070    435         456           477          498         519
        1071    435         456           477          498         519
        1072    438         459           480          501         522
        1073    438         459           480          501         522
        1074    438         459           480          501         522
        1075    438         459           480          501         522
        1076    438         459           480          501         522
        1077    437         458           479          500         521
        1078    437         458           479          500         521
        1079    437         458           479          500         521
        1080    437         458           479          500         521
        1081    435         456           477          498         519
        1082    435         456           477          498         519
        1083    435         456           477          498         519
        1084    435         456           477          498         519
        1085    438         459           480          501         522
        1086    438         459           480          501         522
        1087    438         459           480          501         522
        1088    438         459           480          501         522
        1089    437         458           479          500         521
        1090    437         458           479          500         521
        1091    437         458           479          500         521
        1092    438         459           480          501         522
        1093    438         459           480          501         522
        1094    438         459           480          501         522
        1095    438         459           480          501         522
        1096    438         459           480          501         522
        1097    438         459           480          501         522
        1098    438         459           480          501         522
        1099    438         459           480          501         522
        1100    438         459           480          501         522
        1101    438         459           480          501         522
        1102    438         459           480          501         522
        1103    438         459           480          501         522
        1104    438         459           480          501         522
        1105    438         459           480          501         522
        1106    435         456           477          498         519
        1107    435         456           477          498         519
        1108    435         456           477          498         519
        1109    435         456           477          498         519
        1110    435         456           477          498         519
        1111    435         456           477          498         519
        1112    435         456           477          498         519
        1113    435         456           477          498         519
        1114    438         459           480          501         522
        1115    438         459           480          501         522
        1116    438         459           480          501         522
        1117    438         459           480          501         522
        1118    438         459           480          501         522
        1119    438         459           480          501         522
        1120    438         459           480          501         522
        1121    438         459           480          501         522
        1122    438         459           480          501         522
        1123    438         459           480          501         522
        1124    438         459           480          501         522
        1125    438         459           480          501         522
        1126    438         459           480          501         522
        1127    438         459           480          501         522
        1128    438         459           480          501         522
        1129    438         459           480          501         522
        1130    438         459           480          501         522
        1131    438         459           480          501         522
        1132    438         459           480          501         522
        1133    438         459           480          501         522
        1134    438         459           480          501         522
        1135    435         456           477          498         519
        1136    435         456           477          498         519
        1137    435         456           477          498         519
        1138    435         456           477          498         519
        1139    435         456           477          498         519
        1140    435         456           477          498         519
        1141    435         456           477          498         519
        1142    435         456           477          498         519
        1143    435         456           477          498         519
        1144    435         456           477          498         519
        1145    435         456           477          498         519
        1146    435         456           477          498         519
        1147    438         459           480          501         522
        1148    438         459           480          501         522
        1149    438         459           480          501         522
        1150    438         459           480          501         522
        1151    438         459           480          501         522
        1152    438         459           480          501         522
        1153    438         459           480          501         522
        1154    438         459           480          501         522
        1155    438         459           480          501         522
        1156    438         459           480          501         522
        1157    438         459           480          501         522
        1158    438         459           480          501         522
        1159    435         456           477          498         519
        1160    435         456           477          498         519
        1161    435         456           477          498         519
        1162    435         456           477          498         519
        1163    435         456           477          498         519
        1164    435         456           477          498         519
        1165    438         459           480          501         522
        1166    438         459           480          501         522
        1167    438         459           480          501         522
        1168    438         459           480          501         522
        1169    438         459           480          501         522
        1170    438         459           480          501         522
        1171    438         459           480          501         522
        1172    438         459           480          501         522
        1173    438         459           480          501         522
        1174    438         459           480          501         522
        1175    438         459           480          501         522
        1176    438         459           480          501         522
        1177    438         459           480          501         522
        1178    438         459           480          501         522
        1179    438         459           480          501         522
        1180    438         459           480          501         522
        1181    440         461           482          503         524
        1182    438         459           480          501         522
        1183    438         459           480          501         522
        1184    438         459           480          501         522
        1185    438         459           480          501         522
        1186    438         459           480          501         522
        1187    438         459           480          501         522
        1188    435         456           477          498         519
        1189    435         456           477          498         519
        1190    435         456           477          498         519
        1191    435         456           477          498         519
        1192    435         456           477          498         519
        1193    435         456           477          498         519
        1194    435         456           477          498         519
        1195    435         456           477          498         519
        1196    435         456           477          498         519
        1197    435         456           477          498         519
        1198    435         456           477          498         519
        1199    438         459           480          501         522
        1200    438         459           480          501         522
        1201    438         459           480          501         522
        1202    438         459           480          501         522
        1203    438         459           480          501         522
        1204    438         459           480          501         522
        1205    438         459           480          501         522
        1206    438         459           480          501         522
        1207    438         459           480          501         522
        1208    438         459           480          501         522
        1209    438         459           480          501         522
        1210    440         461           482          503         524
        1211    440         461           482          503         524
        1212    439         460           481          502         523
        1213    439         460           481          502         523
        1214    439         460           481          502         523
        1215    439         460           481          502         523
        1216    439         460           481          502         523
        1217    439         460           481          502         523
        1218    439         460           481          502         523
        1219    439         460           481          502         523
        1220    439         460           481          502         523
        1221    439         460           481          502         523
        1222    440         461           482          503         524
        1223    440         461           482          503         524
        1224    440         461           482          503         524
        1225    440         461           482          503         524
        1226    440         461           482          503         524
        1227    439         460           481          502         523
        1228    439         460           481          502         523
        1229    439         460           481          502         523
        1230    439         460           481          502         523
        1231    439         460           481          502         523
        1232    439         460           481          502         523
        1233    439         460           481          502         523
        1234    439         460           481          502         523
        1235    439         460           481          502         523
        1236    439         460           481          502         523
        1237    440         461           482          503         524
        1238    440         461           482          503         524
        1239    440         461           482          503         524
        1240    440         461           482          503         524
        1241    440         461           482          503         524
        1242    439         460           481          502         523
        1243    439         460           481          502         523
        1244    439         460           481          502         523
        1245    439         460           481          502         523
        1246    439         460           481          502         523
        1247    439         460           481          502         523
        1248    439         460           481          502         523
        1249    439         460           481          502         523
        1250    439         460           481          502         523
        1251    439         460           481          502         523
        1252    440         461           482          503         524
        1253    440         461           482          503         524
        1254    440         461           482          503         524
        1255    440         461           482          503         524
        1256    440         461           482          503         524
        1257    440         461           482          503         524
        1258    439         460           481          502         523
        1259    439         460           481          502         523
        1260    439         460           481          502         523
        1261    439         460           481          502         523
        1262    439         460           481          502         523
        1263    439         460           481          502         523
        1264    439         460           481          502         523
        1265    439         460           481          502         523
        1266    439         460           481          502         523
        1267    439         460           481          502         523
        1268    439         460           481          502         523
        1269    439         460           481          502         523
        1270    439         460           481          502         523
        1271    439         460           481          502         523
        1272    440         461           482          503         524
        1273    440         461           482          503         524
        1274    440         461           482          503         524
        1275    440         461           482          503         524
        1276    440         461           482          503         524
        1277    440         461           482          503         524
        1278    439         460           481          502         523
        1279    439         460           481          502         523
        1280    439         460           481          502         523
        1281    439         460           481          502         523
        1282    439         460           481          502         523
        1283    439         460           481          502         523
        1284    440         461           482          503         524
        1285    440         461           482          503         524
        1286    440         461           482          503         524
        1287    440         461           482          503         524
        1288    440         461           482          503         524
        1289    440         461           482          503         524
        1290    439         460           481          502         523
        1291    439         460           481          502         523
        1292    439         460           481          502         523
        1293    439         460           481          502         523
        1294    439         460           481          502         523
        1295    439         460           481          502         523
        1296    441         462           483          504         525
        1297    441         462           483          504         525
        1298    440         461           482          503         524
        1299    440         461           482          503         524
        1300    440         461           482          503         524
        1301    440         461           482          503         524
        1302    440         461           482          503         524
        1303    439         460           481          502         523
        1304    439         460           481          502         523
        1305    439         460           481          502         523
        1306    439         460           481          502         523
        1307    439         460           481          502         523
        1308    441         462           483          504         525
        1309    441         462           483          504         525
        1310    440         461           482          503         524
        1311    440         461           482          503         524
        1312    441         462           483          504         525
        1313    441         462           483          504         525
        1314    439         460           481          502         523
        1315    439         460           481          502         523
        1316    439         460           481          502         523
        1317    439         460           481          502         523
        1318    439         460           481          502         523
        1319    441         462           483          504         525
        1320    441         462           483          504         525
        1321    441         462           483          504         525
        1322    441         462           483          504         525
        1323    441         462           483          504         525
        1324    441         462           483          504         525
        1325    441         462           483          504         525
        1326    441         462           483          504         525
        1327    441         462           483          504         525
        1328    441         462           483          504         525
        1329    439         460           481          502         523
        1330    441         462           483          504         525
        1331    441         462           483          504         525
        1332    441         462           483          504         525
        1333    441         462           483          504         525
        1334    441         462           483          504         525
        1335    441         462           483          504         525
        1336    441         462           483          504         525
        1337    439         460           481          502         523
        1338    439         460           481          502         523
        1339    439         460           481          502         523
        1340    439         460           481          502         523
        1341    439         460           481          502         523
        1342    439         460           481          502         523
        1343    441         462           483          504         525
        1344    441         462           483          504         525
        1345    441         462           483          504         525
        1346    441         462           483          504         525
        1347    441         462           483          504         525
        1348    441         462           483          504         525
        1349    441         462           483          504         525
        1350    439         460           481          502         523
        1351    439         460           481          502         523
        1352    441         462           483          504         525
        1353    441         462           483          504         525
        1354    441         462           483          504         525
        1355    441         462           483          504         525
        1356    441         462           483          504         525
        1357    441         462           483          504         525
        1358    441         462           483          504         525
        1359    441         462           483          504         525
        1360    439         460           481          502         523
        1361    439         460           481          502         523
        1362    441         462           483          504         525
        1363    441         462           483          504         525
        1364    441         462           483          504         525
        1365    441         462           483          504         525
        1366    441         462           483          504         525
        1367    441         462           483          504         525
        1368    441         462           483          504         525
        1369    441         462           483          504         525
        1370    441         462           483          504         525
        1371    441         462           483          504         525
        1372    441         462           483          504         525
        1373    441         462           483          504         525
        1374    441         462           483          504         525
        1375    441         462           483          504         525
        1376    441         462           483          504         525
        1377    441         462           483          504         525
        1378    441         462           483          504         525
        1379    441         462           483          504         525
        1380    441         462           483          504         525
        1381    441         462           483          504         525
        1382    441         462           483          504         525
        1383    441         462           483          504         525
        1384    441         462           483          504         525
        1385    441         462           483          504         525
        1386    441         462           483          504         525
        1387    441         462           483          504         525
        1388    441         462           483          504         525
        1389    441         462           483          504         525
        1390    441         462           483          504         525
        1391    441         462           483          504         525
        1392    441         462           483          504         525
C*******************************************************************************
C                     Rice and Refuge Operations Input Files  
C
C   The following lists the rice and refuge operations related data files.    
C
C   PNDTHFL   ; File that lists the ponding depths for rice and refuge operations 
C                 (max. 1000 characters)
C   FLOWFL    ; File that lists rice and refuge pond operation flows (e.g. water  
C                 application depths for non-flooded decomposition of rice or   
C                 prewetting, re-use and return flow depths) (max. 1000 characters)
C
C--------------------------------------------------------------------------------
C         VALUE                                                  DESCRIPTION
C--------------------------------------------------------------------------------
        RootZone\C2VSimCG_PondedCrop_Depth.dat                   / PNDTHFL
        RootZone\C2VSimCG_PondedCrop_Operations.dat              / FLOWFL
C*******************************************************************************
C                               Ponding Depths
C
C   IE   ; Element ID (Enter 0 if following values are to be used for all element
C            and ponded crop combinations)
C   ICPD ; Ponding depth - this number corresponds to the appropriate 
C            data column in the rice/refuge ponding depth data file (PNDTHFL). 
C            List for each ponded crop (1 to NRICE + NREFUGE). 
C            * List the column pointers in the same order as the crop 
C              codes (CCODE) are listed above; first for rice categories, 
C              then for refuge categories
C
C--------------------------------------------------------------------------------
C   IE     ICPD_RI_FL  ICPD_RI_NFL  ICPD_RI_NDC  ICPD_RF_SL  ICPD_RF_PR
C--------------------------------------------------------------------------------
     0         1           2            3            4            5
C*******************************************************************************
C                        Water Application Depths
C
C   IE    ; Element ID (Enter 0 if following values are to be used for all element 
C             and ponded crop combinations)
C   ICDW  ; Water application depth for any purpose - this number corresponds 
C             to the appropriate data column in the rice/refuge flows 
C             data file (FLOWFL). List for each ponded crop (1 to NRICE + NREFUGE). 
C             * Enter 0 for crops that do not have any water application depth
C             * List the column pointers in the same order as the crop 
C               codes (CCODE) are listed above; first for rice categories, 
C               then for refuge categories
C
C--------------------------------------------------------------------------------
C   IE          ICDW_RI_FL  ICDW_RI_NFL  ICDW_RI_NDC  ICDW_RF_SL  ICDW_RF_PR
C--------------------------------------------------------------------------------
     0              0           11            0           0           0
C*******************************************************************************
C                               Return Flow Depths
C
C   IE   ;  Element ID (Enter 0 if following values are to be used for all element
C             and ponded crop combinations)
C   ICRT ;  Depth of return flow - this number corresponds to the appropriate
C             data column in the rice/refuge flows data file (FLOWFL). List for 
C             each ponded crop (1 to NRICE + NREFUGE).
C             * List the column pointers in the same order as the crop 
C               codes (CCODE) are listed above; first for rice categories, 
C               then for refuge categories
C             * Return flow for rice and refuge includes circulation depths as well 
C               as lateral subsurface flow (i.e. seepage) to return flow collection 
C               ditches.
C
C--------------------------------------------------------------------------------
C   IE     ICRT_RI_FL   ICRT_RI_NFL   ICRT_RI_NDC   ICRT_RF_SL   ICRT_RF_PR
C--------------------------------------------------------------------------------
     0          1           2            3            4            5
C*******************************************************************************
C                               Re-use Flow Depths
C
C   IE    ;  Element ID (Enter 0 if following values are to be used for all element
C              and ponded crop combinations)
C   ICRUF ; Depth of re-used water - this number corresponds to the appropriate 
C              data column in the rice/refuge flows data file (FLOWFL). List for 
C              each ponded crop (1 to NRICE + NREFUGE).
C              * List the column pointers in the same order as the crop 
C                codes (CCODE) are listed above; first for rice categories, 
C                then for refuge categories
C
C--------------------------------------------------------------------------------
C   IE     ICRUF_RI_FL  ICRUF_RI_NFL  ICRUF_RI_NDC  ICRUF_RF_SL  ICRUF_RF_PR
C--------------------------------------------------------------------------------
     0         6            7             8             9            10
C*******************************************************************************
C                           Initial Soil Moisture Condition 
C                                 For Ponded Lands 
C
C   IE      ;  Element ID (0 if following values are to be used for all elements) 
C   FSOILMP ;  Fraction of initial soil moisture at element IE that is due to precipitation
C   SOILM   ;  Initial root zone moisture content; [L/L]
C               (1 to NRICE + NREFUGE)
C               * List the root zone depths in the same order as the crop 
C                 codes (CCODE) are listed above; first for rice categories, 
C                 then for refuge categories
C               * SOILM can be greater than 1.0 to reflect ponding conditions for 
C                 rice and refuge. When SOILM is greater than 1.0, the ponding  
C                 depth will be computed as RootDepth x (SOILM-1) 
C 
C------------------------------------------------------------------------------------------
C   IE   FSOILMP  SOILM_RI_FL   SOILM_RI_NFL   SOILM_RI_NDC   SOILM_RF_SL    SOILM_RF_PR
C------------------------------------------------------------------------------------------
    1    0.5      0.1103        0.1103         0.1103         0.1103         0.1103
    2    0.5      0.1272        0.1272         0.1272         0.1272         0.1272
    3    0.5      0.1186        0.1186         0.1186         0.1186         0.1186
    4    0.5      0.1081        0.1081         0.1081         0.1081         0.1081
    5    0.5      0.1406        0.1406         0.1406         0.1406         0.1406
    6    0.5      0.1117        0.1117         0.1117         0.1117         0.1117
    7    0.5      0.1155        0.1155         0.1155         0.1155         0.1155
    8    0.5      0.1307        0.1307         0.1307         0.1307         0.1307
    9    0.5      0.1252        0.1252         0.1252         0.1252         0.1252
   10    0.5      0.1025        0.1025         0.1025         0.1025         0.1025
   11    0.5      0.1387        0.1387         0.1387         0.1387         0.1387
   12    0.5      0.1371        0.1371         0.1371         0.1371         0.1371
   13    0.5      0.0977        0.0977         0.0977         0.0977         0.0977
   14    0.5      0.1296        0.1296         0.1296         0.1296         0.1296
   15    0.5      0.1270        0.1270         0.1270         0.1270         0.1270
   16    0.5      0.1099        0.1099         0.1099         0.1099         0.1099
   17    0.5      0.1330        0.1330         0.1330         0.1330         0.1330
   18    0.5      0.1255        0.1255         0.1255         0.1255         0.1255
   19    0.5      0.1172        0.1172         0.1172         0.1172         0.1172
   20    0.5      0.1128        0.1128         0.1128         0.1128         0.1128
   21    0.5      0.1050        0.1050         0.1050         0.1050         0.1050
   22    0.5      0.1186        0.1186         0.1186         0.1186         0.1186
   23    0.5      0.1207        0.1207         0.1207         0.1207         0.1207
   24    0.5      0.1156        0.1156         0.1156         0.1156         0.1156
   25    0.5      0.1171        0.1171         0.1171         0.1171         0.1171
   26    0.5      0.1138        0.1138         0.1138         0.1138         0.1138
   27    0.5      0.1105        0.1105         0.1105         0.1105         0.1105
   28    0.5      0.0996        0.0996         0.0996         0.0996         0.0996
   29    0.5      0.0983        0.0983         0.0983         0.0983         0.0983
   30    0.5      0.1141        0.1141         0.1141         0.1141         0.1141
   31    0.5      0.1129        0.1129         0.1129         0.1129         0.1129
   32    0.5      0.1084        0.1084         0.1084         0.1084         0.1084
   33    0.5      0.1084        0.1084         0.1084         0.1084         0.1084
   34    0.5      0.1107        0.1107         0.1107         0.1107         0.1107
   35    0.5      0.1048        0.1048         0.1048         0.1048         0.1048
   36    0.5      0.0931        0.0931         0.0931         0.0931         0.0931
   37    0.5      0.1129        0.1129         0.1129         0.1129         0.1129
   38    0.5      0.1154        0.1154         0.1154         0.1154         0.1154
   39    0.5      0.1094        0.1094         0.1094         0.1094         0.1094
   40    0.5      0.1106        0.1106         0.1106         0.1106         0.1106
   41    0.5      0.1013        0.1013         0.1013         0.1013         0.1013
   42    0.5      0.1211        0.1211         0.1211         0.1211         0.1211
   43    0.5      0.1230        0.1230         0.1230         0.1230         0.1230
   44    0.5      0.1158        0.1158         0.1158         0.1158         0.1158
   45    0.5      0.1108        0.1108         0.1108         0.1108         0.1108
   46    0.5      0.1103        0.1103         0.1103         0.1103         0.1103
   47    0.5      0.1065        0.1065         0.1065         0.1065         0.1065
   48    0.5      0.1101        0.1101         0.1101         0.1101         0.1101
   49    0.5      0.1240        0.1240         0.1240         0.1240         0.1240
   50    0.5      0.1059        0.1059         0.1059         0.1059         0.1059
   51    0.5      0.1144        0.1144         0.1144         0.1144         0.1144
   52    0.5      0.1058        0.1058         0.1058         0.1058         0.1058
   53    0.5      0.1021        0.1021         0.1021         0.1021         0.1021
   54    0.5      0.1112        0.1112         0.1112         0.1112         0.1112
   55    0.5      0.1117        0.1117         0.1117         0.1117         0.1117
   56    0.5      0.1086        0.1086         0.1086         0.1086         0.1086
   57    0.5      0.1004        0.1004         0.1004         0.1004         0.1004
   58    0.5      0.1071        0.1071         0.1071         0.1071         0.1071
   59    0.5      0.1017        0.1017         0.1017         0.1017         0.1017
   60    0.5      0.1137        0.1137         0.1137         0.1137         0.1137
   61    0.5      0.1071        0.1071         0.1071         0.1071         0.1071
   62    0.5      0.0928        0.0928         0.0928         0.0928         0.0928
   63    0.5      0.1008        0.1008         0.1008         0.1008         0.1008
   64    0.5      0.1262        0.1262         0.1262         0.1262         0.1262
   65    0.5      0.1101        0.1101         0.1101         0.1101         0.1101
   66    0.5      0.1065        0.1065         0.1065         0.1065         0.1065
   67    0.5      0.1040        0.1040         0.1040         0.1040         0.1040
   68    0.5      0.1140        0.1140         0.1140         0.1140         0.1140
   69    0.5      0.1247        0.1247         0.1247         0.1247         0.1247
   70    0.5      0.1029        0.1029         0.1029         0.1029         0.1029
   71    0.5      0.1535        0.1535         0.1535         0.1535         0.1535
   72    0.5      0.1132        0.1132         0.1132         0.1132         0.1132
   73    0.5      0.1252        0.1252         0.1252         0.1252         0.1252
   74    0.5      0.1110        0.1110         0.1110         0.1110         0.1110
   75    0.5      0.1177        0.1177         0.1177         0.1177         0.1177
   76    0.5      0.1152        0.1152         0.1152         0.1152         0.1152
   77    0.5      0.1168        0.1168         0.1168         0.1168         0.1168
   78    0.5      0.1142        0.1142         0.1142         0.1142         0.1142
   79    0.5      0.1271        0.1271         0.1271         0.1271         0.1271
   80    0.5      0.1349        0.1349         0.1349         0.1349         0.1349
   81    0.5      0.1103        0.1103         0.1103         0.1103         0.1103
   82    0.5      0.1106        0.1106         0.1106         0.1106         0.1106
   83    0.5      0.1185        0.1185         0.1185         0.1185         0.1185
   84    0.5      0.1206        0.1206         0.1206         0.1206         0.1206
   85    0.5      0.1091        0.1091         0.1091         0.1091         0.1091
   86    0.5      0.1067        0.1067         0.1067         0.1067         0.1067
   87    0.5      0.0885        0.0885         0.0885         0.0885         0.0885
   88    0.5      0.0968        0.0968         0.0968         0.0968         0.0968
   89    0.5      0.1209        0.1209         0.1209         0.1209         0.1209
   90    0.5      0.1300        0.1300         0.1300         0.1300         0.1300
   91    0.5      0.1049        0.1049         0.1049         0.1049         0.1049
   92    0.5      0.1113        0.1113         0.1113         0.1113         0.1113
   93    0.5      0.1399        0.1399         0.1399         0.1399         0.1399
   94    0.5      0.1067        0.1067         0.1067         0.1067         0.1067
   95    0.5      0.1122        0.1122         0.1122         0.1122         0.1122
   96    0.5      0.1146        0.1146         0.1146         0.1146         0.1146
   97    0.5      0.1131        0.1131         0.1131         0.1131         0.1131
   98    0.5      0.1142        0.1142         0.1142         0.1142         0.1142
   99    0.5      0.0954        0.0954         0.0954         0.0954         0.0954
  100    0.5      0.1394        0.1394         0.1394         0.1394         0.1394
  101    0.5      0.1037        0.1037         0.1037         0.1037         0.1037
  102    0.5      0.1058        0.1058         0.1058         0.1058         0.1058
  103    0.5      0.1176        0.1176         0.1176         0.1176         0.1176
  104    0.5      0.1262        0.1262         0.1262         0.1262         0.1262
  105    0.5      0.1139        0.1139         0.1139         0.1139         0.1139
  106    0.5      0.1070        0.1070         0.1070         0.1070         0.1070
  107    0.5      0.1120        0.1120         0.1120         0.1120         0.1120
  108    0.5      0.0947        0.0947         0.0947         0.0947         0.0947
  109    0.5      0.1029        0.1029         0.1029         0.1029         0.1029
  110    0.5      0.1254        0.1254         0.1254         0.1254         0.1254
  111    0.5      0.1313        0.1313         0.1313         0.1313         0.1313
  112    0.5      0.1078        0.1078         0.1078         0.1078         0.1078
  113    0.5      0.1227        0.1227         0.1227         0.1227         0.1227
  114    0.5      0.1485        0.1485         0.1485         0.1485         0.1485
  115    0.5      0.1059        0.1059         0.1059         0.1059         0.1059
  116    0.5      0.1499        0.1499         0.1499         0.1499         0.1499
  117    0.5      0.1623        0.1623         0.1623         0.1623         0.1623
  118    0.5      0.0970        0.0970         0.0970         0.0970         0.0970
  119    0.5      0.0994        0.0994         0.0994         0.0994         0.0994
  120    0.5      0.0964        0.0964         0.0964         0.0964         0.0964
  121    0.5      0.1123        0.1123         0.1123         0.1123         0.1123
  122    0.5      0.1149        0.1149         0.1149         0.1149         0.1149
  123    0.5      0.1231        0.1231         0.1231         0.1231         0.1231
  124    0.5      0.1229        0.1229         0.1229         0.1229         0.1229
  125    0.5      0.0977        0.0977         0.0977         0.0977         0.0977
  126    0.5      0.0911        0.0911         0.0911         0.0911         0.0911
  127    0.5      0.1350        0.1350         0.1350         0.1350         0.1350
  128    0.5      0.1084        0.1084         0.1084         0.1084         0.1084
  129    0.5      0.1183        0.1183         0.1183         0.1183         0.1183
  130    0.5      0.1268        0.1268         0.1268         0.1268         0.1268
  131    0.5      0.1362        0.1362         0.1362         0.1362         0.1362
  132    0.5      0.1159        0.1159         0.1159         0.1159         0.1159
  133    0.5      0.1351        0.1351         0.1351         0.1351         0.1351
  134    0.5      0.1476        0.1476         0.1476         0.1476         0.1476
  135    0.5      0.1290        0.1290         0.1290         0.1290         0.1290
  136    0.5      0.1373        0.1373         0.1373         0.1373         0.1373
  137    0.5      0.1144        0.1144         0.1144         0.1144         0.1144
  138    0.5      0.1060        0.1060         0.1060         0.1060         0.1060
  139    0.5      0.1060        0.1060         0.1060         0.1060         0.1060
  140    0.5      0.1230        0.1230         0.1230         0.1230         0.1230
  141    0.5      0.1413        0.1413         0.1413         0.1413         0.1413
  142    0.5      0.1274        0.1274         0.1274         0.1274         0.1274
  143    0.5      0.1469        0.1469         0.1469         0.1469         0.1469
  144    0.5      0.1546        0.1546         0.1546         0.1546         0.1546
  145    0.5      0.1138        0.1138         0.1138         0.1138         0.1138
  146    0.5      0.1294        0.1294         0.1294         0.1294         0.1294
  147    0.5      0.1579        0.1579         0.1579         0.1579         0.1579
  148    0.5      0.1569        0.1569         0.1569         0.1569         0.1569
  149    0.5      0.1517        0.1517         0.1517         0.1517         0.1517
  150    0.5      0.1257        0.1257         0.1257         0.1257         0.1257
  151    0.5      0.1014        0.1014         0.1014         0.1014         0.1014
  152    0.5      0.1391        0.1391         0.1391         0.1391         0.1391
  153    0.5      0.1215        0.1215         0.1215         0.1215         0.1215
  154    0.5      0.0916        0.0916         0.0916         0.0916         0.0916
  155    0.5      0.0751        0.0751         0.0751         0.0751         0.0751
  156    0.5      0.1477        0.1477         0.1477         0.1477         0.1477
  157    0.5      0.1582        0.1582         0.1582         0.1582         0.1582
  158    0.5      0.1539        0.1539         0.1539         0.1539         0.1539
  159    0.5      0.1372        0.1372         0.1372         0.1372         0.1372
  160    0.5      0.1694        0.1694         0.1694         0.1694         0.1694
  161    0.5      0.1715        0.1715         0.1715         0.1715         0.1715
  162    0.5      0.1501        0.1501         0.1501         0.1501         0.1501
  163    0.5      0.1398        0.1398         0.1398         0.1398         0.1398
  164    0.5      0.0864        0.0864         0.0864         0.0864         0.0864
  165    0.5      0.0982        0.0982         0.0982         0.0982         0.0982
  166    0.5      0.1354        0.1354         0.1354         0.1354         0.1354
  167    0.5      0.1573        0.1573         0.1573         0.1573         0.1573
  168    0.5      0.1644        0.1644         0.1644         0.1644         0.1644
  169    0.5      0.1756        0.1756         0.1756         0.1756         0.1756
  170    0.5      0.1784        0.1784         0.1784         0.1784         0.1784
  171    0.5      0.1638        0.1638         0.1638         0.1638         0.1638
  172    0.5      0.1602        0.1602         0.1602         0.1602         0.1602
  173    0.5      0.1432        0.1432         0.1432         0.1432         0.1432
  174    0.5      0.1892        0.1892         0.1892         0.1892         0.1892
  175    0.5      0.2043        0.2043         0.2043         0.2043         0.2043
  176    0.5      0.1759        0.1759         0.1759         0.1759         0.1759
  177    0.5      0.1499        0.1499         0.1499         0.1499         0.1499
  178    0.5      0.1153        0.1153         0.1153         0.1153         0.1153
  179    0.5      0.1363        0.1363         0.1363         0.1363         0.1363
  180    0.5      0.1955        0.1955         0.1955         0.1955         0.1955
  181    0.5      0.1865        0.1865         0.1865         0.1865         0.1865
  182    0.5      0.1761        0.1761         0.1761         0.1761         0.1761
  183    0.5      0.1746        0.1746         0.1746         0.1746         0.1746
  184    0.5      0.1882        0.1882         0.1882         0.1882         0.1882
  185    0.5      0.1827        0.1827         0.1827         0.1827         0.1827
  186    0.5      0.1755        0.1755         0.1755         0.1755         0.1755
  187    0.5      0.1515        0.1515         0.1515         0.1515         0.1515
  188    0.5      0.1616        0.1616         0.1616         0.1616         0.1616
  189    0.5      0.1752        0.1752         0.1752         0.1752         0.1752
  190    0.5      0.1948        0.1948         0.1948         0.1948         0.1948
  191    0.5      0.1933        0.1933         0.1933         0.1933         0.1933
  192    0.5      0.1761        0.1761         0.1761         0.1761         0.1761
  193    0.5      0.1549        0.1549         0.1549         0.1549         0.1549
  194    0.5      0.1250        0.1250         0.1250         0.1250         0.1250
  195    0.5      0.1385        0.1385         0.1385         0.1385         0.1385
  196    0.5      0.1391        0.1391         0.1391         0.1391         0.1391
  197    0.5      0.1811        0.1811         0.1811         0.1811         0.1811
  198    0.5      0.1866        0.1866         0.1866         0.1866         0.1866
  199    0.5      0.1794        0.1794         0.1794         0.1794         0.1794
  200    0.5      0.1818        0.1818         0.1818         0.1818         0.1818
  201    0.5      0.1633        0.1633         0.1633         0.1633         0.1633
  202    0.5      0.1739        0.1739         0.1739         0.1739         0.1739
  203    0.5      0.1834        0.1834         0.1834         0.1834         0.1834
  204    0.5      0.1732        0.1732         0.1732         0.1732         0.1732
  205    0.5      0.1746        0.1746         0.1746         0.1746         0.1746
  206    0.5      0.1727        0.1727         0.1727         0.1727         0.1727
  207    0.5      0.1588        0.1588         0.1588         0.1588         0.1588
  208    0.5      0.1819        0.1819         0.1819         0.1819         0.1819
  209    0.5      0.1934        0.1934         0.1934         0.1934         0.1934
  210    0.5      0.1604        0.1604         0.1604         0.1604         0.1604
  211    0.5      0.1372        0.1372         0.1372         0.1372         0.1372
  212    0.5      0.1679        0.1679         0.1679         0.1679         0.1679
  213    0.5      0.1586        0.1586         0.1586         0.1586         0.1586
  214    0.5      0.1379        0.1379         0.1379         0.1379         0.1379
  215    0.5      0.1344        0.1344         0.1344         0.1344         0.1344
  216    0.5      0.1421        0.1421         0.1421         0.1421         0.1421
  217    0.5      0.1745        0.1745         0.1745         0.1745         0.1745
  218    0.5      0.1762        0.1762         0.1762         0.1762         0.1762
  219    0.5      0.1752        0.1752         0.1752         0.1752         0.1752
  220    0.5      0.1716        0.1716         0.1716         0.1716         0.1716
  221    0.5      0.1793        0.1793         0.1793         0.1793         0.1793
  222    0.5      0.1782        0.1782         0.1782         0.1782         0.1782
  223    0.5      0.1778        0.1778         0.1778         0.1778         0.1778
  224    0.5      0.1440        0.1440         0.1440         0.1440         0.1440
  225    0.5      0.1558        0.1558         0.1558         0.1558         0.1558
  226    0.5      0.1790        0.1790         0.1790         0.1790         0.1790
  227    0.5      0.1583        0.1583         0.1583         0.1583         0.1583
  228    0.5      0.1358        0.1358         0.1358         0.1358         0.1358
  229    0.5      0.1746        0.1746         0.1746         0.1746         0.1746
  230    0.5      0.1595        0.1595         0.1595         0.1595         0.1595
  231    0.5      0.1552        0.1552         0.1552         0.1552         0.1552
  232    0.5      0.1358        0.1358         0.1358         0.1358         0.1358
  233    0.5      0.1706        0.1706         0.1706         0.1706         0.1706
  234    0.5      0.1779        0.1779         0.1779         0.1779         0.1779
  235    0.5      0.1781        0.1781         0.1781         0.1781         0.1781
  236    0.5      0.1764        0.1764         0.1764         0.1764         0.1764
  237    0.5      0.1549        0.1549         0.1549         0.1549         0.1549
  238    0.5      0.1481        0.1481         0.1481         0.1481         0.1481
  239    0.5      0.1764        0.1764         0.1764         0.1764         0.1764
  240    0.5      0.1527        0.1527         0.1527         0.1527         0.1527
  241    0.5      0.1702        0.1702         0.1702         0.1702         0.1702
  242    0.5      0.1696        0.1696         0.1696         0.1696         0.1696
  243    0.5      0.1777        0.1777         0.1777         0.1777         0.1777
  244    0.5      0.1783        0.1783         0.1783         0.1783         0.1783
  245    0.5      0.1494        0.1494         0.1494         0.1494         0.1494
  246    0.5      0.1446        0.1446         0.1446         0.1446         0.1446
  247    0.5      0.1505        0.1505         0.1505         0.1505         0.1505
  248    0.5      0.1377        0.1377         0.1377         0.1377         0.1377
  249    0.5      0.1691        0.1691         0.1691         0.1691         0.1691
  250    0.5      0.1525        0.1525         0.1525         0.1525         0.1525
  251    0.5      0.1418        0.1418         0.1418         0.1418         0.1418
  252    0.5      0.1166        0.1166         0.1166         0.1166         0.1166
  253    0.5      0.1732        0.1732         0.1732         0.1732         0.1732
  254    0.5      0.1763        0.1763         0.1763         0.1763         0.1763
  255    0.5      0.1519        0.1519         0.1519         0.1519         0.1519
  256    0.5      0.1655        0.1655         0.1655         0.1655         0.1655
  257    0.5      0.1777        0.1777         0.1777         0.1777         0.1777
  258    0.5      0.1660        0.1660         0.1660         0.1660         0.1660
  259    0.5      0.1571        0.1571         0.1571         0.1571         0.1571
  260    0.5      0.1351        0.1351         0.1351         0.1351         0.1351
  261    0.5      0.1581        0.1581         0.1581         0.1581         0.1581
  262    0.5      0.1481        0.1481         0.1481         0.1481         0.1481
  263    0.5      0.1718        0.1718         0.1718         0.1718         0.1718
  264    0.5      0.1754        0.1754         0.1754         0.1754         0.1754
  265    0.5      0.1601        0.1601         0.1601         0.1601         0.1601
  266    0.5      0.1386        0.1386         0.1386         0.1386         0.1386
  267    0.5      0.1572        0.1572         0.1572         0.1572         0.1572
  268    0.5      0.1629        0.1629         0.1629         0.1629         0.1629
  269    0.5      0.1717        0.1717         0.1717         0.1717         0.1717
  270    0.5      0.1918        0.1918         0.1918         0.1918         0.1918
  271    0.5      0.1761        0.1761         0.1761         0.1761         0.1761
  272    0.5      0.1682        0.1682         0.1682         0.1682         0.1682
  273    0.5      0.1386        0.1386         0.1386         0.1386         0.1386
  274    0.5      0.1236        0.1236         0.1236         0.1236         0.1236
  275    0.5      0.1486        0.1486         0.1486         0.1486         0.1486
  276    0.5      0.1541        0.1541         0.1541         0.1541         0.1541
  277    0.5      0.1468        0.1468         0.1468         0.1468         0.1468
  278    0.5      0.1445        0.1445         0.1445         0.1445         0.1445
  279    0.5      0.1948        0.1948         0.1948         0.1948         0.1948
  280    0.5      0.1825        0.1825         0.1825         0.1825         0.1825
  281    0.5      0.1546        0.1546         0.1546         0.1546         0.1546
  282    0.5      0.1102        0.1102         0.1102         0.1102         0.1102
  283    0.5      0.1216        0.1216         0.1216         0.1216         0.1216
  284    0.5      0.1304        0.1304         0.1304         0.1304         0.1304
  285    0.5      0.1274        0.1274         0.1274         0.1274         0.1274
  286    0.5      0.1208        0.1208         0.1208         0.1208         0.1208
  287    0.5      0.1439        0.1439         0.1439         0.1439         0.1439
  288    0.5      0.1669        0.1669         0.1669         0.1669         0.1669
  289    0.5      0.1826        0.1826         0.1826         0.1826         0.1826
  290    0.5      0.1643        0.1643         0.1643         0.1643         0.1643
  291    0.5      0.1564        0.1564         0.1564         0.1564         0.1564
  292    0.5      0.1974        0.1974         0.1974         0.1974         0.1974
  293    0.5      0.1690        0.1690         0.1690         0.1690         0.1690
  294    0.5      0.1490        0.1490         0.1490         0.1490         0.1490
  295    0.5      0.1474        0.1474         0.1474         0.1474         0.1474
  296    0.5      0.1428        0.1428         0.1428         0.1428         0.1428
  297    0.5      0.1345        0.1345         0.1345         0.1345         0.1345
  298    0.5      0.1237        0.1237         0.1237         0.1237         0.1237
  299    0.5      0.1265        0.1265         0.1265         0.1265         0.1265
  300    0.5      0.1572        0.1572         0.1572         0.1572         0.1572
  301    0.5      0.1763        0.1763         0.1763         0.1763         0.1763
  302    0.5      0.1819        0.1819         0.1819         0.1819         0.1819
  303    0.5      0.1868        0.1868         0.1868         0.1868         0.1868
  304    0.5      0.1752        0.1752         0.1752         0.1752         0.1752
  305    0.5      0.1607        0.1607         0.1607         0.1607         0.1607
  306    0.5      0.1493        0.1493         0.1493         0.1493         0.1493
  307    0.5      0.1496        0.1496         0.1496         0.1496         0.1496
  308    0.5      0.1375        0.1375         0.1375         0.1375         0.1375
  309    0.5      0.1505        0.1505         0.1505         0.1505         0.1505
  310    0.5      0.1693        0.1693         0.1693         0.1693         0.1693
  311    0.5      0.1618        0.1618         0.1618         0.1618         0.1618
  312    0.5      0.1806        0.1806         0.1806         0.1806         0.1806
  313    0.5      0.1924        0.1924         0.1924         0.1924         0.1924
  314    0.5      0.1782        0.1782         0.1782         0.1782         0.1782
  315    0.5      0.1945        0.1945         0.1945         0.1945         0.1945
  316    0.5      0.1879        0.1879         0.1879         0.1879         0.1879
  317    0.5      0.1547        0.1547         0.1547         0.1547         0.1547
  318    0.5      0.1475        0.1475         0.1475         0.1475         0.1475
  319    0.5      0.1418        0.1418         0.1418         0.1418         0.1418
  320    0.5      0.1378        0.1378         0.1378         0.1378         0.1378
  321    0.5      0.1193        0.1193         0.1193         0.1193         0.1193
  322    0.5      0.1406        0.1406         0.1406         0.1406         0.1406
  323    0.5      0.1588        0.1588         0.1588         0.1588         0.1588
  324    0.5      0.1630        0.1630         0.1630         0.1630         0.1630
  325    0.5      0.1600        0.1600         0.1600         0.1600         0.1600
  326    0.5      0.1723        0.1723         0.1723         0.1723         0.1723
  327    0.5      0.1820        0.1820         0.1820         0.1820         0.1820
  328    0.5      0.1968        0.1968         0.1968         0.1968         0.1968
  329    0.5      0.1566        0.1566         0.1566         0.1566         0.1566
  330    0.5      0.1201        0.1201         0.1201         0.1201         0.1201
  331    0.5      0.1522        0.1522         0.1522         0.1522         0.1522
  332    0.5      0.1537        0.1537         0.1537         0.1537         0.1537
  333    0.5      0.1253        0.1253         0.1253         0.1253         0.1253
  334    0.5      0.1206        0.1206         0.1206         0.1206         0.1206
  335    0.5      0.1148        0.1148         0.1148         0.1148         0.1148
  336    0.5      0.1504        0.1504         0.1504         0.1504         0.1504
  337    0.5      0.1583        0.1583         0.1583         0.1583         0.1583
  338    0.5      0.1491        0.1491         0.1491         0.1491         0.1491
  339    0.5      0.1594        0.1594         0.1594         0.1594         0.1594
  340    0.5      0.1541        0.1541         0.1541         0.1541         0.1541
  341    0.5      0.1455        0.1455         0.1455         0.1455         0.1455
  342    0.5      0.1708        0.1708         0.1708         0.1708         0.1708
  343    0.5      0.1711        0.1711         0.1711         0.1711         0.1711
  344    0.5      0.1421        0.1421         0.1421         0.1421         0.1421
  345    0.5      0.1292        0.1292         0.1292         0.1292         0.1292
  346    0.5      0.1234        0.1234         0.1234         0.1234         0.1234
  347    0.5      0.1227        0.1227         0.1227         0.1227         0.1227
  348    0.5      0.1562        0.1562         0.1562         0.1562         0.1562
  349    0.5      0.1354        0.1354         0.1354         0.1354         0.1354
  350    0.5      0.1569        0.1569         0.1569         0.1569         0.1569
  351    0.5      0.1570        0.1570         0.1570         0.1570         0.1570
  352    0.5      0.1382        0.1382         0.1382         0.1382         0.1382
  353    0.5      0.1630        0.1630         0.1630         0.1630         0.1630
  354    0.5      0.1544        0.1544         0.1544         0.1544         0.1544
  355    0.5      0.1546        0.1546         0.1546         0.1546         0.1546
  356    0.5      0.1557        0.1557         0.1557         0.1557         0.1557
  357    0.5      0.1866        0.1866         0.1866         0.1866         0.1866
  358    0.5      0.1793        0.1793         0.1793         0.1793         0.1793
  359    0.5      0.1547        0.1547         0.1547         0.1547         0.1547
  360    0.5      0.1566        0.1566         0.1566         0.1566         0.1566
  361    0.5      0.1737        0.1737         0.1737         0.1737         0.1737
  362    0.5      0.1779        0.1779         0.1779         0.1779         0.1779
  363    0.5      0.1749        0.1749         0.1749         0.1749         0.1749
  364    0.5      0.1443        0.1443         0.1443         0.1443         0.1443
  365    0.5      0.1422        0.1422         0.1422         0.1422         0.1422
  366    0.5      0.1392        0.1392         0.1392         0.1392         0.1392
  367    0.5      0.1319        0.1319         0.1319         0.1319         0.1319
  368    0.5      0.1053        0.1053         0.1053         0.1053         0.1053
  369    0.5      0.1447        0.1447         0.1447         0.1447         0.1447
  370    0.5      0.1313        0.1313         0.1313         0.1313         0.1313
  371    0.5      0.1327        0.1327         0.1327         0.1327         0.1327
  372    0.5      0.1288        0.1288         0.1288         0.1288         0.1288
  373    0.5      0.1329        0.1329         0.1329         0.1329         0.1329
  374    0.5      0.1026        0.1026         0.1026         0.1026         0.1026
  375    0.5      0.1738        0.1738         0.1738         0.1738         0.1738
  376    0.5      0.1778        0.1778         0.1778         0.1778         0.1778
  377    0.5      0.1298        0.1298         0.1298         0.1298         0.1298
  378    0.5      0.1427        0.1427         0.1427         0.1427         0.1427
  379    0.5      0.1313        0.1313         0.1313         0.1313         0.1313
  380    0.5      0.1248        0.1248         0.1248         0.1248         0.1248
  381    0.5      0.1229        0.1229         0.1229         0.1229         0.1229
  382    0.5      0.1214        0.1214         0.1214         0.1214         0.1214
  383    0.5      0.1107        0.1107         0.1107         0.1107         0.1107
  384    0.5      0.1313        0.1313         0.1313         0.1313         0.1313
  385    0.5      0.1259        0.1259         0.1259         0.1259         0.1259
  386    0.5      0.1042        0.1042         0.1042         0.1042         0.1042
  387    0.5      0.1273        0.1273         0.1273         0.1273         0.1273
  388    0.5      0.1286        0.1286         0.1286         0.1286         0.1286
  389    0.5      0.1247        0.1247         0.1247         0.1247         0.1247
  390    0.5      0.1270        0.1270         0.1270         0.1270         0.1270
  391    0.5      0.1306        0.1306         0.1306         0.1306         0.1306
  392    0.5      0.1242        0.1242         0.1242         0.1242         0.1242
  393    0.5      0.1226        0.1226         0.1226         0.1226         0.1226
  394    0.5      0.1285        0.1285         0.1285         0.1285         0.1285
  395    0.5      0.1372        0.1372         0.1372         0.1372         0.1372
  396    0.5      0.1203        0.1203         0.1203         0.1203         0.1203
  397    0.5      0.1172        0.1172         0.1172         0.1172         0.1172
  398    0.5      0.1279        0.1279         0.1279         0.1279         0.1279
  399    0.5      0.1133        0.1133         0.1133         0.1133         0.1133
  400    0.5      0.1161        0.1161         0.1161         0.1161         0.1161
  401    0.5      0.1240        0.1240         0.1240         0.1240         0.1240
  402    0.5      0.1582        0.1582         0.1582         0.1582         0.1582
  403    0.5      0.1677        0.1677         0.1677         0.1677         0.1677
  404    0.5      0.1676        0.1676         0.1676         0.1676         0.1676
  405    0.5      0.1613        0.1613         0.1613         0.1613         0.1613
  406    0.5      0.1771        0.1771         0.1771         0.1771         0.1771
  407    0.5      0.1903        0.1903         0.1903         0.1903         0.1903
  408    0.5      0.1494        0.1494         0.1494         0.1494         0.1494
  409    0.5      0.1534        0.1534         0.1534         0.1534         0.1534
  410    0.5      0.1595        0.1595         0.1595         0.1595         0.1595
  411    0.5      0.1654        0.1654         0.1654         0.1654         0.1654
  412    0.5      0.1450        0.1450         0.1450         0.1450         0.1450
  413    0.5      0.1437        0.1437         0.1437         0.1437         0.1437
  414    0.5      0.1947        0.1947         0.1947         0.1947         0.1947
  415    0.5      0.1583        0.1583         0.1583         0.1583         0.1583
  416    0.5      0.1396        0.1396         0.1396         0.1396         0.1396
  417    0.5      0.1335        0.1335         0.1335         0.1335         0.1335
  418    0.5      0.1366        0.1366         0.1366         0.1366         0.1366
  419    0.5      0.1294        0.1294         0.1294         0.1294         0.1294
  420    0.5      0.1206        0.1206         0.1206         0.1206         0.1206
  421    0.5      0.1284        0.1284         0.1284         0.1284         0.1284
  422    0.5      0.1156        0.1156         0.1156         0.1156         0.1156
  423    0.5      0.1320        0.1320         0.1320         0.1320         0.1320
  424    0.5      0.1458        0.1458         0.1458         0.1458         0.1458
  425    0.5      0.1551        0.1551         0.1551         0.1551         0.1551
  426    0.5      0.1545        0.1545         0.1545         0.1545         0.1545
  427    0.5      0.1512        0.1512         0.1512         0.1512         0.1512
  428    0.5      0.1593        0.1593         0.1593         0.1593         0.1593
  429    0.5      0.1631        0.1631         0.1631         0.1631         0.1631
  430    0.5      0.1646        0.1646         0.1646         0.1646         0.1646
  431    0.5      0.1628        0.1628         0.1628         0.1628         0.1628
  432    0.5      0.1577        0.1577         0.1577         0.1577         0.1577
  433    0.5      0.1372        0.1372         0.1372         0.1372         0.1372
  434    0.5      0.1383        0.1383         0.1383         0.1383         0.1383
  435    0.5      0.1307        0.1307         0.1307         0.1307         0.1307
  436    0.5      0.1334        0.1334         0.1334         0.1334         0.1334
  437    0.5      0.1127        0.1127         0.1127         0.1127         0.1127
  438    0.5      0.1130        0.1130         0.1130         0.1130         0.1130
  439    0.5      0.1429        0.1429         0.1429         0.1429         0.1429
  440    0.5      0.1457        0.1457         0.1457         0.1457         0.1457
  441    0.5      0.1495        0.1495         0.1495         0.1495         0.1495
  442    0.5      0.1547        0.1547         0.1547         0.1547         0.1547
  443    0.5      0.1556        0.1556         0.1556         0.1556         0.1556
  444    0.5      0.1618        0.1618         0.1618         0.1618         0.1618
  445    0.5      0.1650        0.1650         0.1650         0.1650         0.1650
  446    0.5      0.1702        0.1702         0.1702         0.1702         0.1702
  447    0.5      0.1704        0.1704         0.1704         0.1704         0.1704
  448    0.5      0.1554        0.1554         0.1554         0.1554         0.1554
  449    0.5      0.1617        0.1617         0.1617         0.1617         0.1617
  450    0.5      0.1614        0.1614         0.1614         0.1614         0.1614
  451    0.5      0.1404        0.1404         0.1404         0.1404         0.1404
  452    0.5      0.1427        0.1427         0.1427         0.1427         0.1427
  453    0.5      0.1461        0.1461         0.1461         0.1461         0.1461
  454    0.5      0.1461        0.1461         0.1461         0.1461         0.1461
  455    0.5      0.1219        0.1219         0.1219         0.1219         0.1219
  456    0.5      0.1087        0.1087         0.1087         0.1087         0.1087
  457    0.5      0.1064        0.1064         0.1064         0.1064         0.1064
  458    0.5      0.1381        0.1381         0.1381         0.1381         0.1381
  459    0.5      0.0954        0.0954         0.0954         0.0954         0.0954
  460    0.5      0.1208        0.1208         0.1208         0.1208         0.1208
  461    0.5      0.1314        0.1314         0.1314         0.1314         0.1314
  462    0.5      0.1515        0.1515         0.1515         0.1515         0.1515
  463    0.5      0.1501        0.1501         0.1501         0.1501         0.1501
  464    0.5      0.1501        0.1501         0.1501         0.1501         0.1501
  465    0.5      0.1609        0.1609         0.1609         0.1609         0.1609
  466    0.5      0.1691        0.1691         0.1691         0.1691         0.1691
  467    0.5      0.1663        0.1663         0.1663         0.1663         0.1663
  468    0.5      0.1954        0.1954         0.1954         0.1954         0.1954
  469    0.5      0.1597        0.1597         0.1597         0.1597         0.1597
  470    0.5      0.1608        0.1608         0.1608         0.1608         0.1608
  471    0.5      0.1583        0.1583         0.1583         0.1583         0.1583
  472    0.5      0.1515        0.1515         0.1515         0.1515         0.1515
  473    0.5      0.1546        0.1546         0.1546         0.1546         0.1546
  474    0.5      0.1452        0.1452         0.1452         0.1452         0.1452
  475    0.5      0.1441        0.1441         0.1441         0.1441         0.1441
  476    0.5      0.1301        0.1301         0.1301         0.1301         0.1301
  477    0.5      0.1088        0.1088         0.1088         0.1088         0.1088
  478    0.5      0.0926        0.0926         0.0926         0.0926         0.0926
  479    0.5      0.1237        0.1237         0.1237         0.1237         0.1237
  480    0.5      0.1584        0.1584         0.1584         0.1584         0.1584
  481    0.5      0.1499        0.1499         0.1499         0.1499         0.1499
  482    0.5      0.1496        0.1496         0.1496         0.1496         0.1496
  483    0.5      0.1517        0.1517         0.1517         0.1517         0.1517
  484    0.5      0.1766        0.1766         0.1766         0.1766         0.1766
  485    0.5      0.1742        0.1742         0.1742         0.1742         0.1742
  486    0.5      0.1783        0.1783         0.1783         0.1783         0.1783
  487    0.5      0.1648        0.1648         0.1648         0.1648         0.1648
  488    0.5      0.1673        0.1673         0.1673         0.1673         0.1673
  489    0.5      0.1731        0.1731         0.1731         0.1731         0.1731
  490    0.5      0.1515        0.1515         0.1515         0.1515         0.1515
  491    0.5      0.1656        0.1656         0.1656         0.1656         0.1656
  492    0.5      0.1671        0.1671         0.1671         0.1671         0.1671
  493    0.5      0.1652        0.1652         0.1652         0.1652         0.1652
  494    0.5      0.1478        0.1478         0.1478         0.1478         0.1478
  495    0.5      0.1596        0.1596         0.1596         0.1596         0.1596
  496    0.5      0.1639        0.1639         0.1639         0.1639         0.1639
  497    0.5      0.1621        0.1621         0.1621         0.1621         0.1621
  498    0.5      0.1602        0.1602         0.1602         0.1602         0.1602
  499    0.5      0.1569        0.1569         0.1569         0.1569         0.1569
  500    0.5      0.1570        0.1570         0.1570         0.1570         0.1570
  501    0.5      0.1771        0.1771         0.1771         0.1771         0.1771
  502    0.5      0.1701        0.1701         0.1701         0.1701         0.1701
  503    0.5      0.1833        0.1833         0.1833         0.1833         0.1833
  504    0.5      0.1832        0.1832         0.1832         0.1832         0.1832
  505    0.5      0.1671        0.1671         0.1671         0.1671         0.1671
  506    0.5      0.1518        0.1518         0.1518         0.1518         0.1518
  507    0.5      0.1996        0.1996         0.1996         0.1996         0.1996
  508    0.5      0.1065        0.1065         0.1065         0.1065         0.1065
  509    0.5      0.1017        0.1017         0.1017         0.1017         0.1017
  510    0.5      0.1601        0.1601         0.1601         0.1601         0.1601
  511    0.5      0.1421        0.1421         0.1421         0.1421         0.1421
  512    0.5      0.1399        0.1399         0.1399         0.1399         0.1399
  513    0.5      0.0971        0.0971         0.0971         0.0971         0.0971
  514    0.5      0.0989        0.0989         0.0989         0.0989         0.0989
  515    0.5      0.1123        0.1123         0.1123         0.1123         0.1123
  516    0.5      0.1152        0.1152         0.1152         0.1152         0.1152
  517    0.5      0.1059        0.1059         0.1059         0.1059         0.1059
  518    0.5      0.0901        0.0901         0.0901         0.0901         0.0901
  519    0.5      0.1151        0.1151         0.1151         0.1151         0.1151
  520    0.5      0.1249        0.1249         0.1249         0.1249         0.1249
  521    0.5      0.0941        0.0941         0.0941         0.0941         0.0941
  522    0.5      0.0937        0.0937         0.0937         0.0937         0.0937
  523    0.5      0.0962        0.0962         0.0962         0.0962         0.0962
  524    0.5      0.1217        0.1217         0.1217         0.1217         0.1217
  525    0.5      0.1151        0.1151         0.1151         0.1151         0.1151
  526    0.5      0.1038        0.1038         0.1038         0.1038         0.1038
  527    0.5      0.1015        0.1015         0.1015         0.1015         0.1015
  528    0.5      0.0861        0.0861         0.0861         0.0861         0.0861
  529    0.5      0.1135        0.1135         0.1135         0.1135         0.1135
  530    0.5      0.1030        0.1030         0.1030         0.1030         0.1030
  531    0.5      0.1069        0.1069         0.1069         0.1069         0.1069
  532    0.5      0.1091        0.1091         0.1091         0.1091         0.1091
  533    0.5      0.1977        0.1977         0.1977         0.1977         0.1977
  534    0.5      0.2081        0.2081         0.2081         0.2081         0.2081
  535    0.5      0.1956        0.1956         0.1956         0.1956         0.1956
  536    0.5      0.1740        0.1740         0.1740         0.1740         0.1740
  537    0.5      0.1650        0.1650         0.1650         0.1650         0.1650
  538    0.5      0.1584        0.1584         0.1584         0.1584         0.1584
  539    0.5      0.1475        0.1475         0.1475         0.1475         0.1475
  540    0.5      0.1962        0.1962         0.1962         0.1962         0.1962
  541    0.5      0.1983        0.1983         0.1983         0.1983         0.1983
  542    0.5      0.2161        0.2161         0.2161         0.2161         0.2161
  543    0.5      0.2114        0.2114         0.2114         0.2114         0.2114
  544    0.5      0.1819        0.1819         0.1819         0.1819         0.1819
  545    0.5      0.1709        0.1709         0.1709         0.1709         0.1709
  546    0.5      0.1682        0.1682         0.1682         0.1682         0.1682
  547    0.5      0.1600        0.1600         0.1600         0.1600         0.1600
  548    0.5      0.1326        0.1326         0.1326         0.1326         0.1326
  549    0.5      0.1169        0.1169         0.1169         0.1169         0.1169
  550    0.5      0.1045        0.1045         0.1045         0.1045         0.1045
  551    0.5      0.1698        0.1698         0.1698         0.1698         0.1698
  552    0.5      0.1932        0.1932         0.1932         0.1932         0.1932
  553    0.5      0.2016        0.2016         0.2016         0.2016         0.2016
  554    0.5      0.2060        0.2060         0.2060         0.2060         0.2060
  555    0.5      0.1961        0.1961         0.1961         0.1961         0.1961
  556    0.5      0.2044        0.2044         0.2044         0.2044         0.2044
  557    0.5      0.1911        0.1911         0.1911         0.1911         0.1911
  558    0.5      0.2127        0.2127         0.2127         0.2127         0.2127
  559    0.5      0.2013        0.2013         0.2013         0.2013         0.2013
  560    0.5      0.2074        0.2074         0.2074         0.2074         0.2074
  561    0.5      0.1915        0.1915         0.1915         0.1915         0.1915
  562    0.5      0.1730        0.1730         0.1730         0.1730         0.1730
  563    0.5      0.1549        0.1549         0.1549         0.1549         0.1549
  564    0.5      0.1742        0.1742         0.1742         0.1742         0.1742
  565    0.5      0.1763        0.1763         0.1763         0.1763         0.1763
  566    0.5      0.1515        0.1515         0.1515         0.1515         0.1515
  567    0.5      0.1231        0.1231         0.1231         0.1231         0.1231
  568    0.5      0.1122        0.1122         0.1122         0.1122         0.1122
  569    0.5      0.1803        0.1803         0.1803         0.1803         0.1803
  570    0.5      0.1839        0.1839         0.1839         0.1839         0.1839
  571    0.5      0.1056        0.1056         0.1056         0.1056         0.1056
  572    0.5      0.1196        0.1196         0.1196         0.1196         0.1196
  573    0.5      0.1573        0.1573         0.1573         0.1573         0.1573
  574    0.5      0.1321        0.1321         0.1321         0.1321         0.1321
  575    0.5      0.1654        0.1654         0.1654         0.1654         0.1654
  576    0.5      0.1687        0.1687         0.1687         0.1687         0.1687
  577    0.5      0.1914        0.1914         0.1914         0.1914         0.1914
  578    0.5      0.1859        0.1859         0.1859         0.1859         0.1859
  579    0.5      0.1721        0.1721         0.1721         0.1721         0.1721
  580    0.5      0.1469        0.1469         0.1469         0.1469         0.1469
  581    0.5      0.1270        0.1270         0.1270         0.1270         0.1270
  582    0.5      0.1441        0.1441         0.1441         0.1441         0.1441
  583    0.5      0.1806        0.1806         0.1806         0.1806         0.1806
  584    0.5      0.1840        0.1840         0.1840         0.1840         0.1840
  585    0.5      0.1650        0.1650         0.1650         0.1650         0.1650
  586    0.5      0.1255        0.1255         0.1255         0.1255         0.1255
  587    0.5      0.1291        0.1291         0.1291         0.1291         0.1291
  588    0.5      0.1765        0.1765         0.1765         0.1765         0.1765
  589    0.5      0.1509        0.1509         0.1509         0.1509         0.1509
  590    0.5      0.1394        0.1394         0.1394         0.1394         0.1394
  591    0.5      0.1036        0.1036         0.1036         0.1036         0.1036
  592    0.5      0.0692        0.0692         0.0692         0.0692         0.0692
  593    0.5      0.0633        0.0633         0.0633         0.0633         0.0633
  594    0.5      0.1817        0.1817         0.1817         0.1817         0.1817
  595    0.5      0.1609        0.1609         0.1609         0.1609         0.1609
  596    0.5      0.1390        0.1390         0.1390         0.1390         0.1390
  597    0.5      0.1302        0.1302         0.1302         0.1302         0.1302
  598    0.5      0.1264        0.1264         0.1264         0.1264         0.1264
  599    0.5      0.0891        0.0891         0.0891         0.0891         0.0891
  600    0.5      0.1123        0.1123         0.1123         0.1123         0.1123
  601    0.5      0.1286        0.1286         0.1286         0.1286         0.1286
  602    0.5      0.1306        0.1306         0.1306         0.1306         0.1306
  603    0.5      0.1178        0.1178         0.1178         0.1178         0.1178
  604    0.5      0.1521        0.1521         0.1521         0.1521         0.1521
  605    0.5      0.1602        0.1602         0.1602         0.1602         0.1602
  606    0.5      0.1608        0.1608         0.1608         0.1608         0.1608
  607    0.5      0.1532        0.1532         0.1532         0.1532         0.1532
  608    0.5      0.1477        0.1477         0.1477         0.1477         0.1477
  609    0.5      0.1101        0.1101         0.1101         0.1101         0.1101
  610    0.5      0.0777        0.0777         0.0777         0.0777         0.0777
  611    0.5      0.0700        0.0700         0.0700         0.0700         0.0700
  612    0.5      0.0649        0.0649         0.0649         0.0649         0.0649
  613    0.5      0.0629        0.0629         0.0629         0.0629         0.0629
  614    0.5      0.1054        0.1054         0.1054         0.1054         0.1054
  615    0.5      0.1235        0.1235         0.1235         0.1235         0.1235
  616    0.5      0.1174        0.1174         0.1174         0.1174         0.1174
  617    0.5      0.1197        0.1197         0.1197         0.1197         0.1197
  618    0.5      0.1621        0.1621         0.1621         0.1621         0.1621
  619    0.5      0.1809        0.1809         0.1809         0.1809         0.1809
  620    0.5      0.1898        0.1898         0.1898         0.1898         0.1898
  621    0.5      0.1885        0.1885         0.1885         0.1885         0.1885
  622    0.5      0.1532        0.1532         0.1532         0.1532         0.1532
  623    0.5      0.1698        0.1698         0.1698         0.1698         0.1698
  624    0.5      0.1400        0.1400         0.1400         0.1400         0.1400
  625    0.5      0.1738        0.1738         0.1738         0.1738         0.1738
  626    0.5      0.1151        0.1151         0.1151         0.1151         0.1151
  627    0.5      0.0948        0.0948         0.0948         0.0948         0.0948
  628    0.5      0.0849        0.0849         0.0849         0.0849         0.0849
  629    0.5      0.1033        0.1033         0.1033         0.1033         0.1033
  630    0.5      0.1087        0.1087         0.1087         0.1087         0.1087
  631    0.5      0.1053        0.1053         0.1053         0.1053         0.1053
  632    0.5      0.1203        0.1203         0.1203         0.1203         0.1203
  633    0.5      0.1028        0.1028         0.1028         0.1028         0.1028
  634    0.5      0.1485        0.1485         0.1485         0.1485         0.1485
  635    0.5      0.1606        0.1606         0.1606         0.1606         0.1606
  636    0.5      0.1150        0.1150         0.1150         0.1150         0.1150
  637    0.5      0.0985        0.0985         0.0985         0.0985         0.0985
  638    0.5      0.0994        0.0994         0.0994         0.0994         0.0994
  639    0.5      0.1182        0.1182         0.1182         0.1182         0.1182
  640    0.5      0.1234        0.1234         0.1234         0.1234         0.1234
  641    0.5      0.1396        0.1396         0.1396         0.1396         0.1396
  642    0.5      0.1309        0.1309         0.1309         0.1309         0.1309
  643    0.5      0.1225        0.1225         0.1225         0.1225         0.1225
  644    0.5      0.1567        0.1567         0.1567         0.1567         0.1567
  645    0.5      0.1550        0.1550         0.1550         0.1550         0.1550
  646    0.5      0.1008        0.1008         0.1008         0.1008         0.1008
  647    0.5      0.1047        0.1047         0.1047         0.1047         0.1047
  648    0.5      0.0958        0.0958         0.0958         0.0958         0.0958
  649    0.5      0.0948        0.0948         0.0948         0.0948         0.0948
  650    0.5      0.0890        0.0890         0.0890         0.0890         0.0890
  651    0.5      0.1119        0.1119         0.1119         0.1119         0.1119
  652    0.5      0.1159        0.1159         0.1159         0.1159         0.1159
  653    0.5      0.1308        0.1308         0.1308         0.1308         0.1308
  654    0.5      0.1274        0.1274         0.1274         0.1274         0.1274
  655    0.5      0.1111        0.1111         0.1111         0.1111         0.1111
  656    0.5      0.0958        0.0958         0.0958         0.0958         0.0958
  657    0.5      0.0976        0.0976         0.0976         0.0976         0.0976
  658    0.5      0.1032        0.1032         0.1032         0.1032         0.1032
  659    0.5      0.0985        0.0985         0.0985         0.0985         0.0985
  660    0.5      0.1413        0.1413         0.1413         0.1413         0.1413
  661    0.5      0.1662        0.1662         0.1662         0.1662         0.1662
  662    0.5      0.1076        0.1076         0.1076         0.1076         0.1076
  663    0.5      0.0879        0.0879         0.0879         0.0879         0.0879
  664    0.5      0.0881        0.0881         0.0881         0.0881         0.0881
  665    0.5      0.0843        0.0843         0.0843         0.0843         0.0843
  666    0.5      0.0956        0.0956         0.0956         0.0956         0.0956
  667    0.5      0.1011        0.1011         0.1011         0.1011         0.1011
  668    0.5      0.1156        0.1156         0.1156         0.1156         0.1156
  669    0.5      0.0995        0.0995         0.0995         0.0995         0.0995
  670    0.5      0.1552        0.1552         0.1552         0.1552         0.1552
  671    0.5      0.1734        0.1734         0.1734         0.1734         0.1734
  672    0.5      0.1035        0.1035         0.1035         0.1035         0.1035
  673    0.5      0.0931        0.0931         0.0931         0.0931         0.0931
  674    0.5      0.0857        0.0857         0.0857         0.0857         0.0857
  675    0.5      0.0991        0.0991         0.0991         0.0991         0.0991
  676    0.5      0.1037        0.1037         0.1037         0.1037         0.1037
  677    0.5      0.1170        0.1170         0.1170         0.1170         0.1170
  678    0.5      0.1111        0.1111         0.1111         0.1111         0.1111
  679    0.5      0.1050        0.1050         0.1050         0.1050         0.1050
  680    0.5      0.1627        0.1627         0.1627         0.1627         0.1627
  681    0.5      0.1516        0.1516         0.1516         0.1516         0.1516
  682    0.5      0.1228        0.1228         0.1228         0.1228         0.1228
  683    0.5      0.1462        0.1462         0.1462         0.1462         0.1462
  684    0.5      0.1113        0.1113         0.1113         0.1113         0.1113
  685    0.5      0.0901        0.0901         0.0901         0.0901         0.0901
  686    0.5      0.0843        0.0843         0.0843         0.0843         0.0843
  687    0.5      0.0963        0.0963         0.0963         0.0963         0.0963
  688    0.5      0.1122        0.1122         0.1122         0.1122         0.1122
  689    0.5      0.1137        0.1137         0.1137         0.1137         0.1137
  690    0.5      0.1114        0.1114         0.1114         0.1114         0.1114
  691    0.5      0.1179        0.1179         0.1179         0.1179         0.1179
  692    0.5      0.1510        0.1510         0.1510         0.1510         0.1510
  693    0.5      0.1593        0.1593         0.1593         0.1593         0.1593
  694    0.5      0.0989        0.0989         0.0989         0.0989         0.0989
  695    0.5      0.0764        0.0764         0.0764         0.0764         0.0764
  696    0.5      0.0576        0.0576         0.0576         0.0576         0.0576
  697    0.5      0.0617        0.0617         0.0617         0.0617         0.0617
  698    0.5      0.1004        0.1004         0.1004         0.1004         0.1004
  699    0.5      0.0896        0.0896         0.0896         0.0896         0.0896
  700    0.5      0.0669        0.0669         0.0669         0.0669         0.0669
  701    0.5      0.0686        0.0686         0.0686         0.0686         0.0686
  702    0.5      0.1656        0.1656         0.1656         0.1656         0.1656
  703    0.5      0.1069        0.1069         0.1069         0.1069         0.1069
  704    0.5      0.0874        0.0874         0.0874         0.0874         0.0874
  705    0.5      0.0591        0.0591         0.0591         0.0591         0.0591
  706    0.5      0.0675        0.0675         0.0675         0.0675         0.0675
  707    0.5      0.0820        0.0820         0.0820         0.0820         0.0820
  708    0.5      0.1041        0.1041         0.1041         0.1041         0.1041
  709    0.5      0.1159        0.1159         0.1159         0.1159         0.1159
  710    0.5      0.1068        0.1068         0.1068         0.1068         0.1068
  711    0.5      0.1430        0.1430         0.1430         0.1430         0.1430
  712    0.5      0.1656        0.1656         0.1656         0.1656         0.1656
  713    0.5      0.1575        0.1575         0.1575         0.1575         0.1575
  714    0.5      0.1331        0.1331         0.1331         0.1331         0.1331
  715    0.5      0.1336        0.1336         0.1336         0.1336         0.1336
  716    0.5      0.0907        0.0907         0.0907         0.0907         0.0907
  717    0.5      0.0698        0.0698         0.0698         0.0698         0.0698
  718    0.5      0.0659        0.0659         0.0659         0.0659         0.0659
  719    0.5      0.1042        0.1042         0.1042         0.1042         0.1042
  720    0.5      0.1264        0.1264         0.1264         0.1264         0.1264
  721    0.5      0.1198        0.1198         0.1198         0.1198         0.1198
  722    0.5      0.1093        0.1093         0.1093         0.1093         0.1093
  723    0.5      0.1522        0.1522         0.1522         0.1522         0.1522
  724    0.5      0.1654        0.1654         0.1654         0.1654         0.1654
  725    0.5      0.1608        0.1608         0.1608         0.1608         0.1608
  726    0.5      0.1501        0.1501         0.1501         0.1501         0.1501
  727    0.5      0.1466        0.1466         0.1466         0.1466         0.1466
  728    0.5      0.1152        0.1152         0.1152         0.1152         0.1152
  729    0.5      0.1455        0.1455         0.1455         0.1455         0.1455
  730    0.5      0.0962        0.0962         0.0962         0.0962         0.0962
  731    0.5      0.0826        0.0826         0.0826         0.0826         0.0826
  732    0.5      0.1601        0.1601         0.1601         0.1601         0.1601
  733    0.5      0.1241        0.1241         0.1241         0.1241         0.1241
  734    0.5      0.1112        0.1112         0.1112         0.1112         0.1112
  735    0.5      0.1393        0.1393         0.1393         0.1393         0.1393
  736    0.5      0.1212        0.1212         0.1212         0.1212         0.1212
  737    0.5      0.1090        0.1090         0.1090         0.1090         0.1090
  738    0.5      0.1357        0.1357         0.1357         0.1357         0.1357
  739    0.5      0.1421        0.1421         0.1421         0.1421         0.1421
  740    0.5      0.1290        0.1290         0.1290         0.1290         0.1290
  741    0.5      0.1180        0.1180         0.1180         0.1180         0.1180
  742    0.5      0.1586        0.1586         0.1586         0.1586         0.1586
  743    0.5      0.1673        0.1673         0.1673         0.1673         0.1673
  744    0.5      0.1577        0.1577         0.1577         0.1577         0.1577
  745    0.5      0.1547        0.1547         0.1547         0.1547         0.1547
  746    0.5      0.1653        0.1653         0.1653         0.1653         0.1653
  747    0.5      0.1390        0.1390         0.1390         0.1390         0.1390
  748    0.5      0.1493        0.1493         0.1493         0.1493         0.1493
  749    0.5      0.1602        0.1602         0.1602         0.1602         0.1602
  750    0.5      0.1714        0.1714         0.1714         0.1714         0.1714
  751    0.5      0.1451        0.1451         0.1451         0.1451         0.1451
  752    0.5      0.1430        0.1430         0.1430         0.1430         0.1430
  753    0.5      0.1449        0.1449         0.1449         0.1449         0.1449
  754    0.5      0.1604        0.1604         0.1604         0.1604         0.1604
  755    0.5      0.1392        0.1392         0.1392         0.1392         0.1392
  756    0.5      0.1416        0.1416         0.1416         0.1416         0.1416
  757    0.5      0.1594        0.1594         0.1594         0.1594         0.1594
  758    0.5      0.1471        0.1471         0.1471         0.1471         0.1471
  759    0.5      0.1342        0.1342         0.1342         0.1342         0.1342
  760    0.5      0.1345        0.1345         0.1345         0.1345         0.1345
  761    0.5      0.1308        0.1308         0.1308         0.1308         0.1308
  762    0.5      0.1504        0.1504         0.1504         0.1504         0.1504
  763    0.5      0.1538        0.1538         0.1538         0.1538         0.1538
  764    0.5      0.1250        0.1250         0.1250         0.1250         0.1250
  765    0.5      0.1222        0.1222         0.1222         0.1222         0.1222
  766    0.5      0.1219        0.1219         0.1219         0.1219         0.1219
  767    0.5      0.1282        0.1282         0.1282         0.1282         0.1282
  768    0.5      0.1319        0.1319         0.1319         0.1319         0.1319
  769    0.5      0.1337        0.1337         0.1337         0.1337         0.1337
  770    0.5      0.1216        0.1216         0.1216         0.1216         0.1216
  771    0.5      0.1209        0.1209         0.1209         0.1209         0.1209
  772    0.5      0.1271        0.1271         0.1271         0.1271         0.1271
  773    0.5      0.1291        0.1291         0.1291         0.1291         0.1291
  774    0.5      0.1593        0.1593         0.1593         0.1593         0.1593
  775    0.5      0.1607        0.1607         0.1607         0.1607         0.1607
  776    0.5      0.1529        0.1529         0.1529         0.1529         0.1529
  777    0.5      0.1440        0.1440         0.1440         0.1440         0.1440
  778    0.5      0.1586        0.1586         0.1586         0.1586         0.1586
  779    0.5      0.1531        0.1531         0.1531         0.1531         0.1531
  780    0.5      0.1561        0.1561         0.1561         0.1561         0.1561
  781    0.5      0.1447        0.1447         0.1447         0.1447         0.1447
  782    0.5      0.1235        0.1235         0.1235         0.1235         0.1235
  783    0.5      0.1087        0.1087         0.1087         0.1087         0.1087
  784    0.5      0.1027        0.1027         0.1027         0.1027         0.1027
  785    0.5      0.0988        0.0988         0.0988         0.0988         0.0988
  786    0.5      0.1089        0.1089         0.1089         0.1089         0.1089
  787    0.5      0.1044        0.1044         0.1044         0.1044         0.1044
  788    0.5      0.1093        0.1093         0.1093         0.1093         0.1093
  789    0.5      0.1130        0.1130         0.1130         0.1130         0.1130
  790    0.5      0.1111        0.1111         0.1111         0.1111         0.1111
  791    0.5      0.1508        0.1508         0.1508         0.1508         0.1508
  792    0.5      0.1491        0.1491         0.1491         0.1491         0.1491
  793    0.5      0.1571        0.1571         0.1571         0.1571         0.1571
  794    0.5      0.1560        0.1560         0.1560         0.1560         0.1560
  795    0.5      0.1680        0.1680         0.1680         0.1680         0.1680
  796    0.5      0.1568        0.1568         0.1568         0.1568         0.1568
  797    0.5      0.1697        0.1697         0.1697         0.1697         0.1697
  798    0.5      0.1832        0.1832         0.1832         0.1832         0.1832
  799    0.5      0.1656        0.1656         0.1656         0.1656         0.1656
  800    0.5      0.1454        0.1454         0.1454         0.1454         0.1454
  801    0.5      0.1428        0.1428         0.1428         0.1428         0.1428
  802    0.5      0.1270        0.1270         0.1270         0.1270         0.1270
  803    0.5      0.1643        0.1643         0.1643         0.1643         0.1643
  804    0.5      0.1145        0.1145         0.1145         0.1145         0.1145
  805    0.5      0.1167        0.1167         0.1167         0.1167         0.1167
  806    0.5      0.1182        0.1182         0.1182         0.1182         0.1182
  807    0.5      0.1064        0.1064         0.1064         0.1064         0.1064
  808    0.5      0.0999        0.0999         0.0999         0.0999         0.0999
  809    0.5      0.1151        0.1151         0.1151         0.1151         0.1151
  810    0.5      0.0992        0.0992         0.0992         0.0992         0.0992
  811    0.5      0.1013        0.1013         0.1013         0.1013         0.1013
  812    0.5      0.1179        0.1179         0.1179         0.1179         0.1179
  813    0.5      0.0993        0.0993         0.0993         0.0993         0.0993
  814    0.5      0.1020        0.1020         0.1020         0.1020         0.1020
  815    0.5      0.1149        0.1149         0.1149         0.1149         0.1149
  816    0.5      0.1177        0.1177         0.1177         0.1177         0.1177
  817    0.5      0.1216        0.1216         0.1216         0.1216         0.1216
  818    0.5      0.1031        0.1031         0.1031         0.1031         0.1031
  819    0.5      0.1103        0.1103         0.1103         0.1103         0.1103
  820    0.5      0.1140        0.1140         0.1140         0.1140         0.1140
  821    0.5      0.1123        0.1123         0.1123         0.1123         0.1123
  822    0.5      0.1165        0.1165         0.1165         0.1165         0.1165
  823    0.5      0.1165        0.1165         0.1165         0.1165         0.1165
  824    0.5      0.1021        0.1021         0.1021         0.1021         0.1021
  825    0.5      0.1118        0.1118         0.1118         0.1118         0.1118
  826    0.5      0.1056        0.1056         0.1056         0.1056         0.1056
  827    0.5      0.1105        0.1105         0.1105         0.1105         0.1105
  828    0.5      0.1534        0.1534         0.1534         0.1534         0.1534
  829    0.5      0.1782        0.1782         0.1782         0.1782         0.1782
  830    0.5      0.1939        0.1939         0.1939         0.1939         0.1939
  831    0.5      0.1594        0.1594         0.1594         0.1594         0.1594
  832    0.5      0.1187        0.1187         0.1187         0.1187         0.1187
  833    0.5      0.1134        0.1134         0.1134         0.1134         0.1134
  834    0.5      0.1152        0.1152         0.1152         0.1152         0.1152
  835    0.5      0.1081        0.1081         0.1081         0.1081         0.1081
  836    0.5      0.0919        0.0919         0.0919         0.0919         0.0919
  837    0.5      0.0926        0.0926         0.0926         0.0926         0.0926
  838    0.5      0.1044        0.1044         0.1044         0.1044         0.1044
  839    0.5      0.1071        0.1071         0.1071         0.1071         0.1071
  840    0.5      0.1193        0.1193         0.1193         0.1193         0.1193
  841    0.5      0.1415        0.1415         0.1415         0.1415         0.1415
  842    0.5      0.1559        0.1559         0.1559         0.1559         0.1559
  843    0.5      0.1787        0.1787         0.1787         0.1787         0.1787
  844    0.5      0.1892        0.1892         0.1892         0.1892         0.1892
  845    0.5      0.1727        0.1727         0.1727         0.1727         0.1727
  846    0.5      0.1694        0.1694         0.1694         0.1694         0.1694
  847    0.5      0.1716        0.1716         0.1716         0.1716         0.1716
  848    0.5      0.1720        0.1720         0.1720         0.1720         0.1720
  849    0.5      0.1204        0.1204         0.1204         0.1204         0.1204
  850    0.5      0.1173        0.1173         0.1173         0.1173         0.1173
  851    0.5      0.1078        0.1078         0.1078         0.1078         0.1078
  852    0.5      0.1051        0.1051         0.1051         0.1051         0.1051
  853    0.5      0.1047        0.1047         0.1047         0.1047         0.1047
  854    0.5      0.0984        0.0984         0.0984         0.0984         0.0984
  855    0.5      0.0961        0.0961         0.0961         0.0961         0.0961
  856    0.5      0.1124        0.1124         0.1124         0.1124         0.1124
  857    0.5      0.1087        0.1087         0.1087         0.1087         0.1087
  858    0.5      0.1379        0.1379         0.1379         0.1379         0.1379
  859    0.5      0.1541        0.1541         0.1541         0.1541         0.1541
  860    0.5      0.1666        0.1666         0.1666         0.1666         0.1666
  861    0.5      0.1466        0.1466         0.1466         0.1466         0.1466
  862    0.5      0.1478        0.1478         0.1478         0.1478         0.1478
  863    0.5      0.1659        0.1659         0.1659         0.1659         0.1659
  864    0.5      0.1671        0.1671         0.1671         0.1671         0.1671
  865    0.5      0.1173        0.1173         0.1173         0.1173         0.1173
  866    0.5      0.1354        0.1354         0.1354         0.1354         0.1354
  867    0.5      0.1304        0.1304         0.1304         0.1304         0.1304
  868    0.5      0.1597        0.1597         0.1597         0.1597         0.1597
  869    0.5      0.1748        0.1748         0.1748         0.1748         0.1748
  870    0.5      0.1185        0.1185         0.1185         0.1185         0.1185
  871    0.5      0.1171        0.1171         0.1171         0.1171         0.1171
  872    0.5      0.1016        0.1016         0.1016         0.1016         0.1016
  873    0.5      0.1049        0.1049         0.1049         0.1049         0.1049
  874    0.5      0.1002        0.1002         0.1002         0.1002         0.1002
  875    0.5      0.0899        0.0899         0.0899         0.0899         0.0899
  876    0.5      0.1042        0.1042         0.1042         0.1042         0.1042
  877    0.5      0.1062        0.1062         0.1062         0.1062         0.1062
  878    0.5      0.1075        0.1075         0.1075         0.1075         0.1075
  879    0.5      0.1065        0.1065         0.1065         0.1065         0.1065
  880    0.5      0.1039        0.1039         0.1039         0.1039         0.1039
  881    0.5      0.1180        0.1180         0.1180         0.1180         0.1180
  882    0.5      0.1389        0.1389         0.1389         0.1389         0.1389
  883    0.5      0.1573        0.1573         0.1573         0.1573         0.1573
  884    0.5      0.1655        0.1655         0.1655         0.1655         0.1655
  885    0.5      0.1758        0.1758         0.1758         0.1758         0.1758
  886    0.5      0.1209        0.1209         0.1209         0.1209         0.1209
  887    0.5      0.1202        0.1202         0.1202         0.1202         0.1202
  888    0.5      0.1003        0.1003         0.1003         0.1003         0.1003
  889    0.5      0.1045        0.1045         0.1045         0.1045         0.1045
  890    0.5      0.1075        0.1075         0.1075         0.1075         0.1075
  891    0.5      0.1103        0.1103         0.1103         0.1103         0.1103
  892    0.5      0.1213        0.1213         0.1213         0.1213         0.1213
  893    0.5      0.1109        0.1109         0.1109         0.1109         0.1109
  894    0.5      0.1029        0.1029         0.1029         0.1029         0.1029
  895    0.5      0.0909        0.0909         0.0909         0.0909         0.0909
  896    0.5      0.1123        0.1123         0.1123         0.1123         0.1123
  897    0.5      0.1448        0.1448         0.1448         0.1448         0.1448
  898    0.5      0.1635        0.1635         0.1635         0.1635         0.1635
  899    0.5      0.1892        0.1892         0.1892         0.1892         0.1892
  900    0.5      0.2050        0.2050         0.2050         0.2050         0.2050
  901    0.5      0.1939        0.1939         0.1939         0.1939         0.1939
  902    0.5      0.1110        0.1110         0.1110         0.1110         0.1110
  903    0.5      0.1497        0.1497         0.1497         0.1497         0.1497
  904    0.5      0.1647        0.1647         0.1647         0.1647         0.1647
  905    0.5      0.1827        0.1827         0.1827         0.1827         0.1827
  906    0.5      0.1960        0.1960         0.1960         0.1960         0.1960
  907    0.5      0.1592        0.1592         0.1592         0.1592         0.1592
  908    0.5      0.1020        0.1020         0.1020         0.1020         0.1020
  909    0.5      0.1014        0.1014         0.1014         0.1014         0.1014
  910    0.5      0.1057        0.1057         0.1057         0.1057         0.1057
  911    0.5      0.1064        0.1064         0.1064         0.1064         0.1064
  912    0.5      0.1144        0.1144         0.1144         0.1144         0.1144
  913    0.5      0.1076        0.1076         0.1076         0.1076         0.1076
  914    0.5      0.0971        0.0971         0.0971         0.0971         0.0971
  915    0.5      0.0941        0.0941         0.0941         0.0941         0.0941
  916    0.5      0.1166        0.1166         0.1166         0.1166         0.1166
  917    0.5      0.1215        0.1215         0.1215         0.1215         0.1215
  918    0.5      0.1425        0.1425         0.1425         0.1425         0.1425
  919    0.5      0.1723        0.1723         0.1723         0.1723         0.1723
  920    0.5      0.1937        0.1937         0.1937         0.1937         0.1937
  921    0.5      0.1965        0.1965         0.1965         0.1965         0.1965
  922    0.5      0.1670        0.1670         0.1670         0.1670         0.1670
  923    0.5      0.1031        0.1031         0.1031         0.1031         0.1031
  924    0.5      0.1062        0.1062         0.1062         0.1062         0.1062
  925    0.5      0.1046        0.1046         0.1046         0.1046         0.1046
  926    0.5      0.1114        0.1114         0.1114         0.1114         0.1114
  927    0.5      0.1082        0.1082         0.1082         0.1082         0.1082
  928    0.5      0.1026        0.1026         0.1026         0.1026         0.1026
  929    0.5      0.0965        0.0965         0.0965         0.0965         0.0965
  930    0.5      0.0872        0.0872         0.0872         0.0872         0.0872
  931    0.5      0.0999        0.0999         0.0999         0.0999         0.0999
  932    0.5      0.1202        0.1202         0.1202         0.1202         0.1202
  933    0.5      0.1344        0.1344         0.1344         0.1344         0.1344
  934    0.5      0.1286        0.1286         0.1286         0.1286         0.1286
  935    0.5      0.1401        0.1401         0.1401         0.1401         0.1401
  936    0.5      0.1620        0.1620         0.1620         0.1620         0.1620
  937    0.5      0.1808        0.1808         0.1808         0.1808         0.1808
  938    0.5      0.2164        0.2164         0.2164         0.2164         0.2164
  939    0.5      0.1775        0.1775         0.1775         0.1775         0.1775
  940    0.5      0.1013        0.1013         0.1013         0.1013         0.1013
  941    0.5      0.1087        0.1087         0.1087         0.1087         0.1087
  942    0.5      0.1127        0.1127         0.1127         0.1127         0.1127
  943    0.5      0.1327        0.1327         0.1327         0.1327         0.1327
  944    0.5      0.1471        0.1471         0.1471         0.1471         0.1471
  945    0.5      0.1599        0.1599         0.1599         0.1599         0.1599
  946    0.5      0.1719        0.1719         0.1719         0.1719         0.1719
  947    0.5      0.2013        0.2013         0.2013         0.2013         0.2013
  948    0.5      0.1780        0.1780         0.1780         0.1780         0.1780
  949    0.5      0.1071        0.1071         0.1071         0.1071         0.1071
  950    0.5      0.1193        0.1193         0.1193         0.1193         0.1193
  951    0.5      0.1485        0.1485         0.1485         0.1485         0.1485
  952    0.5      0.1640        0.1640         0.1640         0.1640         0.1640
  953    0.5      0.1903        0.1903         0.1903         0.1903         0.1903
  954    0.5      0.1927        0.1927         0.1927         0.1927         0.1927
  955    0.5      0.1584        0.1584         0.1584         0.1584         0.1584
  956    0.5      0.0940        0.0940         0.0940         0.0940         0.0940
  957    0.5      0.1121        0.1121         0.1121         0.1121         0.1121
  958    0.5      0.1306        0.1306         0.1306         0.1306         0.1306
  959    0.5      0.1558        0.1558         0.1558         0.1558         0.1558
  960    0.5      0.1669        0.1669         0.1669         0.1669         0.1669
  961    0.5      0.1834        0.1834         0.1834         0.1834         0.1834
  962    0.5      0.1926        0.1926         0.1926         0.1926         0.1926
  963    0.5      0.1391        0.1391         0.1391         0.1391         0.1391
  964    0.5      0.0946        0.0946         0.0946         0.0946         0.0946
  965    0.5      0.0977        0.0977         0.0977         0.0977         0.0977
  966    0.5      0.0983        0.0983         0.0983         0.0983         0.0983
  967    0.5      0.0902        0.0902         0.0902         0.0902         0.0902
  968    0.5      0.0974        0.0974         0.0974         0.0974         0.0974
  969    0.5      0.0987        0.0987         0.0987         0.0987         0.0987
  970    0.5      0.0983        0.0983         0.0983         0.0983         0.0983
  971    0.5      0.1041        0.1041         0.1041         0.1041         0.1041
  972    0.5      0.1467        0.1467         0.1467         0.1467         0.1467
  973    0.5      0.1256        0.1256         0.1256         0.1256         0.1256
  974    0.5      0.1632        0.1632         0.1632         0.1632         0.1632
  975    0.5      0.1602        0.1602         0.1602         0.1602         0.1602
  976    0.5      0.1552        0.1552         0.1552         0.1552         0.1552
  977    0.5      0.1789        0.1789         0.1789         0.1789         0.1789
  978    0.5      0.1225        0.1225         0.1225         0.1225         0.1225
  979    0.5      0.0877        0.0877         0.0877         0.0877         0.0877
  980    0.5      0.0816        0.0816         0.0816         0.0816         0.0816
  981    0.5      0.0899        0.0899         0.0899         0.0899         0.0899
  982    0.5      0.0835        0.0835         0.0835         0.0835         0.0835
  983    0.5      0.0850        0.0850         0.0850         0.0850         0.0850
  984    0.5      0.0836        0.0836         0.0836         0.0836         0.0836
  985    0.5      0.0856        0.0856         0.0856         0.0856         0.0856
  986    0.5      0.0832        0.0832         0.0832         0.0832         0.0832
  987    0.5      0.0876        0.0876         0.0876         0.0876         0.0876
  988    0.5      0.0848        0.0848         0.0848         0.0848         0.0848
  989    0.5      0.1070        0.1070         0.1070         0.1070         0.1070
  990    0.5      0.1270        0.1270         0.1270         0.1270         0.1270
  991    0.5      0.1260        0.1260         0.1260         0.1260         0.1260
  992    0.5      0.1447        0.1447         0.1447         0.1447         0.1447
  993    0.5      0.1511        0.1511         0.1511         0.1511         0.1511
  994    0.5      0.1594        0.1594         0.1594         0.1594         0.1594
  995    0.5      0.1783        0.1783         0.1783         0.1783         0.1783
  996    0.5      0.1257        0.1257         0.1257         0.1257         0.1257
  997    0.5      0.0926        0.0926         0.0926         0.0926         0.0926
  998    0.5      0.0763        0.0763         0.0763         0.0763         0.0763
  999    0.5      0.0786        0.0786         0.0786         0.0786         0.0786
 1000    0.5      0.0790        0.0790         0.0790         0.0790         0.0790
 1001    0.5      0.0707        0.0707         0.0707         0.0707         0.0707
 1002    0.5      0.0765        0.0765         0.0765         0.0765         0.0765
 1003    0.5      0.1226        0.1226         0.1226         0.1226         0.1226
 1004    0.5      0.0936        0.0936         0.0936         0.0936         0.0936
 1005    0.5      0.1111        0.1111         0.1111         0.1111         0.1111
 1006    0.5      0.1124        0.1124         0.1124         0.1124         0.1124
 1007    0.5      0.1108        0.1108         0.1108         0.1108         0.1108
 1008    0.5      0.1358        0.1358         0.1358         0.1358         0.1358
 1009    0.5      0.1572        0.1572         0.1572         0.1572         0.1572
 1010    0.5      0.1577        0.1577         0.1577         0.1577         0.1577
 1011    0.5      0.1503        0.1503         0.1503         0.1503         0.1503
 1012    0.5      0.1121        0.1121         0.1121         0.1121         0.1121
 1013    0.5      0.1078        0.1078         0.1078         0.1078         0.1078
 1014    0.5      0.1169        0.1169         0.1169         0.1169         0.1169
 1015    0.5      0.0931        0.0931         0.0931         0.0931         0.0931
 1016    0.5      0.0913        0.0913         0.0913         0.0913         0.0913
 1017    0.5      0.0884        0.0884         0.0884         0.0884         0.0884
 1018    0.5      0.0758        0.0758         0.0758         0.0758         0.0758
 1019    0.5      0.0887        0.0887         0.0887         0.0887         0.0887
 1020    0.5      0.0873        0.0873         0.0873         0.0873         0.0873
 1021    0.5      0.0908        0.0908         0.0908         0.0908         0.0908
 1022    0.5      0.1027        0.1027         0.1027         0.1027         0.1027
 1023    0.5      0.1358        0.1358         0.1358         0.1358         0.1358
 1024    0.5      0.1074        0.1074         0.1074         0.1074         0.1074
 1025    0.5      0.1178        0.1178         0.1178         0.1178         0.1178
 1026    0.5      0.1546        0.1546         0.1546         0.1546         0.1546
 1027    0.5      0.1519        0.1519         0.1519         0.1519         0.1519
 1028    0.5      0.1490        0.1490         0.1490         0.1490         0.1490
 1029    0.5      0.1064        0.1064         0.1064         0.1064         0.1064
 1030    0.5      0.1014        0.1014         0.1014         0.1014         0.1014
 1031    0.5      0.0944        0.0944         0.0944         0.0944         0.0944
 1032    0.5      0.1087        0.1087         0.1087         0.1087         0.1087
 1033    0.5      0.0990        0.0990         0.0990         0.0990         0.0990
 1034    0.5      0.0868        0.0868         0.0868         0.0868         0.0868
 1035    0.5      0.1048        0.1048         0.1048         0.1048         0.1048
 1036    0.5      0.1308        0.1308         0.1308         0.1308         0.1308
 1037    0.5      0.1548        0.1548         0.1548         0.1548         0.1548
 1038    0.5      0.1472        0.1472         0.1472         0.1472         0.1472
 1039    0.5      0.1586        0.1586         0.1586         0.1586         0.1586
 1040    0.5      0.1374        0.1374         0.1374         0.1374         0.1374
 1041    0.5      0.1124        0.1124         0.1124         0.1124         0.1124
 1042    0.5      0.1187        0.1187         0.1187         0.1187         0.1187
 1043    0.5      0.1103        0.1103         0.1103         0.1103         0.1103
 1044    0.5      0.1045        0.1045         0.1045         0.1045         0.1045
 1045    0.5      0.0865        0.0865         0.0865         0.0865         0.0865
 1046    0.5      0.0736        0.0736         0.0736         0.0736         0.0736
 1047    0.5      0.0913        0.0913         0.0913         0.0913         0.0913
 1048    0.5      0.1207        0.1207         0.1207         0.1207         0.1207
 1049    0.5      0.1442        0.1442         0.1442         0.1442         0.1442
 1050    0.5      0.1000        0.1000         0.1000         0.1000         0.1000
 1051    0.5      0.1201        0.1201         0.1201         0.1201         0.1201
 1052    0.5      0.1488        0.1488         0.1488         0.1488         0.1488
 1053    0.5      0.1467        0.1467         0.1467         0.1467         0.1467
 1054    0.5      0.1689        0.1689         0.1689         0.1689         0.1689
 1055    0.5      0.1090        0.1090         0.1090         0.1090         0.1090
 1056    0.5      0.1017        0.1017         0.1017         0.1017         0.1017
 1057    0.5      0.1009        0.1009         0.1009         0.1009         0.1009
 1058    0.5      0.0955        0.0955         0.0955         0.0955         0.0955
 1059    0.5      0.1127        0.1127         0.1127         0.1127         0.1127
 1060    0.5      0.1312        0.1312         0.1312         0.1312         0.1312
 1061    0.5      0.1112        0.1112         0.1112         0.1112         0.1112
 1062    0.5      0.1151        0.1151         0.1151         0.1151         0.1151
 1063    0.5      0.1079        0.1079         0.1079         0.1079         0.1079
 1064    0.5      0.1177        0.1177         0.1177         0.1177         0.1177
 1065    0.5      0.1236        0.1236         0.1236         0.1236         0.1236
 1066    0.5      0.1066        0.1066         0.1066         0.1066         0.1066
 1067    0.5      0.1468        0.1468         0.1468         0.1468         0.1468
 1068    0.5      0.1445        0.1445         0.1445         0.1445         0.1445
 1069    0.5      0.2005        0.2005         0.2005         0.2005         0.2005
 1070    0.5      0.1125        0.1125         0.1125         0.1125         0.1125
 1071    0.5      0.1128        0.1128         0.1128         0.1128         0.1128
 1072    0.5      0.1039        0.1039         0.1039         0.1039         0.1039
 1073    0.5      0.1162        0.1162         0.1162         0.1162         0.1162
 1074    0.5      0.1208        0.1208         0.1208         0.1208         0.1208
 1075    0.5      0.1279        0.1279         0.1279         0.1279         0.1279
 1076    0.5      0.0993        0.0993         0.0993         0.0993         0.0993
 1077    0.5      0.1016        0.1016         0.1016         0.1016         0.1016
 1078    0.5      0.1424        0.1424         0.1424         0.1424         0.1424
 1079    0.5      0.1022        0.1022         0.1022         0.1022         0.1022
 1080    0.5      0.1290        0.1290         0.1290         0.1290         0.1290
 1081    0.5      0.1714        0.1714         0.1714         0.1714         0.1714
 1082    0.5      0.1290        0.1290         0.1290         0.1290         0.1290
 1083    0.5      0.1278        0.1278         0.1278         0.1278         0.1278
 1084    0.5      0.1456        0.1456         0.1456         0.1456         0.1456
 1085    0.5      0.1321        0.1321         0.1321         0.1321         0.1321
 1086    0.5      0.1199        0.1199         0.1199         0.1199         0.1199
 1087    0.5      0.1081        0.1081         0.1081         0.1081         0.1081
 1088    0.5      0.1231        0.1231         0.1231         0.1231         0.1231
 1089    0.5      0.1267        0.1267         0.1267         0.1267         0.1267
 1090    0.5      0.1445        0.1445         0.1445         0.1445         0.1445
 1091    0.5      0.1535        0.1535         0.1535         0.1535         0.1535
 1092    0.5      0.1285        0.1285         0.1285         0.1285         0.1285
 1093    0.5      0.1520        0.1520         0.1520         0.1520         0.1520
 1094    0.5      0.1192        0.1192         0.1192         0.1192         0.1192
 1095    0.5      0.1157        0.1157         0.1157         0.1157         0.1157
 1096    0.5      0.1124        0.1124         0.1124         0.1124         0.1124
 1097    0.5      0.1447        0.1447         0.1447         0.1447         0.1447
 1098    0.5      0.1114        0.1114         0.1114         0.1114         0.1114
 1099    0.5      0.1009        0.1009         0.1009         0.1009         0.1009
 1100    0.5      0.1162        0.1162         0.1162         0.1162         0.1162
 1101    0.5      0.1176        0.1176         0.1176         0.1176         0.1176
 1102    0.5      0.1167        0.1167         0.1167         0.1167         0.1167
 1103    0.5      0.1193        0.1193         0.1193         0.1193         0.1193
 1104    0.5      0.1400        0.1400         0.1400         0.1400         0.1400
 1105    0.5      0.1332        0.1332         0.1332         0.1332         0.1332
 1106    0.5      0.1594        0.1594         0.1594         0.1594         0.1594
 1107    0.5      0.1992        0.1992         0.1992         0.1992         0.1992
 1108    0.5      0.2173        0.2173         0.2173         0.2173         0.2173
 1109    0.5      0.2205        0.2205         0.2205         0.2205         0.2205
 1110    0.5      0.2205        0.2205         0.2205         0.2205         0.2205
 1111    0.5      0.1827        0.1827         0.1827         0.1827         0.1827
 1112    0.5      0.1278        0.1278         0.1278         0.1278         0.1278
 1113    0.5      0.1474        0.1474         0.1474         0.1474         0.1474
 1114    0.5      0.1462        0.1462         0.1462         0.1462         0.1462
 1115    0.5      0.1395        0.1395         0.1395         0.1395         0.1395
 1116    0.5      0.1222        0.1222         0.1222         0.1222         0.1222
 1117    0.5      0.1265        0.1265         0.1265         0.1265         0.1265
 1118    0.5      0.1350        0.1350         0.1350         0.1350         0.1350
 1119    0.5      0.1268        0.1268         0.1268         0.1268         0.1268
 1120    0.5      0.1645        0.1645         0.1645         0.1645         0.1645
 1121    0.5      0.1464        0.1464         0.1464         0.1464         0.1464
 1122    0.5      0.1480        0.1480         0.1480         0.1480         0.1480
 1123    0.5      0.1428        0.1428         0.1428         0.1428         0.1428
 1124    0.5      0.1321        0.1321         0.1321         0.1321         0.1321
 1125    0.5      0.1443        0.1443         0.1443         0.1443         0.1443
 1126    0.5      0.1113        0.1113         0.1113         0.1113         0.1113
 1127    0.5      0.1346        0.1346         0.1346         0.1346         0.1346
 1128    0.5      0.1672        0.1672         0.1672         0.1672         0.1672
 1129    0.5      0.1320        0.1320         0.1320         0.1320         0.1320
 1130    0.5      0.1179        0.1179         0.1179         0.1179         0.1179
 1131    0.5      0.1201        0.1201         0.1201         0.1201         0.1201
 1132    0.5      0.1438        0.1438         0.1438         0.1438         0.1438
 1133    0.5      0.1464        0.1464         0.1464         0.1464         0.1464
 1134    0.5      0.1393        0.1393         0.1393         0.1393         0.1393
 1135    0.5      0.1384        0.1384         0.1384         0.1384         0.1384
 1136    0.5      0.2196        0.2196         0.2196         0.2196         0.2196
 1137    0.5      0.2205        0.2205         0.2205         0.2205         0.2205
 1138    0.5      0.2205        0.2205         0.2205         0.2205         0.2205
 1139    0.5      0.2205        0.2205         0.2205         0.2205         0.2205
 1140    0.5      0.2061        0.2061         0.2061         0.2061         0.2061
 1141    0.5      0.1884        0.1884         0.1884         0.1884         0.1884
 1142    0.5      0.2009        0.2009         0.2009         0.2009         0.2009
 1143    0.5      0.1962        0.1962         0.1962         0.1962         0.1962
 1144    0.5      0.1750        0.1750         0.1750         0.1750         0.1750
 1145    0.5      0.2205        0.2205         0.2205         0.2205         0.2205
 1146    0.5      0.1725        0.1725         0.1725         0.1725         0.1725
 1147    0.5      0.1430        0.1430         0.1430         0.1430         0.1430
 1148    0.5      0.1414        0.1414         0.1414         0.1414         0.1414
 1149    0.5      0.1389        0.1389         0.1389         0.1389         0.1389
 1150    0.5      0.1396        0.1396         0.1396         0.1396         0.1396
 1151    0.5      0.1280        0.1280         0.1280         0.1280         0.1280
 1152    0.5      0.1275        0.1275         0.1275         0.1275         0.1275
 1153    0.5      0.1177        0.1177         0.1177         0.1177         0.1177
 1154    0.5      0.1212        0.1212         0.1212         0.1212         0.1212
 1155    0.5      0.1226        0.1226         0.1226         0.1226         0.1226
 1156    0.5      0.1480        0.1480         0.1480         0.1480         0.1480
 1157    0.5      0.1043        0.1043         0.1043         0.1043         0.1043
 1158    0.5      0.1676        0.1676         0.1676         0.1676         0.1676
 1159    0.5      0.1312        0.1312         0.1312         0.1312         0.1312
 1160    0.5      0.1187        0.1187         0.1187         0.1187         0.1187
 1161    0.5      0.1413        0.1413         0.1413         0.1413         0.1413
 1162    0.5      0.1727        0.1727         0.1727         0.1727         0.1727
 1163    0.5      0.1993        0.1993         0.1993         0.1993         0.1993
 1164    0.5      0.1832        0.1832         0.1832         0.1832         0.1832
 1165    0.5      0.1698        0.1698         0.1698         0.1698         0.1698
 1166    0.5      0.1477        0.1477         0.1477         0.1477         0.1477
 1167    0.5      0.1341        0.1341         0.1341         0.1341         0.1341
 1168    0.5      0.1195        0.1195         0.1195         0.1195         0.1195
 1169    0.5      0.1030        0.1030         0.1030         0.1030         0.1030
 1170    0.5      0.1170        0.1170         0.1170         0.1170         0.1170
 1171    0.5      0.1294        0.1294         0.1294         0.1294         0.1294
 1172    0.5      0.1143        0.1143         0.1143         0.1143         0.1143
 1173    0.5      0.1732        0.1732         0.1732         0.1732         0.1732
 1174    0.5      0.1150        0.1150         0.1150         0.1150         0.1150
 1175    0.5      0.0899        0.0899         0.0899         0.0899         0.0899
 1176    0.5      0.1124        0.1124         0.1124         0.1124         0.1124
 1177    0.5      0.1327        0.1327         0.1327         0.1327         0.1327
 1178    0.5      0.1200        0.1200         0.1200         0.1200         0.1200
 1179    0.5      0.1678        0.1678         0.1678         0.1678         0.1678
 1180    0.5      0.1318        0.1318         0.1318         0.1318         0.1318
 1181    0.5      0.1716        0.1716         0.1716         0.1716         0.1716
 1182    0.5      0.1003        0.1003         0.1003         0.1003         0.1003
 1183    0.5      0.0929        0.0929         0.0929         0.0929         0.0929
 1184    0.5      0.1052        0.1052         0.1052         0.1052         0.1052
 1185    0.5      0.0974        0.0974         0.0974         0.0974         0.0974
 1186    0.5      0.1460        0.1460         0.1460         0.1460         0.1460
 1187    0.5      0.1775        0.1775         0.1775         0.1775         0.1775
 1188    0.5      0.1784        0.1784         0.1784         0.1784         0.1784
 1189    0.5      0.1659        0.1659         0.1659         0.1659         0.1659
 1190    0.5      0.1620        0.1620         0.1620         0.1620         0.1620
 1191    0.5      0.1488        0.1488         0.1488         0.1488         0.1488
 1192    0.5      0.1519        0.1519         0.1519         0.1519         0.1519
 1193    0.5      0.1502        0.1502         0.1502         0.1502         0.1502
 1194    0.5      0.1436        0.1436         0.1436         0.1436         0.1436
 1195    0.5      0.1721        0.1721         0.1721         0.1721         0.1721
 1196    0.5      0.1806        0.1806         0.1806         0.1806         0.1806
 1197    0.5      0.1454        0.1454         0.1454         0.1454         0.1454
 1198    0.5      0.1417        0.1417         0.1417         0.1417         0.1417
 1199    0.5      0.1734        0.1734         0.1734         0.1734         0.1734
 1200    0.5      0.1486        0.1486         0.1486         0.1486         0.1486
 1201    0.5      0.1080        0.1080         0.1080         0.1080         0.1080
 1202    0.5      0.1068        0.1068         0.1068         0.1068         0.1068
 1203    0.5      0.1056        0.1056         0.1056         0.1056         0.1056
 1204    0.5      0.1893        0.1893         0.1893         0.1893         0.1893
 1205    0.5      0.1370        0.1370         0.1370         0.1370         0.1370
 1206    0.5      0.1235        0.1235         0.1235         0.1235         0.1235
 1207    0.5      0.1106        0.1106         0.1106         0.1106         0.1106
 1208    0.5      0.0890        0.0890         0.0890         0.0890         0.0890
 1209    0.5      0.0953        0.0953         0.0953         0.0953         0.0953
 1210    0.5      0.1435        0.1435         0.1435         0.1435         0.1435
 1211    0.5      0.1829        0.1829         0.1829         0.1829         0.1829
 1212    0.5      0.1515        0.1515         0.1515         0.1515         0.1515
 1213    0.5      0.1348        0.1348         0.1348         0.1348         0.1348
 1214    0.5      0.1624        0.1624         0.1624         0.1624         0.1624
 1215    0.5      0.1818        0.1818         0.1818         0.1818         0.1818
 1216    0.5      0.1802        0.1802         0.1802         0.1802         0.1802
 1217    0.5      0.1795        0.1795         0.1795         0.1795         0.1795
 1218    0.5      0.1795        0.1795         0.1795         0.1795         0.1795
 1219    0.5      0.1685        0.1685         0.1685         0.1685         0.1685
 1220    0.5      0.1457        0.1457         0.1457         0.1457         0.1457
 1221    0.5      0.1381        0.1381         0.1381         0.1381         0.1381
 1222    0.5      0.1261        0.1261         0.1261         0.1261         0.1261
 1223    0.5      0.1046        0.1046         0.1046         0.1046         0.1046
 1224    0.5      0.1024        0.1024         0.1024         0.1024         0.1024
 1225    0.5      0.1252        0.1252         0.1252         0.1252         0.1252
 1226    0.5      0.1327        0.1327         0.1327         0.1327         0.1327
 1227    0.5      0.1424        0.1424         0.1424         0.1424         0.1424
 1228    0.5      0.1382        0.1382         0.1382         0.1382         0.1382
 1229    0.5      0.1365        0.1365         0.1365         0.1365         0.1365
 1230    0.5      0.1234        0.1234         0.1234         0.1234         0.1234
 1231    0.5      0.1642        0.1642         0.1642         0.1642         0.1642
 1232    0.5      0.1770        0.1770         0.1770         0.1770         0.1770
 1233    0.5      0.1626        0.1626         0.1626         0.1626         0.1626
 1234    0.5      0.1606        0.1606         0.1606         0.1606         0.1606
 1235    0.5      0.1425        0.1425         0.1425         0.1425         0.1425
 1236    0.5      0.1374        0.1374         0.1374         0.1374         0.1374
 1237    0.5      0.1266        0.1266         0.1266         0.1266         0.1266
 1238    0.5      0.1301        0.1301         0.1301         0.1301         0.1301
 1239    0.5      0.1155        0.1155         0.1155         0.1155         0.1155
 1240    0.5      0.1241        0.1241         0.1241         0.1241         0.1241
 1241    0.5      0.1219        0.1219         0.1219         0.1219         0.1219
 1242    0.5      0.1231        0.1231         0.1231         0.1231         0.1231
 1243    0.5      0.1423        0.1423         0.1423         0.1423         0.1423
 1244    0.5      0.1302        0.1302         0.1302         0.1302         0.1302
 1245    0.5      0.1235        0.1235         0.1235         0.1235         0.1235
 1246    0.5      0.1259        0.1259         0.1259         0.1259         0.1259
 1247    0.5      0.1539        0.1539         0.1539         0.1539         0.1539
 1248    0.5      0.1440        0.1440         0.1440         0.1440         0.1440
 1249    0.5      0.1429        0.1429         0.1429         0.1429         0.1429
 1250    0.5      0.1267        0.1267         0.1267         0.1267         0.1267
 1251    0.5      0.1219        0.1219         0.1219         0.1219         0.1219
 1252    0.5      0.1060        0.1060         0.1060         0.1060         0.1060
 1253    0.5      0.1021        0.1021         0.1021         0.1021         0.1021
 1254    0.5      0.1114        0.1114         0.1114         0.1114         0.1114
 1255    0.5      0.1237        0.1237         0.1237         0.1237         0.1237
 1256    0.5      0.1261        0.1261         0.1261         0.1261         0.1261
 1257    0.5      0.1239        0.1239         0.1239         0.1239         0.1239
 1258    0.5      0.1283        0.1283         0.1283         0.1283         0.1283
 1259    0.5      0.1143        0.1143         0.1143         0.1143         0.1143
 1260    0.5      0.1293        0.1293         0.1293         0.1293         0.1293
 1261    0.5      0.1154        0.1154         0.1154         0.1154         0.1154
 1262    0.5      0.1252        0.1252         0.1252         0.1252         0.1252
 1263    0.5      0.1237        0.1237         0.1237         0.1237         0.1237
 1264    0.5      0.1532        0.1532         0.1532         0.1532         0.1532
 1265    0.5      0.1283        0.1283         0.1283         0.1283         0.1283
 1266    0.5      0.1170        0.1170         0.1170         0.1170         0.1170
 1267    0.5      0.1288        0.1288         0.1288         0.1288         0.1288
 1268    0.5      0.1245        0.1245         0.1245         0.1245         0.1245
 1269    0.5      0.1521        0.1521         0.1521         0.1521         0.1521
 1270    0.5      0.1401        0.1401         0.1401         0.1401         0.1401
 1271    0.5      0.1306        0.1306         0.1306         0.1306         0.1306
 1272    0.5      0.0929        0.0929         0.0929         0.0929         0.0929
 1273    0.5      0.0859        0.0859         0.0859         0.0859         0.0859
 1274    0.5      0.0920        0.0920         0.0920         0.0920         0.0920
 1275    0.5      0.1114        0.1114         0.1114         0.1114         0.1114
 1276    0.5      0.1236        0.1236         0.1236         0.1236         0.1236
 1277    0.5      0.1217        0.1217         0.1217         0.1217         0.1217
 1278    0.5      0.0883        0.0883         0.0883         0.0883         0.0883
 1279    0.5      0.1116        0.1116         0.1116         0.1116         0.1116
 1280    0.5      0.1275        0.1275         0.1275         0.1275         0.1275
 1281    0.5      0.1571        0.1571         0.1571         0.1571         0.1571
 1282    0.5      0.1390        0.1390         0.1390         0.1390         0.1390
 1283    0.5      0.1335        0.1335         0.1335         0.1335         0.1335
 1284    0.5      0.1065        0.1065         0.1065         0.1065         0.1065
 1285    0.5      0.0858        0.0858         0.0858         0.0858         0.0858
 1286    0.5      0.0905        0.0905         0.0905         0.0905         0.0905
 1287    0.5      0.1008        0.1008         0.1008         0.1008         0.1008
 1288    0.5      0.1085        0.1085         0.1085         0.1085         0.1085
 1289    0.5      0.1205        0.1205         0.1205         0.1205         0.1205
 1290    0.5      0.0851        0.0851         0.0851         0.0851         0.0851
 1291    0.5      0.1255        0.1255         0.1255         0.1255         0.1255
 1292    0.5      0.1240        0.1240         0.1240         0.1240         0.1240
 1293    0.5      0.1562        0.1562         0.1562         0.1562         0.1562
 1294    0.5      0.1487        0.1487         0.1487         0.1487         0.1487
 1295    0.5      0.1371        0.1371         0.1371         0.1371         0.1371
 1296    0.5      0.1364        0.1364         0.1364         0.1364         0.1364
 1297    0.5      0.1419        0.1419         0.1419         0.1419         0.1419
 1298    0.5      0.1237        0.1237         0.1237         0.1237         0.1237
 1299    0.5      0.1048        0.1048         0.1048         0.1048         0.1048
 1300    0.5      0.1003        0.1003         0.1003         0.1003         0.1003
 1301    0.5      0.1001        0.1001         0.1001         0.1001         0.1001
 1302    0.5      0.1192        0.1192         0.1192         0.1192         0.1192
 1303    0.5      0.0790        0.0790         0.0790         0.0790         0.0790
 1304    0.5      0.0806        0.0806         0.0806         0.0806         0.0806
 1305    0.5      0.0848        0.0848         0.0848         0.0848         0.0848
 1306    0.5      0.1467        0.1467         0.1467         0.1467         0.1467
 1307    0.5      0.1421        0.1421         0.1421         0.1421         0.1421
 1308    0.5      0.1126        0.1126         0.1126         0.1126         0.1126
 1309    0.5      0.1157        0.1157         0.1157         0.1157         0.1157
 1310    0.5      0.0847        0.0847         0.0847         0.0847         0.0847
 1311    0.5      0.1072        0.1072         0.1072         0.1072         0.1072
 1312    0.5      0.1045        0.1045         0.1045         0.1045         0.1045
 1313    0.5      0.1065        0.1065         0.1065         0.1065         0.1065
 1314    0.5      0.0847        0.0847         0.0847         0.0847         0.0847
 1315    0.5      0.0841        0.0841         0.0841         0.0841         0.0841
 1316    0.5      0.0877        0.0877         0.0877         0.0877         0.0877
 1317    0.5      0.0883        0.0883         0.0883         0.0883         0.0883
 1318    0.5      0.1332        0.1332         0.1332         0.1332         0.1332
 1319    0.5      0.1404        0.1404         0.1404         0.1404         0.1404
 1320    0.5      0.1080        0.1080         0.1080         0.1080         0.1080
 1321    0.5      0.0750        0.0750         0.0750         0.0750         0.0750
 1322    0.5      0.0693        0.0693         0.0693         0.0693         0.0693
 1323    0.5      0.0771        0.0771         0.0771         0.0771         0.0771
 1324    0.5      0.0871        0.0871         0.0871         0.0871         0.0871
 1325    0.5      0.1115        0.1115         0.1115         0.1115         0.1115
 1326    0.5      0.1147        0.1147         0.1147         0.1147         0.1147
 1327    0.5      0.1103        0.1103         0.1103         0.1103         0.1103
 1328    0.5      0.0764        0.0764         0.0764         0.0764         0.0764
 1329    0.5      0.1087        0.1087         0.1087         0.1087         0.1087
 1330    0.5      0.1047        0.1047         0.1047         0.1047         0.1047
 1331    0.5      0.0928        0.0928         0.0928         0.0928         0.0928
 1332    0.5      0.0738        0.0738         0.0738         0.0738         0.0738
 1333    0.5      0.0817        0.0817         0.0817         0.0817         0.0817
 1334    0.5      0.0855        0.0855         0.0855         0.0855         0.0855
 1335    0.5      0.1202        0.1202         0.1202         0.1202         0.1202
 1336    0.5      0.1149        0.1149         0.1149         0.1149         0.1149
 1337    0.5      0.0747        0.0747         0.0747         0.0747         0.0747
 1338    0.5      0.0869        0.0869         0.0869         0.0869         0.0869
 1339    0.5      0.0871        0.0871         0.0871         0.0871         0.0871
 1340    0.5      0.0761        0.0761         0.0761         0.0761         0.0761
 1341    0.5      0.0889        0.0889         0.0889         0.0889         0.0889
 1342    0.5      0.1359        0.1359         0.1359         0.1359         0.1359
 1343    0.5      0.1168        0.1168         0.1168         0.1168         0.1168
 1344    0.5      0.1090        0.1090         0.1090         0.1090         0.1090
 1345    0.5      0.0944        0.0944         0.0944         0.0944         0.0944
 1346    0.5      0.0872        0.0872         0.0872         0.0872         0.0872
 1347    0.5      0.0917        0.0917         0.0917         0.0917         0.0917
 1348    0.5      0.0865        0.0865         0.0865         0.0865         0.0865
 1349    0.5      0.0856        0.0856         0.0856         0.0856         0.0856
 1350    0.5      0.0864        0.0864         0.0864         0.0864         0.0864
 1351    0.5      0.0868        0.0868         0.0868         0.0868         0.0868
 1352    0.5      0.1932        0.1932         0.1932         0.1932         0.1932
 1353    0.5      0.1476        0.1476         0.1476         0.1476         0.1476
 1354    0.5      0.1253        0.1253         0.1253         0.1253         0.1253
 1355    0.5      0.0854        0.0854         0.0854         0.0854         0.0854
 1356    0.5      0.0963        0.0963         0.0963         0.0963         0.0963
 1357    0.5      0.1175        0.1175         0.1175         0.1175         0.1175
 1358    0.5      0.0871        0.0871         0.0871         0.0871         0.0871
 1359    0.5      0.0761        0.0761         0.0761         0.0761         0.0761
 1360    0.5      0.0686        0.0686         0.0686         0.0686         0.0686
 1361    0.5      0.0864        0.0864         0.0864         0.0864         0.0864
 1362    0.5      0.1074        0.1074         0.1074         0.1074         0.1074
 1363    0.5      0.1478        0.1478         0.1478         0.1478         0.1478
 1364    0.5      0.1641        0.1641         0.1641         0.1641         0.1641
 1365    0.5      0.1681        0.1681         0.1681         0.1681         0.1681
 1366    0.5      0.1611        0.1611         0.1611         0.1611         0.1611
 1367    0.5      0.1323        0.1323         0.1323         0.1323         0.1323
 1368    0.5      0.1072        0.1072         0.1072         0.1072         0.1072
 1369    0.5      0.0831        0.0831         0.0831         0.0831         0.0831
 1370    0.5      0.0882        0.0882         0.0882         0.0882         0.0882
 1371    0.5      0.0727        0.0727         0.0727         0.0727         0.0727
 1372    0.5      0.0658        0.0658         0.0658         0.0658         0.0658
 1373    0.5      0.0892        0.0892         0.0892         0.0892         0.0892
 1374    0.5      0.1205        0.1205         0.1205         0.1205         0.1205
 1375    0.5      0.1219        0.1219         0.1219         0.1219         0.1219
 1376    0.5      0.0756        0.0756         0.0756         0.0756         0.0756
 1377    0.5      0.0741        0.0741         0.0741         0.0741         0.0741
 1378    0.5      0.0761        0.0761         0.0761         0.0761         0.0761
 1379    0.5      0.0747        0.0747         0.0747         0.0747         0.0747
 1380    0.5      0.1098        0.1098         0.1098         0.1098         0.1098
 1381    0.5      0.1051        0.1051         0.1051         0.1051         0.1051
 1382    0.5      0.0888        0.0888         0.0888         0.0888         0.0888
 1383    0.5      0.0707        0.0707         0.0707         0.0707         0.0707
 1384    0.5      0.0938        0.0938         0.0938         0.0938         0.0938
 1385    0.5      0.0792        0.0792         0.0792         0.0792         0.0792
 1386    0.5      0.0806        0.0806         0.0806         0.0806         0.0806
 1387    0.5      0.0780        0.0780         0.0780         0.0780         0.0780
 1388    0.5      0.0916        0.0916         0.0916         0.0916         0.0916
 1389    0.5      0.0965        0.0965         0.0965         0.0965         0.0965
 1390    0.5      0.0727        0.0727         0.0727         0.0727         0.0727
 1391    0.5      0.0818        0.0818         0.0818         0.0818         0.0818
 1392    0.5      0.0880        0.0880         0.0880         0.0880         0.0880
