C*******************************************************************************
C
C                  INTEGRATED WATER FLOW MODEL (IWFM)
C
C*******************************************************************************
C
C                           STRATIGRAPHY FILE
C                         Discretization Component
C                           *** Version 4.0 ***
C
C
C             Project:  C2VSim Coarse Grid (C2VSimCG)
C                       California Central Valley Groundwater-Surface Water Simulation Model
C             Filename: C2VSimCG_Stratigraphy.dat
C             Version:  C2VSimCG v2025 
C
C*******************************************************************************
C
C  California Central Valley Groundwater-Surface Water Flow Model - Coarse Grid (C2VSimCG)
C  Copyright (C) 2003-2025
C  State of California, Department of Water Resources 
C
C  This model is free: you can redistribute it and/or modify it 
C  under the terms of the GNU General Public License as published 
C  by the Free Software Foundation, either version 3 of the License, 
C  or (at your option) any later version.
C
C  This model is distributed in the hope that it will be useful, but  
C  WITHOUT ANY WARRANTY; without even the implied warranty of MERCHANTABILITY
C  or FITNESS FOR A PARTICULAR PURPOSE. See the GNU General Public 
C  License for more details.
C
C  You should have received a copy of the GNU General Public License 
C  along with this model. If not, see (https://www.gnu.org/licenses/).
C
C  For technical support, e-mail: IWFMtechsupport@water.ca.gov 
C
C*******************************************************************************
C                          File Description
C
C   This data file contains:
C   *the ground surface elevation, 
C   *the number of aquifer layers to be modeled, and
C   *the thickness of each aquifer and corresponding confining layer (if any)
C   at each groundwater node within the model domain.
C
C*******************************************************************************
C                   Stratigraphy Specification Data
C
C   NL;    Number of layers to be modeled
C   FACT;  Conversion factor for elevations and thicknesses in the 
C          stratigraphic data 
C-------------------------------------------------------------------------------
C   VALUE                         DESCRIPTION
C-------------------------------------------------------------------------------
    4                             /NL
    1.0                           /FACT
C-------------------------------------------------------------------------------
C*******************************************************************************
C                         Stratigraphy Data
C
C  *The stratigraphy data represents the geology that deals with the origin, 
C   composition, distribution and succession of groundwater layers.
C
C  *Each groundwater layer is specified as an aquifer and aquiclude or aquitard. 
C   If there is no aquiclude or aquitard within the layer, specify a thickness
C   of zero
C
C  *The stratigraphy data includes the ground surface elevation, as well as the 
C   thickness of the aquifer, aquitard, or aquiclude at each groundwater node
C
C   ID;      Groundwater node
C   ELV;     Ground surface elevation with respect to a common datum; [L]
C   W(1);    Thickness of aquiclude in Layer 1; [L]
C   W(2);    Thickness of aquifer in Layer 1; [L]
C   W(3);    Thickness of aquiclude in Layer 2; [L]
C   W(4);    Thickness of aquifer in Layer 2; [L]
C   W(5);    Thickness of aquiclude in Layer 3; [L]
C   W(6);    Thickness of aquifer in Layer 3; [L]
C
C-------------------------------------------------------------------------------------------------
C    Node  Elevation   ---Layer #1---      ---Layer #2---      ---Layer #3---      ---Layer #4---
C     ID    ELV        W(1)      W(2)      W(3)      W(4)      W(5)      W(6)      W(7)      W(8)
C-------------------------------------------------------------------------------------------------
      1    576.95      0.00    113.69      0.00    106.37      0.00    152.80      0.00     50.00
      2    683.75      0.00    176.92      0.00    119.59      0.00    116.60      0.00     50.00
      3    712.80      0.00    190.84      0.00    121.52      0.00    101.99      0.00     50.00
      4    730.10      0.00    198.56      0.00    124.74      0.00    112.17      0.00     50.00
      5    462.64      0.00    102.67      0.00    131.62      0.00    112.44      0.00     50.00
      6    588.58      0.00    185.60      0.00    145.64      0.00    143.84      0.00     50.00
      7    706.04      0.00    238.07      0.00    131.87      0.00    131.97      0.00     50.00
      8    608.89      0.00    208.19      0.00    109.21      0.00    104.70      0.00     50.00
      9    455.65      0.00    137.99      0.00    140.36      0.00    139.03      0.00     50.00
     10    554.18      0.00    254.10      0.00    177.13      0.00    164.06      0.00     50.00
     11    459.63      0.00    144.82      0.00    145.34      0.00    143.31      0.00     50.00
     12    854.02      0.00    324.77      0.00    167.95      0.00    142.30      0.00     50.00
     13   1056.00      0.00    539.91      0.00     96.21      0.00     90.84      0.00     50.00
     14    795.24      0.00    364.16      0.00    102.94      0.00    109.73      0.00     50.00
     15    416.54      0.00    152.08      0.00    175.60      0.00    182.19      0.00     50.00
     16    495.64      0.00    285.28      0.00    227.77      0.00    127.61      0.00     66.28
     17    498.63      0.00    244.08      0.00    243.84      0.00    101.42      0.00     90.16
     18    779.48      0.00    441.20      0.00    162.46      0.00    160.81      0.00     50.00
     19    897.42      0.00    256.04      0.00    103.46      0.00    141.81      0.00     50.00
     20    817.60      0.00    340.33      0.00    140.68      0.00    139.97      0.00     50.00
     21    595.46      0.00    288.33      0.00    194.75      0.00    188.47      0.00     50.82
     22    402.54      0.00    397.35      0.00    155.75      0.00     50.00      0.00    584.93
     23    458.57      0.00    369.35      0.00    178.93      0.00     50.00      0.00    314.52
     24    634.43      0.00    444.05      0.00    187.86      0.00    182.04      0.00     50.00
     25    623.23      0.00    184.03      0.00    124.53      0.00    116.72      0.00     50.00
     26    622.58      0.00    235.60      0.00    164.25      0.00    169.38      0.00     50.00
     27    668.04      0.00    526.51      0.00    314.42      0.00     65.27      0.00    391.70
     28    586.55      0.00    728.09      0.00     65.28      0.00     50.00      0.00   1381.88
     29    372.31      0.00    373.77      0.00    326.92      0.00    216.06      0.00     50.00
     30    588.60      0.00    417.55      0.00    222.01      0.00    228.33      0.00     50.00
     31    617.80      0.00    335.88      0.00     99.89      0.00    120.24      0.00     50.00
     32    731.76      0.00    258.56      0.00    133.87      0.00    129.41      0.00     50.00
     33    713.59      0.00    217.79      0.00    149.69      0.00    185.29      0.00     50.00
     34    522.00      0.00    261.66      0.00    208.77      0.00    253.99      0.00     50.00
     35    436.42      0.00    380.60      0.00    374.34      0.00     94.45      0.00    671.61
     36    407.65      0.00    710.96      0.00    589.29      0.00     60.22      0.00    729.42
     37    342.46      0.00    489.67      0.00    457.67      0.00    129.05      0.00     50.00
     38    832.78      0.00    643.32      0.00    179.09      0.00    166.06      0.00     50.00
     39   1275.08      0.00    546.36      0.00     86.41      0.00    102.86      0.00     50.00
     40    868.47      0.00    328.63      0.00    105.85      0.00    125.88      0.00     50.00
     41    576.60      0.00    218.54      0.00    151.62      0.00    329.83      0.00     50.00
     42    575.76      0.00    260.32      0.00    231.09      0.00    440.58      0.00     50.00
     43    511.26      0.00    358.61      0.00    295.12      0.00    495.29      0.00    635.88
     44    649.06      0.00    809.55      0.00    567.25      0.00    585.84      0.00    283.27
     45    347.42      0.00    630.15      0.00    145.11      0.00     50.00      0.00     50.00
     46    879.97      0.00    713.15      0.00    266.71      0.00     83.12      0.00     50.77
     47    836.30      0.00    700.89      0.00    170.85      0.00    168.03      0.00     50.00
     48    743.33      0.00    311.51      0.00    105.64      0.00    113.69      0.00     50.00
     49    773.33      0.00    200.75      0.00    129.60      0.00    127.26      0.00     50.00
     50   1240.66      0.00    570.36      0.00    116.39      0.00    112.61      0.00     50.00
     51    831.34      0.00    156.84      0.00    133.96      0.00    110.90      0.00     50.00
     52    831.70      0.00    375.80      0.00    147.20      0.00    916.46      0.00     50.00
     53    728.39      0.00    389.55      0.00    218.16      0.00   1221.69      0.00     50.04
     54    645.93      0.00    482.36      0.00    313.76      0.00    826.00      0.00    603.51
     55    329.48      0.00    499.39      0.00    492.05      0.00     50.00      0.00    416.26
     56    477.48      0.00    519.86      0.00    157.21      0.00     50.00      0.00     50.00
     57    840.80      0.00    504.53      0.00    115.54      0.00    150.99      0.00     50.00
     58    922.19      0.00    348.05      0.00    147.94      0.00    305.90      0.00     62.68
     59    661.53      0.00    241.54      0.00    176.68      0.00   1281.01      0.00     50.00
     60    625.68      0.00    342.03      0.00    217.16      0.00   1204.58      0.00     67.70
     61    595.31      0.00    422.95      0.00    316.73      0.00    809.34      0.00    530.34
     62   1013.41      0.00    420.24      0.00    123.65      0.00    265.66      0.00     50.00
     63    746.09      0.00    292.95      0.00    144.83      0.00    712.11      0.00     50.00
     64    745.12      0.00    241.54      0.00    176.68      0.00   1281.01      0.00     50.00
     65    584.51      0.00    307.78      0.00    219.66      0.00   1272.84      0.00     50.10
     66    530.26      0.00    345.73      0.00    316.77      0.00    952.31      0.00    292.30
     67    327.46      0.00    495.18      0.00    434.24      0.00     50.00      0.00    266.22
     68    261.70      0.00    577.27      0.00    383.65      0.00     53.32      0.00    726.51
     69    639.77      0.00    287.62      0.00    176.07      0.00   1005.60      0.00     50.00
     70    615.77      0.00    321.99      0.00    218.18      0.00   1444.77      0.00     50.00
     71    399.50      0.00    293.52      0.00    261.73      0.00   1691.37      0.00     55.91
     72    292.43      0.00    277.31      0.00    381.44      0.00   1338.50      0.00    409.22
     73    327.16      0.00    393.41      0.00    396.08      0.00    727.41      0.00    894.21
     74    883.39      0.00    413.61      0.00     58.43      0.00     70.88      0.00     50.00
     75    564.20      0.00    330.08      0.00    178.59      0.00    670.74      0.00     50.00
     76    535.11      0.00    367.77      0.00    214.75      0.00   1115.21      0.00     84.15
     77    432.47      0.00    362.49      0.00    243.27      0.00   1837.84      0.00     59.89
     78    302.42      0.00    313.80      0.00    314.33      0.00   1711.84      0.00     50.00
     79    230.89      0.00    344.28      0.00    322.47      0.00    937.38      0.00    133.65
     80    336.41      0.00    476.83      0.00    316.58      0.00    592.66      0.00     50.11
     81    977.24      0.00    414.51      0.00     50.17      0.00     50.08      0.00     50.00
     82    604.84      0.00    294.37      0.00    111.00      0.00    458.17      0.00     50.00
     83    524.80      0.00    313.03      0.00    178.60      0.00    675.22      0.00     50.00
     84    381.42      0.00    312.07      0.00    284.82      0.00   1571.21      0.00     50.00
     85    279.45      0.00    343.64      0.00    340.02      0.00   1085.61      0.00    580.69
     86    197.41      0.00    372.24      0.00    306.91      0.00   1069.15      0.00    446.29
     87    355.37      0.00    496.85      0.00    306.50      0.00    939.34      0.00    395.80
     88    462.41      0.00    659.90      0.00    291.50      0.00    331.19      0.00     57.70
     89    776.40      0.00    263.94      0.00     50.00      0.00     50.00      0.00     50.00
     90    602.50      0.00    332.26      0.00    132.70      0.00    110.10      0.00    262.20
     91    462.47      0.00    341.01      0.00    218.18      0.00    676.10      0.00     50.00
     92    370.68      0.00    345.85      0.00    343.86      0.00   1084.97      0.00    353.68
     93    265.09      0.00    339.22      0.00    384.70      0.00    992.37      0.00     79.00
     94    203.22      0.00    346.00      0.00    312.49      0.00    864.49      0.00    261.09
     95    306.23      0.00    432.53      0.00    292.02      0.00    849.89      0.00    245.78
     96    457.25      0.00    609.38      0.00    283.61      0.00    314.44      0.00     50.00
     97    393.24      0.00    384.24      0.00    325.09      0.00    935.85      0.00    648.77
     98    283.40      0.00    315.24      0.00    310.37      0.00   1259.47      0.00    135.43
     99    178.45      0.00    269.99      0.00    266.84      0.00    661.65      0.00    738.32
    100    257.46      0.00    410.28      0.00    273.32      0.00    801.16      0.00    312.89
    101    542.40      0.00    277.52      0.00     70.66      0.00     58.84      0.00    600.57
    102    511.11      0.00    340.67      0.00    237.41      0.00    585.72      0.00    148.76
    103    386.72      0.00    352.82      0.00    293.01      0.00   1235.03      0.00    246.93
    104    270.03      0.00    291.69      0.00    257.22      0.00   1179.17      0.00    129.92
    105    168.33      0.00    259.93      0.00    237.58      0.00    761.41      0.00    727.89
    106    227.55      0.00    328.76      0.00    245.23      0.00    840.64      0.00    569.38
    107    390.35      0.00    509.38      0.00    276.86      0.00    349.43      0.00     94.66
    108    690.25      0.00    223.31      0.00     50.00      0.00     50.00      0.00     50.00
    109    646.82      0.00    391.47      0.00     51.03      0.00     50.00      0.00    288.03
    110    494.57      0.00    380.94      0.00    211.02      0.00    306.08      0.00     86.23
    111    362.01      0.00    280.27      0.00    249.26      0.00   1418.14      0.00     50.66
    112    227.47      0.00    285.13      0.00    260.26      0.00   1087.23      0.00     88.05
    113    157.47      0.00    301.57      0.00    283.88      0.00    802.48      0.00    516.05
    114    192.35      0.00    346.68      0.00    305.61      0.00    707.30      0.00    700.53
    115    420.39      0.00    607.91      0.00    303.81      0.00    131.21      0.00    576.95
    116    147.36      0.00    378.82      0.00    361.48      0.00    494.44      0.00    798.64
    117    190.69      0.00    430.74      0.00    380.90      0.00    347.56      0.00    770.65
    118    408.53      0.00    647.02      0.00    279.64      0.00     54.70      0.00    341.40
    119    153.21      0.00    453.10      0.00    389.07      0.00    420.55      0.00    521.47
    120    172.36      0.00    460.39      0.00    393.88      0.00    246.92      0.00    563.14
    121    322.40      0.00    578.74      0.00    183.39      0.00     50.00      0.00    171.02
    122    813.21      0.00    362.36      0.00     50.00      0.00     50.00      0.00     50.00
    123    675.07      0.00    435.21      0.00     50.03      0.00    129.16      0.00     50.00
    124    471.05      0.00    320.92      0.00    135.76      0.00    303.19      0.00     50.00
    125    333.03      0.00    235.26      0.00    200.85      0.00   1119.80      0.00     50.00
    126    249.33      0.00    304.19      0.00    324.10      0.00    996.85      0.00     89.22
    127    187.40      0.00    345.23      0.00    343.66      0.00    817.58      0.00    398.55
    128    153.40      0.00    324.67      0.00    281.59      0.00    713.30      0.00    551.34
    129    127.50      0.00    363.19      0.00    311.73      0.00    721.01      0.00    520.77
    130    151.36      0.00    439.48      0.00    362.20      0.00    545.98      0.00    452.44
    131    196.33      0.00    480.45      0.00    356.32      0.00    282.32      0.00    364.86
    132    313.40      0.00    539.88      0.00    105.67      0.00     50.00      0.00    117.25
    133    851.14      0.00    490.39      0.00     50.00      0.00     50.00      0.00     50.00
    134    475.61      0.00    325.54      0.00     50.00      0.00    283.16      0.00     50.00
    135    756.08      0.00    424.24      0.00     59.52      0.00    463.22      0.00     50.00
    136    217.42      0.00    298.47      0.00    387.93      0.00    977.93      0.00    109.11
    137    237.70      0.00    339.18      0.00    410.22      0.00    685.51      0.00     89.61
    138    182.40      0.00    340.47      0.00    361.62      0.00    625.32      0.00    470.25
    139    136.40      0.00    289.18      0.00    237.16      0.00    801.04      0.00    469.72
    140    124.60      0.00    339.38      0.00    290.32      0.00    780.18      0.00    546.08
    141    133.36      0.00    402.59      0.00    330.06      0.00    686.39      0.00    456.30
    142    165.33      0.00    453.09      0.00    319.01      0.00    323.41      0.00    585.12
    143    227.35      0.00    493.56      0.00    278.75      0.00     50.00      0.00    303.10
    144    113.34      0.00    305.15      0.00    269.51      0.00    812.28      0.00    491.49
    145    116.36      0.00    361.94      0.00    331.16      0.00    629.07      0.00    362.28
    146    135.32      0.00    415.92      0.00    374.09      0.00    459.37      0.00    318.93
    147    137.34      0.00    448.83      0.00    409.93      0.00     56.87      0.00    268.06
    148    192.98      0.00    411.27      0.00     74.54      0.00     50.00      0.00     50.00
    149    151.71      0.00    396.92      0.00    241.71      0.00     50.00      0.00     50.00
    150    336.98      0.00    179.91      0.00     50.00      0.00     50.00      0.00     50.00
    151    185.85      0.00    318.51      0.00     99.44      0.00     50.00      0.00     50.00
    152    399.69      0.00    149.31      0.00     50.04      0.00     50.00      0.00     51.88
    153    182.31      0.00    360.05      0.00    314.05      0.00    675.03      0.00    599.48
    154    129.40      0.00    279.14      0.00    211.81      0.00    749.57      0.00    361.02
    155     92.37      0.00    248.98      0.00    215.95      0.00    881.31      0.00    413.28
    156    107.37      0.00    322.67      0.00    325.01      0.00    740.24      0.00    123.00
    157    113.34      0.00    389.52      0.00    418.17      0.00    410.54      0.00     88.87
    158    118.34      0.00    387.47      0.00    353.24      0.00    433.19      0.00     57.59
    159    117.47      0.00    343.93      0.00    237.63      0.00    298.78      0.00     50.00
    160    172.32      0.00    290.52      0.00    197.78      0.00    194.21      0.00     50.09
    161    131.40      0.00    186.88      0.00     52.40      0.00     50.00      0.00    116.52
    162    162.47      0.00     50.83      0.00     50.00      0.00     50.00      0.00     50.00
    163    303.39      0.00    147.35      0.00     50.00      0.00     50.00      0.00     50.00
    164    187.30      0.00     50.00      0.00     50.00      0.00     50.00      0.00     50.00
    165    922.34      0.00    762.97      0.00     50.00      0.00    169.61      0.00     50.00
    166    387.62      0.00    376.69      0.00     50.95      0.00    482.12      0.00     50.00
    167    242.10      0.00    263.71      0.00    259.60      0.00    582.77      0.00    286.29
    168    154.44      0.00    360.31      0.00    289.84      0.00    751.13      0.00    516.13
    169    130.24      0.00    371.61      0.00    288.82      0.00    732.56      0.00     55.32
    170    106.34      0.00    280.58      0.00    213.13      0.00    891.72      0.00    143.54
    171    102.37      0.00    240.01      0.00    205.89      0.00    887.02      0.00    108.54
    172    105.37      0.00    290.61      0.00    305.87      0.00    672.02      0.00     63.12
    173     98.20      0.00    295.02      0.00    348.92      0.00    669.30      0.00    150.43
    174     96.85      0.00    322.70      0.00    319.67      0.00    635.67      0.00    190.54
    175    103.30      0.00    326.88      0.00    271.06      0.00    610.39      0.00     94.53
    176    139.30      0.00    323.44      0.00    261.97      0.00    552.27      0.00     97.85
    177    102.33      0.00    234.19      0.00    238.32      0.00     88.29      0.00    150.83
    178    153.57      0.00     50.53      0.00     50.00      0.00     50.00      0.00     50.00
    179   1073.19      0.00    870.28      0.00     50.15      0.00    264.64      0.00     62.81
    180    486.02      0.00    484.63      0.00     50.00      0.00    342.31      0.00     50.00
    181    292.81      0.00    373.70      0.00     93.14      0.00    496.02      0.00     50.00
    182    162.53      0.00    313.83      0.00    217.19      0.00    534.20      0.00     50.00
    183    128.44      0.00    298.45      0.00    289.64      0.00    770.69      0.00     50.00
    184    111.44      0.00    312.34      0.00    266.80      0.00    930.10      0.00     50.00
    185     92.40      0.00    252.76      0.00    190.37      0.00   1148.46      0.00    114.05
    186     93.43      0.00    258.22      0.00    203.01      0.00    924.84      0.00    280.41
    187     82.38      0.00    303.35      0.00    277.76      0.00    703.10      0.00    214.08
    188     82.34      0.00    311.22      0.00    296.91      0.00    797.19      0.00     79.46
    189     83.34      0.00    294.89      0.00    283.78      0.00    708.22      0.00    200.26
    190     89.30      0.00    293.18      0.00    282.64      0.00    666.37      0.00    349.96
    191     97.30      0.00    274.94      0.00    278.67      0.00    379.87      0.00    526.91
    192    101.29      0.00    233.02      0.00    269.60      0.00    152.07      0.00    247.53
    193    143.11      0.00     50.64      0.00     50.00      0.00     50.00      0.00     50.00
    194    466.72      0.00    462.81      0.00     57.17      0.00    444.15      0.00     50.00
    195    362.72      0.00    375.29      0.00    142.61      0.00    389.75      0.00     54.87
    196    276.62      0.00    343.38      0.00    175.19      0.00    368.39      0.00     55.21
    197    210.53      0.00    350.87      0.00    138.54      0.00    252.96      0.00     77.42
    198    127.44      0.00    272.53      0.00    259.16      0.00    676.96      0.00     50.00
    199    102.61      0.00    273.26      0.00    280.00      0.00    801.16      0.00    101.11
    200     91.44      0.00    254.06      0.00    239.03      0.00   1121.96      0.00    160.75
    201     83.40      0.00    205.92      0.00    173.59      0.00   1288.80      0.00    463.26
    202     82.25      0.00    278.79      0.00    222.09      0.00    913.33      0.00    690.94
    203     72.38      0.00    316.86      0.00    276.65      0.00    746.25      0.00    539.13
    204     67.38      0.00    316.96      0.00    292.66      0.00    618.40      0.00    247.41
    205     71.38      0.00    297.14      0.00    291.43      0.00    628.66      0.00    264.79
    206     82.30      0.00    292.15      0.00    289.22      0.00    592.22      0.00    428.02
    207     92.18      0.00    284.03      0.00    264.04      0.00    410.67      0.00    190.79
    208     82.33      0.00    277.55      0.00    253.51      0.00    226.26      0.00     50.00
    209    100.23      0.00    267.86      0.00    101.52      0.00     50.00      0.00     50.00
    210    283.47      0.00    319.46      0.00    158.10      0.00    206.37      0.00     73.52
    211    119.43      0.00    258.82      0.00    221.30      0.00    420.75      0.00     50.00
    212     91.44      0.00    268.62      0.00    281.79      0.00    825.40      0.00    145.95
    213     78.44      0.00    259.11      0.00    273.07      0.00   1030.35      0.00    215.38
    214     73.40      0.00    238.68      0.00    239.30      0.00   1105.01      0.00    318.85
    215    277.61      0.00    305.34      0.00     99.78      0.00     83.32      0.00    110.77
    216    111.93      0.00    258.86      0.00    230.13      0.00    342.33      0.00     50.00
    217     86.68      0.00    270.28      0.00    279.43      0.00    859.11      0.00     60.70
    218     74.76      0.00    266.30      0.00    289.66      0.00    925.29      0.00     90.21
    219     66.97      0.00    278.33      0.00    296.68      0.00    989.11      0.00     50.00
    220     62.42      0.00    283.63      0.00    295.34      0.00    983.30      0.00     58.20
    221     78.10      0.00    300.67      0.00    289.66      0.00    918.50      0.00    377.59
    222     63.64      0.00    298.17      0.00    292.29      0.00    555.28      0.00    632.34
    223     65.85      0.00    309.25      0.00    295.12      0.00    692.72      0.00    190.73
    224     66.64      0.00    296.47      0.00    298.73      0.00    680.91      0.00    196.98
    225     77.47      0.00    319.57      0.00    307.77      0.00    507.44      0.00    327.97
    226    199.15      0.00    273.82      0.00     63.56      0.00     50.00      0.00    111.38
    227    127.63      0.00    274.22      0.00    215.60      0.00    161.48      0.00     50.00
    228     78.68      0.00    283.14      0.00    291.88      0.00    723.50      0.00     50.00
    229     62.38      0.00    319.31      0.00    329.23      0.00    697.68      0.00    216.23
    230     72.22      0.00    339.14      0.00    325.70      0.00    436.58      0.00    378.28
    231     80.70      0.00    319.13      0.00    275.43      0.00    332.17      0.00    252.78
    232     72.47      0.00    297.05      0.00    239.25      0.00    137.12      0.00    105.65
    233     89.21      0.00    287.21      0.00    184.57      0.00     74.66      0.00     50.00
    234    131.57      0.00     66.03      0.00     50.00      0.00     50.00      0.00     50.00
    235    250.98      0.00    229.33      0.00     74.78      0.00     50.00      0.00     52.57
    236    123.20      0.00    271.73      0.00    194.47      0.00    243.83      0.00     50.00
    237     77.16      0.00    323.79      0.00    248.88      0.00    670.80      0.00     50.00
    238     57.72      0.00    320.83      0.00    278.79      0.00    954.23      0.00     92.44
    239     60.46      0.00    340.20      0.00    296.46      0.00   1190.14      0.00     50.00
    240     57.34      0.00    332.69      0.00    309.68      0.00    498.35      0.00    428.21
    241     53.91      0.00    305.02      0.00    309.42      0.00    263.81      0.00    663.20
    242     62.88      0.00    308.75      0.00    317.47      0.00    481.95      0.00    528.45
    243     65.66      0.00    335.12      0.00    345.46      0.00    531.16      0.00    382.54
    244    216.83      0.00    533.27      0.00    338.39      0.00    189.43      0.00    118.57
    245     66.93      0.00    357.70      0.00    295.14      0.00    471.14      0.00    238.36
    246     57.07      0.00    339.45      0.00    176.79      0.00     50.00      0.00    471.92
    247     76.75      0.00    286.60      0.00    183.64      0.00    112.08      0.00     53.60
    248    118.49      0.00     93.64      0.00     50.00      0.00     50.00      0.00     50.00
    249    167.16      0.00    272.93      0.00    129.18      0.00     65.59      0.00     50.00
    250    114.38      0.00    290.63      0.00    219.05      0.00    449.48      0.00     50.00
    251     72.79      0.00    337.59      0.00    254.67      0.00    778.33      0.00     50.00
    252     58.30      0.00    349.01      0.00    260.54      0.00    942.89      0.00    179.16
    253     52.35      0.00    336.59      0.00    307.27      0.00   1074.09      0.00     60.38
    254     55.15      0.00    318.00      0.00    343.10      0.00    183.25      0.00    174.79
    255     59.68      0.00    262.10      0.00     50.46      0.00     50.00      0.00    664.44
    256    102.87      0.00    350.11      0.00    352.14      0.00    385.73      0.00    191.51
    257    245.16      0.00    170.13      0.00     50.00      0.00     50.00      0.00    270.42
    258    114.41      0.00    349.79      0.00    277.99      0.00    172.08      0.00    278.67
    259     67.91      0.00    321.26      0.00    361.02      0.00    918.29      0.00    126.68
    260     47.44      0.00    287.82      0.00    398.33      0.00   1147.34      0.00     50.00
    261     46.04      0.00    281.94      0.00    395.37      0.00   1158.82      0.00     50.00
    262     50.96      0.00    299.18      0.00    300.97      0.00    193.41      0.00    138.75
    263     49.26      0.00    332.88      0.00    347.73      0.00    699.01      0.00    103.49
    264    352.84      0.00    281.67      0.00     73.20      0.00     58.95      0.00    287.72
    265    272.95      0.00    371.62      0.00    208.12      0.00    177.08      0.00    239.82
    266    104.95      0.00    339.14      0.00    355.85      0.00    767.51      0.00    183.74
    267     63.87      0.00    266.51      0.00    412.57      0.00    577.54      0.00    363.45
    268     42.45      0.00    263.36      0.00    364.96      0.00   1144.34      0.00    316.44
    269     54.40      0.00    298.26      0.00    324.63      0.00   1012.42      0.00     67.79
    270     49.57      0.00    336.19      0.00    313.85      0.00    520.67      0.00    639.92
    271     61.01      0.00    385.57      0.00    297.90      0.00    742.07      0.00     50.00
    272    647.80      0.00    691.27      0.00     52.82      0.00     53.69      0.00    270.98
    273    374.59      0.00    543.09      0.00    181.40      0.00    160.34      0.00     53.33
    274    148.68      0.00    323.01      0.00    309.99      0.00   1302.17      0.00    241.05
    275     40.26      0.00    279.72      0.00    323.16      0.00    899.58      0.00    706.34
    276     42.40      0.00    330.16      0.00    330.23      0.00    890.29      0.00    696.44
    277     45.72      0.00    353.90      0.00    329.50      0.00    719.08      0.00   1031.42
    278     37.73      0.00    312.61      0.00    288.30      0.00    939.41      0.00    322.28
    279     55.45      0.00    369.08      0.00    275.32      0.00    484.04      0.00    419.30
    280     34.85      0.00    319.84      0.00    290.35      0.00    250.65      0.00   1506.93
    281     35.45      0.00    297.93      0.00    260.64      0.00    195.51      0.00   1273.07
    282     47.60      0.00    372.10      0.00    272.36      0.00    479.86      0.00    583.68
    283     60.54      0.00    420.06      0.00    212.12      0.00     50.00      0.00    509.82
    284     65.56      0.00    353.12      0.00    202.61      0.00     50.00      0.00     69.74
    285    135.11      0.00    240.23      0.00     50.00      0.00     50.00      0.00     50.00
    286    644.24      0.00    741.26      0.00     50.00      0.00     50.00      0.00    298.43
    287    884.91      0.00    863.93      0.00     98.81      0.00    162.50      0.00    159.96
    288    235.80      0.00    386.19      0.00    277.94      0.00   1239.63      0.00    135.83
    289     27.35      0.00    359.71      0.00    360.89      0.00    933.08      0.00    582.22
    290     31.29      0.00    381.77      0.00    356.23      0.00    918.42      0.00    816.88
    291     36.74      0.00    357.59      0.00    279.11      0.00    693.04      0.00    939.19
    292     27.96      0.00    267.29      0.00    237.85      0.00    511.26      0.00    927.67
    293     32.18      0.00    243.15      0.00    238.59      0.00    309.85      0.00    980.57
    294     46.61      0.00    385.76      0.00    279.04      0.00    293.89      0.00    587.93
    295     54.81      0.00    463.13      0.00    289.70      0.00    119.37      0.00    466.04
    296     72.15      0.00    415.91      0.00    191.73      0.00     50.00      0.00    161.77
    297    138.59      0.00    281.50      0.00     50.00      0.00     50.00      0.00     50.00
    298    878.57      0.00    829.01      0.00     50.00      0.00     50.00      0.00    235.13
    299    714.40      0.00    808.22      0.00     50.00      0.00     50.00      0.00    256.29
    300    505.23      0.00    626.04      0.00    237.21      0.00    890.79      0.00     50.00
    301     86.64      0.00    402.37      0.00    406.48      0.00    939.98      0.00    683.54
    302     27.85      0.00    387.10      0.00    437.79      0.00   1038.68      0.00    770.89
    303     37.30      0.00    376.86      0.00    354.03      0.00    974.57      0.00    727.59
    304     27.40      0.00    304.26      0.00    330.39      0.00    508.04      0.00   1072.84
    305     27.37      0.00    279.24      0.00    304.56      0.00    321.80      0.00    899.36
    306     39.72      0.00    347.46      0.00    106.30      0.00     50.72      0.00    865.86
    307     29.61      0.00    419.78      0.00    335.86      0.00    232.96      0.00    219.85
    308     63.63      0.00    427.69      0.00    155.96      0.00     50.00      0.00    318.21
    309     95.99      0.00    273.27      0.00     50.12      0.00     50.00      0.00     53.30
    310    125.23      0.00    170.77      0.00     50.00      0.00     50.00      0.00     50.00
    311    782.74      0.00    888.36      0.00    161.30      0.00     77.15      0.00     51.57
    312    342.55      0.00    544.01      0.00    310.92      0.00    351.30      0.00    212.09
    313     77.89      0.00    403.89      0.00    455.36      0.00    890.56      0.00    492.91
    314     27.24      0.00    403.74      0.00    457.21      0.00   1242.08      0.00   1141.61
    315     33.17      0.00    355.15      0.00    471.53      0.00    766.93      0.00    985.73
    316     22.37      0.00    298.94      0.00    434.49      0.00    291.11      0.00   1209.01
    317     27.37      0.00    380.77      0.00    397.81      0.00    251.55      0.00    768.56
    318     37.32      0.00    401.13      0.00    383.80      0.00    236.78      0.00    120.76
    319     61.98      0.00    410.08      0.00    186.11      0.00     50.00      0.00    191.99
    320     92.59      0.00    289.98      0.00     51.51      0.00     50.00      0.00     54.08
    321    146.16      0.00     53.90      0.00     50.00      0.00     50.00      0.00     50.00
    322    464.02      0.00    566.28      0.00    214.76      0.00     52.07      0.00     50.57
    323    288.59      0.00    480.52      0.00    348.92      0.00    507.11      0.00     52.56
    324    142.63      0.00    476.57      0.00    437.70      0.00    614.09      0.00    454.17
    325     48.72      0.00    386.13      0.00    445.84      0.00   1315.27      0.00    764.06
    326     27.46      0.00    351.84      0.00    444.80      0.00   1344.32      0.00    675.72
    327     28.25      0.00    305.45      0.00    373.45      0.00    900.02      0.00    790.85
    328     22.37      0.00    312.27      0.00    372.73      0.00    528.48      0.00    980.96
    329     32.32      0.00    381.70      0.00    373.24      0.00    446.15      0.00    331.64
    330     33.04      0.00    392.95      0.00    349.13      0.00     50.00      0.00    390.19
    331     55.06      0.00    365.04      0.00    200.88      0.00     50.00      0.00     90.07
    332     77.00      0.00    201.39      0.00     50.00      0.00     50.00      0.00     50.00
    333    102.28      0.00     76.56      0.00     50.00      0.00     50.00      0.00     50.00
    334    277.09      0.00    179.45      0.00     50.85      0.00     98.81      0.00     50.00
    335    352.63      0.00    451.03      0.00    281.96      0.00     66.33      0.00     50.00
    336    152.59      0.00    335.04      0.00    505.23      0.00   1493.49      0.00    197.68
    337    223.60      0.00    477.35      0.00    430.14      0.00   1162.49      0.00    121.31
    338     56.86      0.00    345.96      0.00    436.59      0.00   1581.49      0.00    437.49
    339     32.54      0.00    312.22      0.00    275.88      0.00    963.32      0.00    813.08
    340     26.75      0.00    324.83      0.00    247.17      0.00    541.16      0.00    805.13
    341     26.68      0.00    355.50      0.00    315.54      0.00    615.88      0.00    451.99
    342     33.19      0.00    371.38      0.00    341.83      0.00    263.54      0.00    146.81
    343     52.29      0.00    343.71      0.00    273.98      0.00     61.14      0.00    120.58
    344     89.14      0.00    292.63      0.00     60.62      0.00     50.00      0.00     50.00
    345    102.09      0.00     78.03      0.00     50.00      0.00     50.00      0.00     50.00
    346    208.77      0.00     50.00      0.00     50.00      0.00     50.00      0.00     50.00
    347    107.53      0.00    370.98      0.00    416.91      0.00   1674.89      0.00     63.62
    348     56.76      0.00    357.23      0.00    387.65      0.00   2102.99      0.00     50.00
    349     27.53      0.00    305.07      0.00    251.86      0.00   1124.29      0.00    412.24
    350     31.47      0.00    276.57      0.00    213.02      0.00    630.25      0.00    675.46
    351     27.44      0.00    304.79      0.00    246.98      0.00    790.02      0.00    254.11
    352     25.59      0.00    365.21      0.00    334.21      0.00    417.18      0.00    204.91
    353     42.65      0.00    376.57      0.00    326.34      0.00    150.16      0.00    126.45
    354     64.72      0.00    371.49      0.00    237.17      0.00     50.39      0.00     72.57
    355    107.24      0.00    285.51      0.00     50.21      0.00     50.00      0.00     50.00
    356    132.37      0.00     73.71      0.00     50.00      0.00     50.00      0.00     50.00
    357    223.41      0.00     59.04      0.00     50.00      0.00     50.00      0.00     50.00
    358     72.03      0.00    390.19      0.00    353.35      0.00   2324.82      0.00     50.00
    359     34.19      0.00    378.66      0.00    329.71      0.00   1951.15      0.00     50.00
    360     19.57      0.00    371.76      0.00    322.29      0.00   1701.53      0.00     50.00
    361     26.02      0.00    313.04      0.00    243.42      0.00    676.97      0.00    799.40
    362     22.49      0.00    284.58      0.00    219.89      0.00    994.69      0.00    194.15
    363     24.69      0.00    315.00      0.00    270.44      0.00    931.33      0.00     72.77
    364     31.89      0.00    368.68      0.00    346.99      0.00    419.80      0.00     51.47
    365     51.00      0.00    387.67      0.00    300.85      0.00    113.31      0.00     50.91
    366     62.98      0.00    384.73      0.00    263.33      0.00     58.19      0.00     50.00
    367    127.43      0.00    332.70      0.00     97.38      0.00     50.00      0.00     50.00
    368    169.33      0.00    155.32      0.00     50.00      0.00     50.00      0.00     50.00
    369    470.56      0.00    358.07      0.00     50.00      0.00     50.00      0.00     50.00
    370     17.49      0.00    321.57      0.00    275.49      0.00    868.97      0.00     50.00
    371     46.09      0.00    390.84      0.00    316.77      0.00    360.30      0.00     50.00
    372     23.41      0.00    400.83      0.00    369.74      0.00   1458.92      0.00     50.00
    373     28.54      0.00    469.90      0.00    452.42      0.00   1015.15      0.00    185.70
    374     30.06      0.00    428.42      0.00    378.08      0.00    681.31      0.00    526.02
    375     47.23      0.00    400.31      0.00    345.27      0.00    439.33      0.00    639.23
    376     23.94      0.00    318.36      0.00    262.08      0.00   1209.91      0.00     50.00
    377     16.98      0.00    403.81      0.00    364.65      0.00    803.60      0.00     53.86
    378     40.14      0.00    468.51      0.00    402.00      0.00    473.15      0.00    272.91
    379     73.28      0.00    451.88      0.00    373.40      0.00    313.59      0.00    565.65
    380     68.31      0.00    377.02      0.00    342.35      0.00    189.21      0.00    552.09
    381     27.16      0.00    364.60      0.00    299.05      0.00    747.97      0.00     50.00
    382     43.94      0.00    440.93      0.00    350.49      0.00    475.69      0.00     50.00
    383     83.30      0.00    456.60      0.00    353.47      0.00    195.41      0.00    200.72
    384    110.88      0.00    403.06      0.00    270.89      0.00    138.17      0.00    219.06
    385    129.22      0.00    220.91      0.00    110.19      0.00    508.96      0.00     50.00
    386     73.12      0.00    408.87      0.00    316.35      0.00    367.70      0.00     50.00
    387    107.47      0.00    424.43      0.00    314.66      0.00    194.33      0.00     50.00
    388    173.06      0.00    345.02      0.00    213.10      0.00    105.93      0.00     63.15
    389    281.17      0.00    393.41      0.00     50.69      0.00    571.38      0.00     50.00
    390    318.38      0.00    374.17      0.00     50.74      0.00    295.99      0.00     50.00
    391    102.62      0.00    393.18      0.00    278.21      0.00     67.34      0.00     50.00
    392    145.27      0.00    331.20      0.00    185.74      0.00     56.55      0.00     50.00
    393    282.40      0.00    382.01      0.00     50.65      0.00    119.97      0.00     50.00
    394    252.42      0.00    381.05      0.00     51.08      0.00    564.82      0.00     50.00
    395    151.77      0.00    336.26      0.00    240.16      0.00    289.56      0.00     85.34
    396    301.42      0.00    449.73      0.00    387.75      0.00    172.67      0.00     50.00
    397    154.55      0.00    357.22      0.00    494.96      0.00   1930.74      0.00    202.50
    398    107.85      0.00    382.98      0.00    465.24      0.00   1568.23      0.00     86.06
    399     65.05      0.00    411.80      0.00    408.27      0.00   2060.66      0.00     51.86
    400     36.44      0.00    436.46      0.00    419.18      0.00   1884.90      0.00     50.75
    401     17.95      0.00    460.63      0.00    457.93      0.00   1418.08      0.00    107.53
    402    362.59      0.00    520.87      0.00    336.63      0.00     94.97      0.00     50.08
    403    153.06      0.00    381.18      0.00    454.09      0.00   2011.57      0.00    215.96
    404    107.18      0.00    425.97      0.00    466.17      0.00   1611.95      0.00     54.70
    405     60.86      0.00    459.01      0.00    469.71      0.00   1939.76      0.00     50.38
    406     39.59      0.00    507.36      0.00    504.53      0.00   1644.48      0.00    263.63
    407     18.14      0.00    493.08      0.00    502.59      0.00   1333.08      0.00    309.38
    408     32.48      0.00    461.61      0.00    475.10      0.00   1332.86      0.00    112.37
    409    450.31      0.00    626.18      0.00    306.56      0.00     64.28      0.00     50.00
    410    123.14      0.00    415.56      0.00    492.24      0.00   1520.95      0.00    486.04
    411     93.91      0.00    460.84      0.00    480.79      0.00   1504.22      0.00    199.80
    412     62.94      0.00    564.08      0.00    520.09      0.00   1867.99      0.00     50.00
    413     41.81      0.00    548.76      0.00    501.64      0.00   1994.22      0.00     50.00
    414     22.72      0.00    468.23      0.00    448.02      0.00   1448.05      0.00    547.17
    415      8.64      0.00    383.50      0.00    372.45      0.00   1517.73      0.00    273.44
    416     17.34      0.00    381.11      0.00    348.67      0.00   1155.41      0.00    495.15
    417     25.27      0.00    325.05      0.00    290.68      0.00    937.91      0.00    565.83
    418     42.44      0.00    345.24      0.00    349.43      0.00    799.54      0.00    421.53
    419     62.53      0.00    346.19      0.00    320.01      0.00    552.10      0.00    458.58
    420    135.78      0.00    364.99      0.00    279.20      0.00    395.94      0.00    348.13
    421    126.52      0.00    327.97      0.00    269.41      0.00    858.07      0.00     50.00
    422    240.82      0.00    354.09      0.00    189.56      0.00    400.92      0.00     50.00
    423    214.05      0.00    312.18      0.00     91.22      0.00    553.29      0.00     50.00
    424     70.30      0.00    370.61      0.00    335.37      0.00    703.51      0.00    297.25
    425     82.32      0.00    349.55      0.00    294.37      0.00    870.07      0.00     50.00
    426    105.71      0.00    231.84      0.00    206.20      0.00    356.44      0.00     50.00
    427    308.75      0.00    333.27      0.00     53.84      0.00    521.89      0.00     50.00
    428    158.63      0.00    545.65      0.00    305.42      0.00    184.43      0.00     50.00
    429    114.84      0.00    446.05      0.00    508.50      0.00   1745.77      0.00     50.00
    430     81.11      0.00    561.84      0.00    525.37      0.00   1456.88      0.00     50.00
    431     53.51      0.00    608.73      0.00    486.99      0.00   1932.64      0.00     50.00
    432     29.12      0.00    437.33      0.00    346.03      0.00   2269.07      0.00     50.60
    433     22.52      0.00    334.86      0.00    264.76      0.00   1779.42      0.00    626.82
    434      8.81      0.00    316.71      0.00    270.66      0.00   1679.54      0.00    539.94
    435      9.84      0.00    290.69      0.00    245.97      0.00   1421.09      0.00    521.81
    436     13.21      0.00    310.44      0.00    297.14      0.00    900.78      0.00    623.61
    437     32.50      0.00    355.50      0.00    374.47      0.00    916.08      0.00    307.03
    438     56.41      0.00    408.00      0.00    365.24      0.00    693.02      0.00    329.88
    439     66.79      0.00    430.02      0.00    354.75      0.00    754.92      0.00     58.88
    440     90.86      0.00    492.25      0.00    346.65      0.00    681.71      0.00     62.48
    441    151.20      0.00    387.27      0.00    259.52      0.00    522.40      0.00    114.93
    442    246.23      0.00    292.10      0.00    127.72      0.00    475.89      0.00     50.00
    443    255.74      0.00    310.52      0.00     50.86      0.00    523.99      0.00     50.00
    444    463.75      0.00    566.41      0.00    292.60      0.00    637.95      0.00     66.63
    445     98.73      0.00    416.30      0.00    433.27      0.00   2160.46      0.00     50.00
    446     57.55      0.00    494.29      0.00    444.12      0.00   1551.77      0.00    125.32
    447     34.13      0.00    492.85      0.00    393.59      0.00   1897.00      0.00     50.00
    448     21.92      0.00    376.93      0.00    300.46      0.00   2408.53      0.00     50.00
    449     11.99      0.00    262.07      0.00    199.19      0.00   1953.41      0.00    623.66
    450      6.34      0.00    249.39      0.00    201.69      0.00   1617.06      0.00    678.30
    451     10.50      0.00    284.70      0.00    244.91      0.00    951.83      0.00    944.57
    452     19.76      0.00    322.15      0.00    292.27      0.00    663.42      0.00   1040.17
    453     41.56      0.00    396.00      0.00    339.42      0.00   1108.17      0.00    282.58
    454     41.93      0.00    453.27      0.00    368.65      0.00   1124.86      0.00     54.49
    455     62.31      0.00    474.69      0.00    359.48      0.00    942.05      0.00    215.87
    456    250.12      0.00    528.87      0.00    124.15      0.00     71.01      0.00    176.89
    457     98.90      0.00    421.21      0.00    416.58      0.00   1450.51      0.00     50.00
    458     45.50      0.00    433.07      0.00    398.45      0.00   2302.47      0.00     50.00
    459     22.53      0.00    361.04      0.00    320.94      0.00   2181.43      0.00     55.07
    460      9.47      0.00    294.69      0.00    327.09      0.00   2189.27      0.00    139.29
    461     16.25      0.00    260.56      0.00    263.00      0.00   2072.17      0.00    714.06
    462      0.50      0.00     40.00      0.00    436.12      0.00   1605.99      0.00    934.94
    463     11.77      0.00    290.69      0.00    227.28      0.00   1141.10      0.00   1239.66
    464     22.09      0.00    352.62      0.00    260.32      0.00    676.77      0.00   1231.28
    465     21.10      0.00    393.45      0.00    307.37      0.00    819.21      0.00    906.38
    466     19.23      0.00    446.51      0.00    404.01      0.00    806.38      0.00    736.54
    467     45.40      0.00    472.63      0.00    373.96      0.00    955.12      0.00    371.19
    468    116.01      0.00    274.43      0.00     73.35      0.00     73.60      0.00     50.00
    469     68.00      0.00    288.24      0.00     90.84      0.00     66.41      0.00     50.00
    470     58.07      0.00    377.99      0.00    287.53      0.00     52.13      0.00     50.00
    471     35.00      0.00    442.47      0.00    440.00      0.00   1614.39      0.00     50.00
    472     11.41      0.00    307.15      0.00    321.27      0.00   1984.43      0.00     84.65
    473     -4.90      0.00     40.00      0.00    485.35      0.00   2056.67      0.00     50.36
    474     -4.70      0.00     40.00      0.00    355.27      0.00   2024.07      0.00    268.41
    475     -1.92      0.00     40.00      0.00    431.19      0.00   1531.76      0.00    778.25
    476     -4.70      0.00     40.00      0.00    381.08      0.00   1280.75      0.00    809.25
    477      7.90      0.00    316.52      0.00    232.54      0.00    768.36      0.00   1432.27
    478      7.32      0.00    312.23      0.00    240.25      0.00    398.83      0.00   1507.70
    479     17.08      0.00    337.99      0.00    315.19      0.00    355.09      0.00   1513.97
    480     53.32      0.00    416.68      0.00    379.68      0.00   1058.79      0.00    540.05
    481     82.33      0.00    495.05      0.00    335.71      0.00    779.55      0.00    357.05
    482    167.86      0.00    505.09      0.00    287.89      0.00    519.71      0.00     50.00
    483    168.69      0.00    306.75      0.00    132.64      0.00    659.82      0.00     50.00
    484    191.12      0.00    276.11      0.00     50.00      0.00    639.26      0.00     50.00
    485    470.21      0.00    382.78      0.00     50.00      0.00    537.65      0.00     50.00
    486     20.46      0.00    131.69      0.00     51.67      0.00    187.66      0.00     50.00
    487      5.53      0.00    147.58      0.00     54.54      0.00    283.23      0.00     50.00
    488    107.67      0.00    327.80      0.00    143.03      0.00    464.92      0.00     50.00
    489     23.52      0.00    370.86      0.00    314.01      0.00    828.39      0.00     50.00
    490    159.75      0.00    594.36      0.00    347.80      0.00    468.39      0.00    543.68
    491    123.25      0.00    465.64      0.00    368.99      0.00    865.05      0.00    789.76
    492     -7.30      0.00     40.00      0.00    617.38      0.00   1355.40      0.00    641.49
    493     -7.00      0.00     40.00      0.00    430.04      0.00   1474.38      0.00   1003.70
    494     -4.10      0.00     40.00      0.00    292.92      0.00   1222.89      0.00   1035.25
    495    -11.20      0.00     40.00      0.00    301.73      0.00    881.81      0.00   1634.60
    496     -2.70      0.00     40.00      0.00    392.00      0.00    589.54      0.00   1900.49
    497     32.66      0.00    338.26      0.00    373.49      0.00    625.78      0.00   1267.03
    498     97.42      0.00    482.93      0.00    312.58      0.00    737.79      0.00    143.28
    499    163.30      0.00    398.32      0.00    228.75      0.00    492.96      0.00     50.00
    500    390.15      0.00    431.58      0.00     70.25      0.00    657.62      0.00     50.00
    501    281.90      0.00    291.57      0.00     50.00      0.00    699.43      0.00     50.00
    502     67.69      0.00    440.16      0.00    352.60      0.00    930.51      0.00    653.65
    503    108.96      0.00    484.54      0.00    315.39      0.00    841.36      0.00    182.90
    504    214.46      0.00    507.35      0.00    303.51      0.00    556.91      0.00     50.00
    505    188.41      0.00    303.54      0.00    181.48      0.00    507.76      0.00     50.00
    506    325.60      0.00    325.88      0.00     50.00      0.00    708.51      0.00     50.00
    507    298.02      0.00    438.02      0.00     50.41      0.00    633.49      0.00     50.00
    508    291.12      0.00    459.57      0.00    230.56      0.00    476.19      0.00     50.00
    509    229.72      0.00    333.49      0.00    146.35      0.00    516.83      0.00     50.00
    510    595.18      0.00    575.87      0.00     50.71      0.00    613.15      0.00     50.00
    511     12.27      0.00    283.10      0.00    225.06      0.00    532.16      0.00   1883.95
    512     42.48      0.00    388.74      0.00    376.10      0.00    558.29      0.00   1207.40
    513     56.53      0.00    444.43      0.00    331.22      0.00   1007.11      0.00    575.65
    514     76.19      0.00    431.09      0.00    309.87      0.00   1032.98      0.00     50.00
    515    108.02      0.00    376.65      0.00    329.28      0.00    559.98      0.00     50.00
    516    162.45      0.00    374.21      0.00    296.16      0.00    425.99      0.00     50.00
    517    796.35      0.00    589.97      0.00    122.61      0.00    516.20      0.00     50.00
    518    796.76      0.00    722.14      0.00     50.65      0.00    567.79      0.00     50.00
    519    -11.80      0.00     40.00      0.00    252.73      0.00    745.98      0.00   1746.60
    520    -14.00      0.00     40.00      0.00    428.01      0.00    561.70      0.00   1726.53
    521    307.43      0.00    345.56      0.00     50.00      0.00    387.35      0.00     50.00
    522      0.00      0.00     78.33      0.00     50.00      0.00    483.18      0.00     50.00
    523      0.00      0.00    139.15      0.00     61.84      0.00    699.97      0.00     50.00
    524      3.50      0.00    210.32      0.00    124.94      0.00    658.03      0.00     50.00
    525      0.00      0.00    337.05      0.00    225.46      0.00    159.46      0.00     50.06
    526    176.13      0.00    508.51      0.00    250.06      0.00     50.00      0.00    750.34
    527    -10.30      0.00     40.00      0.00    659.87      0.00    240.75      0.00    928.45
    528      0.00      0.00     75.79      0.00     50.00      0.00    579.30      0.00     50.00
    529     15.54      0.00    193.54      0.00     61.83      0.00    530.31      0.00     50.00
    530     86.17      0.00    232.31      0.00    101.41      0.00    334.46      0.00     50.00
    531      3.43      0.00    279.79      0.00    165.94      0.00     69.90      0.00     50.00
    532    -12.10      0.00     40.00      0.00    460.29      0.00     50.00      0.00    199.22
    533    -10.90      0.00     40.00      0.00    566.04      0.00     86.49      0.00     74.07
    534    -11.70      0.00     40.00      0.00    610.46      0.00    454.15      0.00    742.05
    535     64.48      0.00    350.13      0.00    141.15      0.00     81.27      0.00     50.00
    536     75.14      0.00    332.25      0.00    164.96      0.00     52.44      0.00     50.00
    537    152.86      0.00    413.14      0.00    182.57      0.00    533.32      0.00     50.00
    538     39.92      0.00    359.42      0.00    253.41      0.00    399.48      0.00    192.42
    539     -9.10      0.00     40.00      0.00    442.92      0.00    545.92      0.00   1176.39
    540    -13.40      0.00     40.00      0.00    271.77      0.00    550.36      0.00   1746.51
    541    -10.60      0.00     40.00      0.00    354.27      0.00    559.13      0.00   1984.90
    542    -12.00      0.00     40.00      0.00    366.08      0.00    572.05      0.00   1522.26
    543    -13.90      0.00     40.00      0.00    357.91      0.00    504.49      0.00   1828.48
    544     13.08      0.00    339.74      0.00    291.51      0.00    170.50      0.00   1791.65
    545     50.48      0.00    414.44      0.00    380.99      0.00    406.42      0.00   1357.07
    546     76.86      0.00    441.58      0.00    336.01      0.00   1134.88      0.00    479.32
    547    112.70      0.00    437.21      0.00    310.16      0.00   1160.06      0.00     67.10
    548    252.76      0.00    494.18      0.00    331.39      0.00    656.26      0.00     50.06
    549    261.01      0.00    438.18      0.00    255.46      0.00    408.04      0.00     50.00
    550    192.53      0.00    380.21      0.00    147.75      0.00    485.37      0.00     50.00
    551    744.46      0.00    799.46      0.00     50.85      0.00    536.95      0.00     53.55
    552    -11.85      0.00     40.00      0.00    450.08      0.00    400.40      0.00   1424.38
    553     -7.60      0.00     40.00      0.00    538.64      0.00    325.78      0.00   1665.79
    554     73.06      0.00    324.20      0.00    198.80      0.00    559.99      0.00    774.37
    555     41.21      0.00    347.31      0.00    240.63      0.00    458.64      0.00    754.14
    556    -10.20      0.00     40.00      0.00    399.28      0.00    697.23      0.00    869.60
    557     -5.90      0.00     40.00      0.00    548.36      0.00    265.56      0.00   1137.06
    558     -5.80      0.00     40.00      0.00    637.19      0.00    239.26      0.00   1722.90
    559     14.23      0.00    311.50      0.00    443.01      0.00    209.81      0.00   1849.12
    560     47.70      0.00    358.48      0.00    438.57      0.00    602.73      0.00   1244.43
    561     77.33      0.00    390.15      0.00    366.16      0.00    916.12      0.00    810.35
    562    115.67      0.00    404.32      0.00    314.48      0.00    851.08      0.00    152.77
    563    147.96      0.00    337.19      0.00    114.44      0.00    699.29      0.00     50.00
    564    255.31      0.00    428.02      0.00     50.00      0.00    634.80      0.00     50.00
    565    711.57      0.00    807.97      0.00     98.81      0.00    554.36      0.00     50.00
    566    907.21      0.00    749.39      0.00     52.24      0.00    511.15      0.00     65.33
    567     -1.10      0.00     40.00      0.00    668.92      0.00    221.94      0.00   1937.48
    568     17.03      0.00    291.47      0.00    437.32      0.00    270.18      0.00   2018.38
    569     43.68      0.00    328.17      0.00    437.70      0.00    547.76      0.00   1365.29
    570     79.60      0.00    343.30      0.00    404.70      0.00    679.24      0.00    714.38
    571    125.00      0.00    326.47      0.00    370.36      0.00    621.81      0.00    236.68
    572    275.64      0.00    384.21      0.00     66.77      0.00    695.40      0.00     50.00
    573    305.92      0.00    454.47      0.00     50.00      0.00    594.04      0.00     50.00
    574     -6.60      0.00     40.00      0.00    342.75      0.00    638.03      0.00    518.85
    575     -1.70      0.00     40.00      0.00    616.83      0.00    282.73      0.00    214.61
    576      2.00      0.00     40.00      0.00    585.86      0.00    313.13      0.00   1269.80
    577     19.26      0.00    249.74      0.00    344.77      0.00    527.46      0.00   1666.21
    578     32.15      0.00    237.78      0.00    393.78      0.00    704.70      0.00   1664.84
    579     45.82      0.00    277.26      0.00    437.26      0.00    642.49      0.00   1419.18
    580     72.53      0.00    274.81      0.00    460.62      0.00    538.90      0.00    766.15
    581    105.58      0.00    278.09      0.00    417.40      0.00    379.07      0.00    422.20
    582    181.56      0.00    307.99      0.00    191.56      0.00    568.73      0.00     50.00
    583    406.84      0.00    443.89      0.00     61.67      0.00    525.79      0.00     50.00
    584     55.23      0.00    218.80      0.00    414.11      0.00    638.01      0.00   1515.62
    585     94.54      0.00    249.96      0.00    533.12      0.00    378.34      0.00    847.94
    586    173.37      0.00    305.98      0.00    339.97      0.00    458.42      0.00     50.01
    587    227.88      0.00    313.21      0.00    238.89      0.00    489.43      0.00     50.00
    588    424.18      0.00    450.67      0.00     57.66      0.00    516.63      0.00     61.58
    589     46.20      0.00    239.52      0.00    234.68      0.00    598.77      0.00    256.89
    590     -3.80      0.00     40.00      0.00    393.93      0.00    516.89      0.00    103.54
    591     -0.90      0.00     40.00     87.29    677.86      0.00    477.23      0.00     50.00
    592      3.30      0.00     40.00     67.70    554.38      0.00    292.84      0.00    773.02
    593     16.88      0.00    218.92     41.84    294.51      0.00    402.58      0.00   1334.35
    594     32.12      0.00    202.38     31.72    301.01      0.00    475.58      0.00   1887.82
    595     66.00      0.00    205.83      0.00    353.78      0.00    561.34      0.00   1844.94
    596     95.32      0.00    241.64      0.00    501.23      0.00    417.24      0.00   1207.04
    597    132.51      0.00    273.38      0.00    498.26      0.00    365.29      0.00    548.34
    598    188.80      0.00    308.84      0.00    293.54      0.00    478.67      0.00     50.00
    599    225.02      0.00    305.90      0.00     54.41      0.00    569.20      0.00     50.01
    600    444.63      0.00    395.40      0.00     50.81      0.00    532.47      0.00     86.94
    601    457.86      0.00    359.68      9.84    631.45      0.00    547.59      0.00    247.87
    602    124.49      0.00    196.68     87.12    468.10      0.00    576.44      0.00    321.75
    603      6.99      0.00    185.80    103.07    521.14      0.00    648.57      0.00     79.33
    604     37.15      0.00    201.65     99.90    569.88      0.00    331.01      0.00     50.00
    605      6.80      0.00     40.00     59.79    598.17      0.00    219.91      0.00    814.88
    606     26.66      0.00    197.57     35.78    350.61      0.00    244.91      0.00   1395.54
    607    970.27      0.00    425.63      7.63    865.45      0.00    454.75      0.00    360.48
    608    125.53      0.00    164.84     80.77    658.16      0.00    578.39      0.00    448.40
    609    493.50      0.00    163.76      0.27    924.91      0.00    412.63      0.00    357.36
    610    111.38      0.00    258.79     76.50    572.00      0.00    696.79      0.00     50.00
    611    466.77      0.00    318.04      0.00    968.10      0.00    328.49      0.00    271.51
    612     87.59      0.00    234.39     78.73    548.05      0.00    628.51      0.00     50.00
    613    574.18      0.00    446.73      3.18    893.17      0.00    210.45      0.00    113.50
    614    116.36      0.00    193.05     61.33    714.78      0.00    476.00      0.00     76.58
    615     26.73      0.00    200.18     41.27    472.02      0.00     74.76      0.00   1284.54
    616     46.90      0.00    158.27     44.19    349.51      0.00    304.31      0.00   2013.96
    617     60.54      0.00    188.03      0.00    345.58      0.00    492.81      0.00   2001.73
    618     78.74      0.00    216.90      0.00    481.08      0.00    375.97      0.00   1278.69
    619     99.47      0.00    251.65      0.00    518.68      0.00    371.43      0.00    433.23
    620    111.13      0.00    217.21      0.00    353.55      0.00    410.66      0.00     50.00
    621    172.42      0.00    334.71      0.00    161.16      0.00    429.17      0.00     50.76
    622    215.21      0.00    244.76      0.00     90.46      0.00    449.64      0.00    101.82
    623    343.94      0.00    247.94      0.00     50.00      0.00    533.02      0.00    101.40
    624     77.99      0.00    164.38     44.71    366.18      0.00    414.01      0.00   2116.89
    625    113.07      0.00    263.88      0.00    461.28      0.00    393.38      0.00   1092.07
    626    157.83      0.00    279.52      0.00    539.10      0.00    355.48      0.00    481.58
    627    228.98      0.00    328.84      0.00    446.75      0.00    328.72      0.00     50.00
    628    257.09      0.00    315.42      0.00    211.01      0.00    357.90      0.00     62.43
    629    436.12      0.00    367.94      0.00    110.61      0.00    394.72      0.00    147.12
    630    372.85      0.00    383.41      0.00     56.86      0.00    456.04      0.00    164.15
    631    798.92      0.00    422.28      0.00    962.37      0.00     77.56      0.00    657.45
    632     97.20      0.00    234.00     42.10    638.92      0.00     52.06      0.00   1380.62
    633     26.32      0.00    181.71     38.72    514.68      0.00     50.00      0.00   1769.03
    634     53.44      0.00    137.89     55.09    370.84      0.00    265.41      0.00   2202.92
    635     81.87      0.00    205.50     34.25    281.60      0.00    405.10      0.00   2127.48
    636    107.55      0.00    250.00      0.00    408.81      0.00    389.88      0.00   1275.46
    637    153.53      0.00    262.63      0.00    518.21      0.00    344.18      0.00    655.67
    638    214.55      0.00    299.97      0.00    391.20      0.00    363.46      0.00     50.05
    639    194.21      0.00    231.24      0.00    175.57      0.00    379.44      0.00     91.92
    640    205.19      0.00    239.99      0.00     82.40      0.00    387.79      0.00    167.94
    641    244.36      0.00    269.92      0.00     50.00      0.00    504.72      0.00     93.75
    642    125.07      0.00    216.61      0.00    469.45      0.00    314.75      0.00    804.02
    643    136.47      0.00    230.56      0.00    339.48      0.00    408.93      0.00    171.74
    644    238.38      0.00    267.39      0.00    197.24      0.00    351.58      0.00    119.72
    645    309.77      0.00    289.01      0.00    130.14      0.00    333.19      0.00    187.92
    646    373.56      0.00    321.61      0.00     50.00      0.00    514.54      0.00     75.25
    647    941.81      0.00    449.96      1.58    912.63      0.00     78.28      0.00   1258.50
    648    102.96      0.00    201.48     39.87    605.43      0.00     82.40      0.00   2101.89
    649     44.99      0.00    157.93     40.42    497.22      0.00    115.56      0.00   2263.52
    650     65.28      0.00    146.51     77.23    313.77      0.00    492.83      0.00   2164.21
    651     79.12      0.00    178.72     29.16    265.88      0.00    511.45      0.00   1983.59
    652    111.91      0.00    226.58      0.00    372.21      0.00    359.33      0.00   1394.43
    653    142.34      0.00    154.39      0.00    455.23      0.00    269.56      0.00   1085.26
    654    107.43      0.00    124.45      0.00    363.13      0.00    412.01      0.00    208.63
    655    223.14      0.00    242.34      0.00    321.23      0.00    211.41      0.00    188.74
    656    260.34      0.00    233.30      0.00    211.83      0.00    191.64      0.00    282.83
    657    242.51      0.00    255.72      0.00     50.00      0.00    528.93      0.00     70.03
    658    432.82      0.00    310.11     10.50    838.57      0.00     96.01      0.00   1349.11
    659     87.21      0.00    244.42     46.60    477.55      0.00    172.47      0.00   2177.00
    660     37.94      0.00    184.94     75.55    321.88      0.00    443.90      0.00   2177.90
    661     59.19      0.00    151.73    100.12    238.92      0.00    610.06      0.00   2128.69
    662     85.19      0.00    164.22     78.94    169.04      0.00    633.66      0.00   2007.14
    663    113.03      0.00    189.94     20.38    309.04      0.00    379.75      0.00   1636.98
    664    150.81      0.00    162.68      0.00    511.84      0.00    282.41      0.00   1098.79
    665    258.80      0.00    243.39      0.00    516.52      0.00    393.56      0.00    386.38
    666    353.93      0.00    272.94      0.00    440.06      0.00    113.34      0.00    206.00
    667    295.77      0.00    328.41      0.00    216.67      0.00    187.59      0.00    283.89
    668    631.23      0.00    364.38      0.00     63.46      0.00    545.53      0.00     71.75
    669    404.95      0.00    141.18     12.47    635.77      0.00     83.74      0.00   1254.67
    670    106.54      0.00    201.29    110.88    382.00      0.00    339.14      0.00   1935.17
    671     64.06      0.00    201.01     86.63    277.81      0.00    479.04      0.00   2303.30
    672     64.59      0.00    154.02     75.01    251.09      0.00    575.05      0.00   2203.74
    673     84.94      0.00    150.00     48.23    226.16      0.00    546.42      0.00   2161.58
    674    112.58      0.00    101.28     36.93    430.48      0.00    315.75      0.00   1861.26
    675    179.24      0.00    139.07      0.00    585.25      0.00    323.33      0.00   1141.72
    676    240.69      0.00    223.21      0.00    599.13      0.00    388.95      0.00    425.38
    677    250.31      0.00    220.65      0.00    550.28      0.00     82.35      0.00    215.53
    678    269.24      0.00    283.44      0.00    243.71      0.00    160.71      0.00    295.42
    679    355.61      0.00    305.28      0.00     97.67      0.00    458.18      0.00    126.33
    680    329.06      0.00     75.88      0.00    635.15      0.00     50.08      0.00    528.31
    681    238.54      0.00    110.00      0.00    536.04      0.00    146.31      0.00    277.04
    682    124.76      0.00    217.90     61.65    441.36      0.00    270.92      0.00   1616.96
    683     53.66      0.00    202.08     60.15    284.86      0.00    429.31      0.00   2378.53
    684     70.96      0.00    163.49     59.18    266.63      0.00    509.30      0.00   2360.78
    685     91.54      0.00    144.65     80.59    177.56      0.00    571.89      0.00   2217.76
    686    117.89      0.00    100.39     41.18    398.57      0.00    321.00      0.00   2059.14
    687    165.98      0.00    113.82      0.00    569.84      0.00    446.02      0.00   1227.00
    688    241.05      0.00    192.85      0.00    593.89      0.00    463.88      0.00    509.20
    689    213.80      0.00    184.77      0.00    451.95      0.00    232.37      0.00    194.88
    690    290.26      0.00    255.57      0.00    263.92      0.00    146.27      0.00    302.51
    691    378.72      0.00    331.44      0.00    108.47      0.00    442.80      0.00    126.81
    692    101.84      0.00    201.26     38.33    405.98      0.00    268.26      0.00   1323.69
    693     61.86      0.00    194.28     74.68    315.02      0.00    337.29      0.00   2472.41
    694     82.49      0.00    207.48     69.92    157.86      0.00    376.11      0.00   2672.95
    695    102.12      0.00    137.73     45.02    193.51      0.00    372.37      0.00   2460.52
    696    132.54      0.00    106.84     23.65    295.81      0.00    399.82      0.00   2100.03
    697    119.03      0.00     71.78      0.00    478.05      0.00    581.98      0.00   1054.42
    698    152.50      0.00    120.66      0.00    458.80      0.00    508.77      0.00    422.46
    699    237.08      0.00    195.92      0.00    301.06      0.00    465.38      0.00    132.21
    700    256.39      0.00    214.56      0.00    246.78      0.00    127.93      0.00    344.85
    701    322.56      0.00    252.48      0.00    103.31      0.00    438.66      0.00    148.80
    702     70.74      0.00    228.37     62.38    192.76      0.00    265.89      0.00   2689.98
    703     77.86      0.00    190.49     64.76    117.40      0.00    336.54      0.00   2779.73
    704     97.54      0.00    166.88     29.09    137.15      0.00    348.98      0.00   2580.21
    705    125.42      0.00    138.70     13.41    232.13      0.00    415.09      0.00   2215.57
    706    174.27      0.00    134.70      0.00    403.05      0.00    578.80      0.00   1080.35
    707    288.25      0.00    206.07      0.00    404.13      0.00    575.60      0.00    459.32
    708    352.18      0.00    204.49      0.00    333.37      0.00    422.50      0.00     99.77
    709    487.19      0.00    380.36      0.00    205.57      0.00    182.29      0.00    347.11
    710    526.21      0.00    419.57      0.00    102.50      0.00    404.43      0.00    221.22
    711    231.27      0.00    108.04      0.00    430.91      0.00    281.58      0.00    203.65
    712    118.31      0.00    239.84     61.90    262.71      0.00    318.06      0.00   1058.34
    713     77.69      0.00    258.12     59.77    213.36      0.00    254.87      0.00   2278.48
    714     77.83      0.00    220.90     58.11    141.47      0.00    308.87      0.00   2742.70
    715     77.54      0.00    197.34     60.82    143.32      0.00    318.43      0.00   2790.75
    716     95.58      0.00    169.30     28.56    165.82      0.00    350.98      0.00   2546.22
    717    118.58      0.00    142.93     12.74    263.21      0.00    442.28      0.00   2143.61
    718    162.38      0.00    103.05      0.16    372.80      0.00    640.12      0.00   1145.04
    719    187.03      0.00    105.47      0.00    399.05      0.00    703.45      0.00    378.17
    720    297.30      0.00    175.52      0.00    386.80      0.00    358.37      0.00    100.03
    721    342.69      0.00    240.83      0.00    226.35      0.00    193.78      0.00    344.82
    722    422.80      0.00    324.32      0.00     91.06      0.00    414.31      0.00    224.01
    723    322.27      0.00    133.24      0.00    371.42      0.00    213.19      0.00    164.26
    724    117.77      0.00    187.74     54.15    290.31      0.00    261.83      0.00    486.50
    725     82.29      0.00    256.35     66.51    221.25      0.00    298.64      0.00   1671.59
    726     81.66      0.00    235.79     85.02    198.44      0.00    360.41      0.00   2430.57
    727     77.59      0.00    196.28     61.43    220.58      0.00    373.58      0.00   2657.11
    728     82.26      0.00    191.81     56.03    215.93      0.00    346.12      0.00   2706.66
    729     92.25      0.00    176.81     62.50    270.21      0.00    346.31      0.00   2494.40
    730    107.40      0.00    128.50     16.40    303.22      0.00    477.20      0.00   2018.05
    731    157.08      0.00     99.06      9.78    373.50      0.00    739.79      0.00    937.61
    732    167.90      0.00     80.16      0.00    478.85      0.00    646.39      0.00    286.01
    733    252.37      0.00    108.20      0.00    538.48      0.00    256.33      0.00     87.41
    734    352.76      0.00    171.65      0.00    345.89      0.00    183.49      0.00    277.43
    735    353.90      0.00    218.56      0.00    142.54      0.00    392.42      0.00    230.00
    736    111.66      0.00    151.89     40.94    293.95      0.00    463.95      0.00   2085.55
    737    147.45      0.00    100.42     11.61    382.86      0.00    750.84      0.00    919.36
    738    178.36      0.00     54.59      7.24    608.93      0.00    544.56      0.00    290.54
    739    217.95      0.00     57.92      0.00    619.09      0.00    165.45      0.00    110.70
    740    257.87      0.00     84.31      0.00    390.48      0.00    184.83      0.00    258.93
    741    317.23      0.00    147.08      0.00    240.67      0.00    355.56      0.00    244.50
    742     96.83      0.00    183.28     62.34    311.33      0.00    363.27      0.00   2405.17
    743    117.81      0.00    170.84     61.00    269.67      0.00    486.63      0.00   1993.43
    744    142.41      0.00    100.07     25.78    468.49      0.00    778.89      0.00    739.38
    745    183.14      0.00     63.47     22.78    679.10      0.00    497.76      0.00    373.05
    746    223.27      0.00     50.33     12.89    619.22      0.00    210.60      0.00     87.23
    747    257.44      0.00     72.33      0.00    412.68      0.00    246.05      0.00    198.94
    748    334.17      0.00    161.65      0.00    255.04      0.00    352.01      0.00    249.87
    749     87.41      0.00    190.72     57.80    289.19      0.00    367.13      0.00   2614.39
    750     96.84      0.00    197.98     59.82    375.00      0.00    333.33      0.00   2414.20
    751    117.48      0.00    173.26     60.33    379.53      0.00    402.80      0.00   1943.77
    752    157.53      0.00    122.94     23.63    559.70      0.00    680.02      0.00    789.99
    753    195.71      0.00    105.41     24.70    613.33      0.00    487.72      0.00    457.96
    754    236.14      0.00     42.52     20.83    493.24      0.00    485.40      0.00     51.23
    755    262.22      0.00     58.95      0.00    371.06      0.00    442.51      0.00     75.93
    756    283.61      0.00     75.61      0.00    293.79      0.00    382.01      0.00    196.32
    757    379.96      0.00    145.88      0.00    272.67      0.00    340.76      0.00    246.91
    758    251.11      0.00     95.58      0.00    450.80      0.00    178.30      0.00    190.90
    759    122.91      0.00    186.64    111.72    301.69      0.00    103.01      0.00    525.70
    760     92.62      0.00    267.90    119.77    269.68      0.00    282.65      0.00   1108.91
    761     87.59      0.00    236.85    103.01    318.78      0.00    418.83      0.00   1959.84
    762     83.63      0.00    205.19     87.18    328.69      0.00    426.70      0.00   2451.72
    763    232.82      0.00     64.11      0.00    512.00      0.00    191.58      0.00    187.07
    764    226.37      0.00    165.41      7.65    353.01      0.00     50.00      0.00    556.86
    765    109.49      0.00    275.98    107.17    330.34      0.00    193.25      0.00   1004.76
    766     97.57      0.00    258.14    100.13    322.82      0.00    383.35      0.00   2006.11
    767     92.34      0.00    218.67     74.94    327.28      0.00    429.64      0.00   2472.59
    768     91.84      0.00    208.69     62.86    347.09      0.00    400.92      0.00   2514.96
    769    101.76      0.00    198.70     60.16    396.90      0.00    334.25      0.00   2450.98
    770    107.31      0.00    189.67     59.81    454.06      0.00    283.43      0.00   2139.89
    771    125.35      0.00    172.22     60.07    461.18      0.00    385.48      0.00   1882.41
    772    147.05      0.00    144.23     69.91    488.55      0.00    550.79      0.00   1342.03
    773    172.84      0.00    113.56     21.20    560.23      0.00    679.74      0.00    798.19
    774    183.30      0.00    103.76     18.93    571.63      0.00    651.84      0.00    704.71
    775    221.23      0.00     75.94     18.06    547.92      0.00    499.04      0.00    235.09
    776    253.13      0.00     54.83      4.14    502.64      0.00    479.64      0.00     50.00
    777    281.16      0.00     80.46      0.00    469.87      0.00    363.35      0.00     67.15
    778    320.28      0.00    112.03      0.00    418.73      0.00    203.13      0.00    242.94
    779    383.26      0.00    205.53      0.00    310.03      0.00    312.37      0.00    220.91
    780    306.07      0.00    110.61     42.99    430.76      0.00     50.00      0.00    398.79
    781    133.65      0.00    297.54    102.01    316.77      0.00    253.59      0.00   1006.75
    782    102.49      0.00    289.73     90.61    239.56      0.00    353.49      0.00   2154.45
    783     97.08      0.00    233.59     66.21    259.16      0.00    446.75      0.00   2533.71
    784    106.47      0.00    202.52     60.01    584.96      0.00    155.86      0.00   2245.70
    785    132.53      0.00    180.36     48.76    525.17      0.00    289.22      0.00   1990.16
    786    151.29      0.00    164.17     45.58    529.35      0.00    375.61      0.00   1812.15
    787    187.13      0.00    121.11     25.81    553.57      0.00    650.43      0.00    931.63
    788    218.78      0.00     96.60     20.20    590.72      0.00    558.00      0.00    579.15
    789    261.56      0.00     60.29      5.59    576.45      0.00    460.85      0.00     50.00
    790    297.55      0.00     75.57      0.00    527.50      0.00    335.18      0.00     56.53
    791    312.38      0.00    103.17      0.00    534.12      0.00    181.16      0.00    146.59
    792    363.57      0.00    176.39      0.00    414.98      0.00    280.97      0.00    145.57
    793    387.83      0.00    155.67    119.76    483.97      0.00     50.00      0.00    328.15
    794    118.14      0.00    285.66     99.97    415.24      0.00    234.90      0.00   1234.68
    795    108.23      0.00    264.08     75.87    296.11      0.00    271.73      0.00   2568.51
    796    107.25      0.00    236.26     65.99    346.76      0.00    318.76      0.00   2568.86
    797    115.15      0.00    212.98     66.40    568.67      0.00     98.10      0.00   2479.29
    798    117.42      0.00    202.32     67.01    592.89      0.00     95.26      0.00   2411.47
    799    134.45      0.00    193.29     66.64    573.75      0.00    221.53      0.00   2178.43
    800    157.23      0.00    177.00     59.82    613.66      0.00    278.21      0.00   2009.15
    801    186.78      0.00    147.06     40.27    659.36      0.00    397.88      0.00   1507.56
    802    219.96      0.00    109.21     17.99    652.90      0.00    498.54      0.00    783.49
    803    257.83      0.00     84.55      0.00    628.53      0.00    684.50      0.00     50.00
    804    302.02      0.00    104.26      0.00    615.56      0.00    593.91      0.00     50.00
    805    329.20      0.00    131.83      0.00    568.87      0.00    267.37      0.00     51.12
    806    400.90      0.00    216.22      0.00    393.30      0.00    309.63      0.00    134.97
    807    151.15      0.00    197.61     52.36    656.70      0.00    116.41      0.00   2242.10
    808    173.23      0.00    167.77     20.69    688.61      0.00    112.72      0.00   2089.34
    809    213.01      0.00    131.56      0.00    534.97      0.00    371.16      0.00   1427.47
    810    252.29      0.00    116.61      0.00    464.39      0.00    681.33      0.00    405.21
    811    282.55      0.00    113.09      0.00    560.93      0.00    713.99      0.00     50.00
    812    322.39      0.00    146.61      0.00    522.10      0.00    453.37      0.00     50.00
    813    453.94      0.00    202.63      0.00    377.23      0.00    391.30      0.00     81.61
    814    471.73      0.00    168.36     26.74    711.80      0.00     66.99      0.00    271.93
    815    189.32      0.00    198.29     87.09    534.45      0.00    308.49      0.00    422.54
    816    123.09      0.00    311.43    100.49    456.97      0.00     78.68      0.00   2081.48
    817    122.02      0.00    250.22     79.78    473.10      0.00    101.69      0.00   2774.15
    818    132.57      0.00    247.05     79.67    466.94      0.00    235.05      0.00   2662.86
    819    139.73      0.00    250.39     73.44    494.49      0.00    212.00      0.00   2628.68
    820    154.83      0.00    212.86     50.76    667.90      0.00     50.00      0.00   2490.44
    821    178.27      0.00    197.62     20.48    634.29      0.00     50.01      0.00   2360.60
    822    216.29      0.00    148.57      0.77    522.25      0.00    382.46      0.00   1560.12
    823    262.31      0.00    180.21      0.00    545.99      0.00    565.18      0.00    892.49
    824    295.44      0.00    177.51      0.00    524.44      0.00    704.40      0.00     50.00
    825    339.27      0.00    201.11      0.00    400.93      0.00    450.54      0.00     50.00
    826    371.33      0.00    151.33      0.00    290.81      0.00    547.26      0.00     50.00
    827    141.82      0.00    341.86     90.82    494.71      0.00     50.01      0.00   2255.28
    828    138.75      0.00    307.73     80.50    429.21      0.00    145.79      0.00   2889.93
    829    131.86      0.00    281.79     81.80    377.72      0.00    295.19      0.00   2808.58
    830    150.44      0.00    296.46     63.29    447.57      0.00    140.80      0.00   2904.89
    831    162.31      0.00    315.81     42.94    370.42      0.00     50.00      0.00   3142.75
    832    181.74      0.00    244.04     18.37    573.84      0.00     54.65      0.00   2774.27
    833    222.57      0.00    207.27     14.49    541.94      0.00    382.55      0.00   1861.70
    834    256.59      0.00    208.20      0.00    529.15      0.00    509.07      0.00   1194.01
    835    285.09      0.00    210.94      0.00    525.47      0.00    551.40      0.00    240.27
    836    346.15      0.00    263.17      0.00    340.94      0.00    379.53      0.00     50.00
    837    445.94      0.00    310.74      0.00    163.65      0.00    514.78      0.00     50.00
    838   1084.10      0.00    432.20      0.00    995.49      0.00    342.77      0.00     50.00
    839    614.42      0.00    227.27      0.00    440.11      0.00     50.00      0.00    285.20
    840    195.73      0.00    377.88    134.65    521.08      0.00    206.38      0.00   1307.18
    841    174.17      0.00    407.83    105.81    440.89      0.00     50.00      0.00   2588.00
    842    157.09      0.00    384.55     77.41    406.20      0.00     60.91      0.00   3175.60
    843    143.09      0.00    336.47     78.72    343.14      0.00    156.64      0.00   3156.89
    844    148.34      0.00    314.10     56.22    419.50      0.00     52.14      0.00   3214.56
    845    163.14      0.00    332.22     46.26    291.12      0.00     50.00      0.00   3534.78
    846    188.52      0.00    304.35     21.16    485.56      0.00    147.04      0.00   3098.09
    847    218.55      0.00    277.39     12.00    431.19      0.00    486.91      0.00   2298.01
    848    251.33      0.00    240.45      0.00    450.60      0.00    556.22      0.00   1525.42
    849    282.36      0.00    240.63      0.00    406.89      0.00    618.25      0.00    598.86
    850    365.80      0.00    283.85      0.00    324.55      0.00    410.75      0.00     50.00
    851    412.47      0.00    327.73      0.00    171.35      0.00    392.68      0.00     56.85
    852   1165.70      0.00    319.02      0.00   1054.66      0.00    508.11      0.00     50.00
    853    930.63      0.00    336.55     19.93    492.75      0.00     50.00      0.00    357.05
    854    343.11      0.00    322.60     83.23    568.67      0.00     50.00      0.00    715.52
    855    225.17      0.00    442.41     85.92    453.83      0.00     50.00      0.00   2305.34
    856    198.45      0.00    442.48     80.72    384.80      0.00     50.00      0.00   3314.80
    857    195.25      0.00    438.85     79.32    386.69      0.00     50.00      0.00   3683.65
    858    149.32      0.00    350.13     53.85    378.22      0.00     50.00      0.00   3739.88
    859    163.14      0.00    366.00     53.35    338.37      0.00     50.00      0.00   4013.22
    860    190.75      0.00    350.36     28.48    392.10      0.00    212.94      0.00   3463.18
    861    725.37      0.00    320.53      8.49    292.35      0.00     50.00      0.00    961.90
    862    337.21      0.00    420.85    101.87    441.19      0.00     50.00      0.00   1186.18
    863    269.76      0.00    483.85     80.13    551.24      0.00     50.00      0.00   1964.57
    864    799.25      0.00    435.90      0.40    245.69      0.00     50.00      0.00   1150.79
    865    363.12      0.00    582.35     97.51    509.62      0.00     50.00      0.00   1500.04
    866    296.49      0.00    585.35     94.74    581.14      0.00     50.00      0.00   2266.96
    867    254.03      0.00    534.55     65.00    417.42      0.00     50.00      0.00   3457.48
    868    383.95      0.00    629.77    114.73    556.45      0.00     50.00      0.00   1632.42
    869    304.45      0.00    678.84     77.62    585.43      0.00     50.00      0.00   2962.82
    870    230.21      0.00    504.31     55.92    469.69      0.00     50.00      0.00   3795.59
    871    184.76      0.00    441.24     61.40    514.43      0.00     52.56      0.00   3967.74
    872    163.14      0.00    381.51     58.43    435.01      0.00     67.22      0.00   4059.90
    873    163.14      0.00    416.57     50.62    338.66      0.00     50.00      0.00   4250.36
    874    192.68      0.00    367.44     14.28    318.17      0.00    119.72      0.00   4114.82
    875    217.83      0.00    294.01      0.00    324.32      0.00    605.85      0.00   2916.86
    876    258.03      0.00    229.26      0.00    271.59      0.00    744.46      0.00   1952.79
    877    294.95      0.00    263.58      0.00    220.86      0.00    810.06      0.00    909.45
    878    336.70      0.00    272.65      0.00    273.51      0.00    681.52      0.00    179.27
    879    288.52      0.00    179.27      0.00    244.38      0.00    491.24      0.00     50.00
    880    323.71      0.00    180.63      0.00    132.46      0.00    457.53      0.00     50.00
    881   1110.90      0.00    710.36     13.97    337.36      0.00     50.00      0.00   1177.00
    882    409.94      0.00    818.63     69.24    652.55      0.00     50.00      0.00   2049.25
    883    284.32      0.00    714.84     77.97    669.03      0.00     50.00      0.00   3012.75
    884    221.07      0.00    564.42     58.34    621.83      0.00     50.00      0.00   3707.06
    885    171.13      0.00    451.22     59.63    542.66      0.00     77.25      0.00   3959.09
    886    157.35      0.00    441.35     55.59    464.56      0.00    119.91      0.00   4043.07
    887   1186.81      0.00   1017.92      2.81    335.39      0.00     50.00      0.00   1333.44
    888    419.11      0.00    799.81     64.21    720.90      0.00     50.00      0.00   2335.51
    889    247.61      0.00    673.40     65.36    865.99      0.00    184.27      0.00   2787.86
    890    201.04      0.00    556.43     70.87    754.93      0.00    274.27      0.00   3356.91
    891    168.83      0.00    494.07     60.60    666.54      0.00    120.59      0.00   3774.30
    892    161.28      0.00    496.76     41.78    508.83      0.00     50.00      0.00   4111.72
    893    162.60      0.00    467.47     22.41    305.53      0.00     50.00      0.00   4368.45
    894    182.50      0.00    405.25     14.08    272.69      0.00     75.75      0.00   4344.91
    895    207.60      0.00    342.07      1.13    343.01      0.00    429.16      0.00   3866.34
    896    229.23      0.00    285.70      0.00    401.88      0.00    606.64      0.00   3322.57
    897    257.98      0.00    273.02      0.00    283.48      0.00    755.48      0.00   2060.56
    898    298.35      0.00    271.79      0.00    274.71      0.00    799.28      0.00    819.88
    899    330.57      0.00    271.38      0.00    276.11      0.00    676.61      0.00    270.49
    900    353.15      0.00    261.69      0.00    167.71      0.00    601.90      0.00     50.38
    901    406.75      0.00    284.79      0.00    118.09      0.00    572.00      0.00     51.23
    902    865.01      0.00   1025.95      0.00    246.42      0.00     50.00      0.00   2094.06
    903    371.08      0.00    710.88     65.67    794.36      0.00     51.11      0.00   2590.35
    904    227.83      0.00    605.54     62.33    926.31      0.00    438.06      0.00   2619.64
    905    189.32      0.00    516.75     58.68    807.08      0.00    455.35      0.00   3154.83
    906    166.86      0.00    527.86     64.37    667.81      0.00    175.35      0.00   3736.28
    907    167.51      0.00    541.35     51.00    438.70      0.00     50.00      0.00   4281.71
    908    167.51      0.00    503.17     35.00    337.43      0.00     50.00      0.00   4432.45
    909    188.37      0.00    400.94     15.94    472.95      0.00    138.37      0.00   4217.31
    910    208.10      0.00    330.93     17.10    600.58      0.00    316.53      0.00   3844.24
    911    228.23      0.00    284.41      0.00    613.84      0.00    405.11      0.00   3552.67
    912    252.55      0.00    297.84      0.00    383.11      0.00    736.12      0.00   2455.19
    913    292.33      0.00    271.18      0.00    457.69      0.00    689.16      0.00   1050.50
    914    309.54      0.00    257.75      0.00    345.00      0.00    656.96      0.00    496.48
    915    348.89      0.00    254.29      0.00    136.61      0.00    648.57      0.00    122.20
    916    386.76      0.00    252.93      0.00     59.24      0.00    689.61      0.00     50.00
    917    441.43      0.00    263.05      0.00     50.00      0.00    555.03      0.00     55.86
    918   1424.55      0.00    984.75      0.00    330.69      0.00     50.00      0.00   2348.53
    919    467.03      0.00    813.60     36.78    463.06      0.00     50.00      0.00   2971.26
    920    288.75      0.00    678.07     65.76    974.24      0.00    265.65      0.00   2817.58
    921    202.78      0.00    548.95     59.94    890.88      0.00    502.64      0.00   3166.78
    922    171.61      0.00    556.07     69.99    717.69      0.00    290.28      0.00   3761.49
    923    172.13      0.00    553.53     37.48    611.65      0.00     51.69      0.00   4239.24
    924    172.95      0.00    502.00     25.22    442.23      0.00     50.00      0.00   4385.34
    925    191.53      0.00    459.50     17.79    568.75      0.00     96.23      0.00   4142.29
    926    206.93      0.00    490.34     18.54    520.97      0.00    338.25      0.00   3795.25
    927    221.51      0.00    397.78      1.81    430.10      0.00    732.10      0.00   3405.86
    928    237.23      0.00    356.83      0.00    314.56      0.00    999.33      0.00   2987.97
    929    259.58      0.00    308.90      0.00    474.96      0.00    822.55      0.00   2528.57
    930    283.83      0.00    262.64      0.00    613.52      0.00    613.49      0.00   1535.16
    931    307.06      0.00    244.98      0.00    378.33      0.00    683.53      0.00    912.33
    932    337.61      0.00    234.77      0.00    152.76      0.00    694.46      0.00    495.29
    933    369.12      0.00    204.23      0.00     50.00      0.00    745.91      0.00     52.87
    934    424.76      0.00    231.50      0.00     50.00      0.00    622.54      0.00     50.00
    935    507.06      0.00    307.67      0.00     50.00      0.00    465.53      0.00    132.56
    936    790.83      0.00    821.14      0.00    434.68      0.00     50.00      0.00   2675.28
    937    468.19      0.00    759.65     31.37    586.39      0.00     50.00      0.00   3223.14
    938    315.64      0.00    647.67     56.85    983.23      0.00     50.00      0.00   3516.08
    939    241.83      0.00    604.88     63.28    972.64      0.00    327.55      0.00   3799.36
    940    181.73      0.00    597.61     61.77    713.27      0.00    349.60      0.00   4106.18
    941    175.94      0.00    580.36     74.59    641.71      0.00    268.50      0.00   4187.08
    942    177.77      0.00    549.51     22.74    519.69      0.00     50.81      0.00   4241.89
    943    191.70      0.00    549.25     20.72    495.00      0.00    108.22      0.00   4096.78
    944   1055.63      0.00    699.40      0.00    754.43      0.00     50.00      0.00   2610.17
    945    421.71      0.00    614.14     34.38   1063.20      0.00     50.00      0.00   2974.82
    946    347.33      0.00    602.64     19.18   1123.51      0.00     50.00      0.00   3911.94
    947    247.28      0.00    612.46     61.01   1028.40      0.00     50.15      0.00   4497.77
    948    189.09      0.00    590.72     52.00    676.54      0.00     64.11      0.00   4590.01
    949    181.35      0.00    566.28     57.89    546.54      0.00    134.33      0.00   4368.57
    950    185.36      0.00    551.30     35.46    406.85      0.00    252.66      0.00   3978.72
    951    201.91      0.00    542.04     24.16    327.08      0.00    478.85      0.00   3691.65
    952    930.74      0.00    668.47      0.00    954.01      0.00     50.00      0.00   2445.18
    953    412.28      0.00    724.85     51.84    950.49      0.00     50.00      0.00   3068.00
    954    281.71      0.00    617.31     28.04   1221.99      0.00     50.00      0.00   4162.75
    955    228.12      0.00    630.75     43.37    931.72      0.00     50.00      0.00   5009.23
    956    196.97      0.00    552.62     49.12    703.97      0.00     50.00      0.00   4578.41
    957    187.34      0.00    556.80     21.86    523.54      0.00    221.89      0.00   4040.45
    958    197.46      0.00    544.63     21.00    277.27      0.00    639.38      0.00   3519.31
    959    214.71      0.00    495.52     19.94    238.46      0.00    868.59      0.00   3377.18
    960    793.28      0.00    806.06      0.00    983.36      0.00     50.00      0.00   2452.40
    961    391.41      0.00    763.93     26.88   1007.27      0.00     50.00      0.00   3102.78
    962    268.07      0.00    669.79     20.23   1262.35      0.00     50.00      0.00   4490.79
    963    246.87      0.00    592.62     38.93    928.33      0.00     50.00      0.00   5520.92
    964    223.23      0.00    586.03     62.94    805.48      0.00     50.00      0.00   5388.69
    965    194.39      0.00    575.20     40.41    455.43      0.00    404.87      0.00   4101.01
    966    203.28      0.00    529.52     25.62    251.23      0.00    876.83      0.00   3357.64
    967    219.62      0.00    425.20     19.51    264.32      0.00   1296.56      0.00   2978.59
    968    243.46      0.00    373.25      0.00    264.84      0.00   1288.31      0.00   3084.85
    969    267.73      0.00    300.66      0.00    430.32      0.00    875.39      0.00   3095.88
    970    305.89      0.00    238.50      0.00    359.78      0.00    839.48      0.00   1608.80
    971    317.71      0.00    234.44      0.00    254.71      0.00    830.63      0.00   1124.78
    972    341.50      0.00    225.53      0.00    143.08      0.00    730.44      0.00    711.77
    973    367.58      0.00    223.35      0.00    133.92      0.00    664.17      0.00    292.93
    974    397.92      0.00    222.08      0.00     50.09      0.00    685.97      0.00     59.29
    975    544.64      0.00    248.64      0.00     50.00      0.00    553.07      0.00     85.99
    976    628.73      0.00    824.03      0.35    700.07      0.00     50.00      0.00   3010.94
    977    330.85      0.00    734.23     27.18   1203.19      0.00     50.00      0.00   4076.05
    978    288.22      0.00    740.54     22.72   1063.00      0.00     50.00      0.00   5380.48
    979    253.47      0.00    720.13     64.05    993.63      0.00     80.32      0.00   5448.03
    980    211.54      0.00    557.06     58.66    735.35      0.00    293.84      0.00   4938.24
    981    198.82      0.00    549.97     71.16    343.56      0.00    701.34      0.00   4327.53
    982    212.79      0.00    524.69     17.75    199.40      0.00   1143.67      0.00   3252.21
    983    227.57      0.00    450.26     18.08    282.04      0.00   1221.77      0.00   3038.21
    984    248.14      0.00    332.95      0.00    519.88      0.00    725.45      0.00   3514.93
    985    273.38      0.00    265.58      0.00    657.17      0.00    477.21      0.00   3214.79
    986    304.21      0.00    222.04      0.00    480.68      0.00    699.92      0.00   1726.99
    987    335.87      0.00    212.39      0.00    243.85      0.00    761.90      0.00   1023.76
    988    636.11      0.00    883.85      0.00    272.04      0.00     50.00      0.00   2765.84
    989    374.01      0.00    713.86     17.16   1182.89      0.00    186.09      0.00   3175.48
    990    310.90      0.00    753.83     24.46   1097.04      0.00    218.41      0.00   4416.52
    991    260.59      0.00    719.08     64.74    847.16      0.00    467.54      0.00   4453.36
    992    226.03      0.00    569.60     57.00    664.80      0.00    610.95      0.00   4342.67
    993    208.28      0.00    506.83     48.82    449.27      0.00    856.27      0.00   4193.01
    994    216.10      0.00    496.68     13.07    280.18      0.00   1179.89      0.00   3258.62
    995    231.79      0.00    407.84     17.73    467.72      0.00   1058.36      0.00   3095.34
    996    247.89      0.00    286.22      8.11    841.76      0.00    458.72      0.00   3525.67
    997    267.45      0.00    236.35      0.00    843.79      0.00    320.15      0.00   3099.83
    998    305.31      0.00    212.13      0.00    541.92      0.00    621.65      0.00   1775.11
    999    338.02      0.00    205.18      0.00    324.05      0.00    692.63      0.00    929.74
   1000    326.46      0.00    174.87      0.00    214.19      0.00    638.98      0.00    517.78
   1001    395.04      0.00    204.69      0.00    101.07      0.00    648.93      0.00    105.78
   1002    476.53      0.00    270.14      0.00     50.00      0.00    572.41      0.00     74.31
   1003    759.92      0.00    750.02      0.00     50.03      0.00     50.00      0.00    485.99
   1004    827.45      0.00    956.26      0.00     93.46      0.00     50.00      0.00   1179.67
   1005    810.87      0.00    792.17      0.00    101.68      0.00    343.95      0.00    195.22
   1006    604.79      0.00    634.45      0.00    592.17      0.00     50.00      0.00    394.23
   1007    560.23      0.00    683.61      0.00    464.64      0.00     50.00      0.00   1600.63
   1008    470.86      0.00    613.55      9.47   1275.81      0.00    232.06      0.00   1807.48
   1009    334.33      0.00    758.53     33.79   1037.52      0.00    467.15      0.00   2043.95
   1010    265.15      0.00    707.68     54.31    936.48      0.00    652.95      0.00   1814.12
   1011    220.63      0.00    554.23     69.44    855.68      0.00    613.49      0.00   3176.43
   1012    213.95      0.00    494.57     22.24    626.68      0.00    888.36      0.00   3450.74
   1013    231.88      0.00    413.88     13.44    550.09      0.00   1082.35      0.00   3036.22
   1014    256.68      0.00    285.54      9.10    726.61      0.00    651.09      0.00   3328.79
   1015    272.67      0.00    233.70     10.25    394.63      0.00    771.88      0.00   2362.96
   1016    297.85      0.00    208.40      0.00    510.17      0.00    639.47      0.00   1801.42
   1017    770.26      0.00    789.14      0.00    608.34      0.00    176.48      0.00    392.36
   1018    597.03      0.00    698.63      0.00    714.19      0.00     50.00      0.00    866.27
   1019    416.79      0.00    696.14      0.00   1293.58      0.00     67.43      0.00   1098.06
   1020    311.73      0.00    840.89     30.94   1063.08      0.00    342.77      0.00   1185.15
   1021    264.44      0.00    673.62     50.37   1008.99      0.00    745.11      0.00   1118.07
   1022    218.39      0.00    582.36     80.30    859.74      0.00   1008.96      0.00   1814.20
   1023    207.80      0.00    537.74     78.82    824.80      0.00    965.86      0.00   2566.70
   1024    223.09      0.00    494.50     17.42    751.67      0.00   1156.98      0.00   2830.42
   1025    225.61      0.00    490.64     13.60    650.23      0.00   1085.26      0.00   3083.42
   1026    236.72      0.00    487.32     22.33    563.72      0.00   1296.23      0.00   2739.54
   1027    257.71      0.00    378.89      8.45    479.50      0.00   1183.11      0.00   2600.59
   1028    268.61      0.00    279.78     16.60    504.82      0.00   1149.64      0.00   2127.76
   1029    283.08      0.00    232.09     21.44    576.26      0.00   1068.55      0.00   1845.20
   1030    303.37      0.00    170.65      0.00    585.53      0.00    531.09      0.00   1094.98
   1031    297.60      0.00    179.51      0.00    441.05      0.00    490.83      0.00    642.07
   1032    326.56      0.00    165.09      0.00    258.39      0.00    528.24      0.00    405.09
   1033    490.72      0.00    283.60      0.00     93.92      0.00    701.44      0.00     60.33
   1034    513.07      0.00    495.05      0.00     50.00      0.00    440.40      0.00    231.36
   1035    922.65      0.00    857.75      0.00    340.89      0.00     50.00      0.00   1947.50
   1036    812.59      0.00    946.05      0.00     52.53      0.00     50.00      0.00   1383.64
   1037    378.85      0.00    748.60      0.00    883.59      0.00     50.00      0.00    958.36
   1038    303.39      0.00    756.54     23.02   1126.66      0.00     50.00      0.00   1189.14
   1039    252.86      0.00    663.11     23.83   1083.24      0.00    813.50      0.00    653.72
   1040    213.70      0.00    631.67     67.81    895.11      0.00   1259.19      0.00    663.66
   1041    209.89      0.00    562.25     82.28    888.50      0.00   1315.97      0.00    966.36
   1042    228.27      0.00    501.29     39.07    840.81      0.00   1407.75      0.00   1787.73
   1043    238.21      0.00    475.27     50.67    684.24      0.00   1995.28      0.00   1288.77
   1044    256.88      0.00    375.48     16.71    514.63      0.00   2890.72      0.00    470.78
   1045    263.04      0.00    248.67     34.73    644.73      0.00   2021.98      0.00   1002.14
   1046    269.26      0.00    207.45     33.09    729.34      0.00   1443.43      0.00   1186.04
   1047    303.25      0.00    187.88      0.00    775.97      0.00    292.33      0.00    889.98
   1048    336.74      0.00    189.52      0.00    424.41      0.00    336.83      0.00    425.64
   1049    364.68      0.00    191.99      0.00    232.94      0.00    511.62      0.00    232.00
   1050    407.53      0.00    205.63      0.00    145.84      0.00    650.23      0.00     85.26
   1051    525.22      0.00    327.82      0.00     55.33      0.00    699.75      0.00     50.00
   1052    826.56      0.00   1096.54      0.00    193.37      0.00     50.00      0.00   2441.02
   1053    298.43      0.00    737.25      1.92    768.78      0.00     50.00      0.00   1327.69
   1054    251.45      0.00    705.17     20.01   1155.67      0.00    223.91      0.00    955.66
   1055    217.22      0.00    636.81     42.85   1114.62      0.00    910.58      0.00    407.37
   1056    203.49      0.00    645.94     48.98    906.53      0.00   1308.95      0.00    369.51
   1057    220.47      0.00    534.37     68.72    814.87      0.00   1525.00      0.00    915.24
   1058    233.17      0.00    451.21     68.22    672.68      0.00   2237.07      0.00    630.01
   1059    237.65      0.00    368.68     56.57    494.42      0.00   3009.13      0.00     88.46
   1060    252.71      0.00    296.14     61.74    561.13      0.00   2982.36      0.00    241.72
   1061    691.50      0.00    905.85      0.25    645.93      0.00     50.00      0.00   2146.27
   1062    213.11      0.00    710.03     29.58    717.39      0.00     51.34      0.00   1559.79
   1063    211.75      0.00    694.72     19.19   1047.94      0.00    488.88      0.00    774.36
   1064    190.10      0.00    664.32     80.08    917.94      0.00    998.93      0.00    431.52
   1065    205.94      0.00    552.33     82.50    863.05      0.00   1492.82      0.00    441.16
   1066    216.95      0.00    519.01     80.43    796.64      0.00   1617.66      0.00    636.51
   1067    185.22      0.00    534.59    119.15    913.26      0.00   1385.26      0.00    254.77
   1068    209.00      0.00    567.22     81.82    811.36      0.00   1370.49      0.00    665.28
   1069    217.93      0.00    454.88     76.52    817.02      0.00   1685.39      0.00    682.82
   1070    242.82      0.00    351.18     42.98    678.13      0.00   2324.38      0.00    640.56
   1071    230.68      0.00    400.53     46.17    874.08      0.00   1492.45      0.00   1181.30
   1072    257.65      0.00    300.32     23.52    789.66      0.00   1989.51      0.00   2010.25
   1073    261.96      0.00    307.48     26.66    791.12      0.00   2251.94      0.00   1553.43
   1074    265.43      0.00    252.46     30.30    718.85      0.00   2473.65      0.00    562.83
   1075    294.21      0.00    184.66      0.00    848.20      0.00    167.35      0.00    741.99
   1076    334.10      0.00    203.82      0.00    594.10      0.00    172.69      0.00    392.96
   1077    518.90      0.00    222.90      0.00    227.94      0.00    503.26      0.00    151.49
   1078    477.01      0.00    257.03      0.00     59.35      0.00    761.40      0.00     50.00
   1079    285.18      0.00    189.76      0.00    840.38      0.00    412.44      0.00   1048.07
   1080    304.27      0.00    196.05      0.00    706.54      0.00    269.55      0.00    525.54
   1081    336.29      0.00    226.44      0.00    360.55      0.00    301.53      0.00    257.99
   1082    387.55      0.00    237.64      0.00     96.24      0.00    659.61      0.00     54.18
   1083    492.50      0.00    338.45      0.00     50.42      0.00    727.32      0.00     50.00
   1084    332.70      0.00    207.99      0.00    385.12      0.00    475.61      0.00    302.87
   1085    358.23      0.00    239.83      0.00    126.36      0.00    553.53      0.00    114.10
   1086    475.71      0.00    349.49      0.00     50.00      0.00    631.96      0.00     58.85
   1087    299.38      0.00    201.74     17.42    737.52      0.00    850.78      0.00   1052.67
   1088    326.74      0.00    191.76      0.00    451.58      0.00    889.04      0.00    511.10
   1089    301.52      0.00    236.02     18.91    632.96      0.00   2031.36      0.00    622.55
   1090    353.83      0.00    208.80      0.00    234.32      0.00    887.09      0.00    194.00
   1091    401.49      0.00    263.23      0.00     74.79      0.00    648.02      0.00    225.67
   1092    396.52      0.00    265.94      0.00     69.34      0.00    654.61      0.00    135.79
   1093    492.33      0.00    316.50      0.00     50.00      0.00    685.82      0.00     50.00
   1094    331.92      0.00    189.54      1.54    437.14      0.00   1317.23      0.00    211.94
   1095    365.36      0.00    197.46      0.00    381.54      0.00    663.76      0.00    295.08
   1096    405.02      0.00    260.21      0.00    156.28      0.00    558.50      0.00    257.36
   1097    846.29      0.00    337.79      0.00     50.00      0.00    715.96      0.00     66.59
   1098    474.58      0.00    327.63      0.00     68.51      0.00    690.66      0.00     92.95
   1099    289.62      0.00    244.23     19.87    617.98      0.00   2345.52      0.00    870.13
   1100    324.61      0.00    189.23      3.38    553.73      0.00   1405.96      0.00    122.15
   1101    345.50      0.00    173.72      0.00    572.78      0.00    661.58      0.00    279.72
   1102    366.60      0.00    159.59      0.00    562.51      0.00    233.87      0.00    470.02
   1103    593.05      0.00    445.32      0.00    243.93      0.00    424.05      0.00    285.28
   1104    527.29      0.00    413.20      0.00    450.33      0.00     96.85      0.00    558.47
   1105    219.88      0.00    479.61     63.95    822.35      0.00   1424.43      0.00   1171.77
   1106    247.21      0.00    305.93     29.26    698.30      0.00   1873.63      0.00   2136.47
   1107    278.69      0.00    245.96     19.98    571.23      0.00   2186.35      0.00   1388.85
   1108    307.18      0.00    198.38     11.72    601.48      0.00   1644.71      0.00    194.91
   1109    325.77      0.00    136.21      0.00    870.48      0.00    709.93      0.00    111.76
   1110    349.06      0.00    122.35      0.00    811.13      0.00    254.64      0.00    372.87
   1111    386.88      0.00    117.57      0.00    652.78      0.00     50.01      0.00    613.06
   1112    637.28      0.00    417.65      0.00    363.80      0.00     50.00      0.00    834.41
   1113    373.90      0.00    621.07     11.78    374.60      0.00     50.00      0.00   2042.76
   1114    182.89      0.00    780.13     21.78    521.86      0.00     50.00      0.00   1636.38
   1115    182.88      0.00    884.24     40.36    707.18      0.00    196.85      0.00   1194.82
   1116    182.76      0.00    739.36     94.53    801.32      0.00    647.35      0.00    782.48
   1117    183.25      0.00    635.36    118.04    825.76      0.00   1083.80      0.00    440.65
   1118    192.07      0.00    623.17    116.88    774.65      0.00   1348.56      0.00    456.69
   1119    209.35      0.00    512.70     64.26    727.82      0.00   1466.82      0.00   1052.34
   1120    231.23      0.00    353.49     33.93    678.07      0.00   1544.43      0.00   2102.06
   1121    254.25      0.00    271.86     20.64    603.67      0.00   1698.25      0.00   2454.32
   1122    261.74      0.00    235.78     16.83    604.13      0.00   1833.91      0.00   1707.93
   1123    292.02      0.00    210.84     15.47    628.80      0.00   1821.30      0.00    457.41
   1124    186.69      0.00    724.04     70.65    166.07      0.00     50.00      0.00   2102.91
   1125    184.94      0.00    747.34     42.07    366.40      0.00     50.00      0.00   1857.49
   1126    186.19      0.00    825.28     78.42    632.80      0.00    104.75      0.00   1425.36
   1127    187.31      0.00    843.44    119.81    591.24      0.00    668.55      0.00    872.70
   1128    189.20      0.00    702.68     99.64    668.26      0.00   1134.46      0.00    514.48
   1129    199.57      0.00    530.06     86.81    507.52      0.00   1499.02      0.00    930.61
   1130    250.95      0.00    283.51     20.65    655.91      0.00   1477.29      0.00   2584.33
   1131    272.72      0.00    243.29     16.20    638.54      0.00   1650.83      0.00   2120.58
   1132    302.57      0.00    206.49     12.03    718.56      0.00   1744.21      0.00    556.72
   1133    357.76      0.00    143.75      0.00    911.84      0.00    970.87      0.00     50.00
   1134    394.04      0.00     98.04      0.00    737.25      0.00     75.61      0.00    545.10
   1135    491.24      0.00    416.89      0.00    468.30      0.00     50.00      0.00    789.77
   1136    714.49      0.00    321.02      0.00    325.51      0.00     50.00      0.00    757.63
   1137    675.01      0.00    383.48      0.00    370.26      0.00     50.00      0.00    749.09
   1138    192.71      0.00    743.89     99.60    618.52      0.00    422.48      0.00   1153.75
   1139    194.93      0.00    615.19     69.78    514.32      0.00    725.06      0.00   1204.32
   1140    202.71      0.00    540.09     95.80    536.58      0.00   1116.75      0.00   1522.51
   1141    226.07      0.00    423.55     50.34    646.00      0.00   1403.66      0.00   2061.29
   1142    247.89      0.00    344.35     32.19    720.98      0.00   1226.09      0.00   2567.66
   1143    273.65      0.00    258.38     23.12    812.64      0.00   1347.55      0.00   2333.29
   1144    305.95      0.00    203.14      0.00    901.31      0.00   1643.08      0.00    893.50
   1145    364.91      0.00    157.67      0.00    907.79      0.00   1387.81      0.00     50.00
   1146    401.86      0.00    126.50      0.00    752.54      0.00    606.87      0.00    126.75
   1147    443.76      0.00    114.98      0.00    567.04      0.00    214.73      0.00    584.96
   1148    545.60      0.00    246.36      0.00    335.86      0.00     50.00      0.00    748.92
   1149    396.68      0.00    142.90      0.00    805.06      0.00   1111.13      0.00     50.00
   1150    443.80      0.00    145.15      0.00    682.89      0.00    310.59      0.00    437.94
   1151    816.75      0.00    376.41      0.00    406.13      0.00     50.00      0.00    787.59
   1152    358.57      0.00    645.61      4.60     90.28      0.00     50.00      0.00   1812.49
   1153    209.64      0.00    606.36    103.35    156.32      0.00     50.00      0.00   2231.02
   1154    197.64      0.00    697.70     89.73    152.66      0.00     50.00      0.00   2165.46
   1155    196.20      0.00    823.68    114.62    164.62      0.00     50.00      0.00   2066.64
   1156    191.89      0.00    750.07    119.53    382.62      0.00     50.00      0.00   1795.52
   1157    194.08      0.00    722.62     94.78    529.18      0.00     50.00      0.00   1568.79
   1158    196.97      0.00    694.64     77.25    286.92      0.00     50.00      0.00   1799.17
   1159    202.64      0.00    667.23    102.12    515.86      0.00     89.97      0.00   1630.26
   1160    212.92      0.00    553.10     74.10    601.82      0.00    643.43      0.00   1746.36
   1161    241.38      0.00    373.76     47.80    719.64      0.00    935.37      0.00   2561.13
   1162    270.67      0.00    252.51     33.46    922.46      0.00   1072.34      0.00   2327.18
   1163    299.14      0.00    202.81      4.12   1043.24      0.00   1269.98      0.00   1632.10
   1164    352.19      0.00    151.71      0.00   1013.67      0.00   1301.55      0.00    145.39
   1165    405.37      0.00    129.90      0.00    899.63      0.00    542.05      0.00    300.39
   1166    481.66      0.00    145.53      0.00    674.14      0.00     50.00      0.00    842.18
   1167    772.66      0.00    301.74      0.00    552.85      0.00     50.00      0.00    830.05
   1168    245.78      0.00    385.90     39.59    631.67      0.00    909.72      0.00   2548.62
   1169    295.98      0.00    205.34     23.15   1099.75      0.00    770.68      0.00   2205.84
   1170    342.91      0.00    144.39      0.00   1102.99      0.00    523.19      0.00   1664.96
   1171    402.20      0.00    146.15      0.00   1079.61      0.00     74.95      0.00   1679.74
   1172    459.00      0.00    140.86      0.00    774.74      0.00     50.00      0.00   1694.60
   1173    643.40      0.00    215.23      0.00    551.20      0.00     50.00      0.00    819.69
   1174    726.40      0.00    302.18      0.00    455.75      0.00     50.00      0.00    903.96
   1175    248.55      0.00    806.00     93.76    194.27      0.00     50.00      0.00   1639.98
   1176    199.24      0.00    897.65     73.05    123.64      0.00     50.00      0.00   2102.73
   1177    199.37      0.00    709.30     97.21    161.36      0.00     50.00      0.00   2158.83
   1178    200.85      0.00    578.45     60.06    221.51      0.00     50.00      0.00   2010.09
   1179    204.77      0.00    435.21    113.90    295.54      0.00     50.00      0.00   1938.52
   1180    207.69      0.00    558.73     71.89    534.49      0.00    649.98      0.00   1664.66
   1181    242.07      0.00    419.61     35.11    499.08      0.00    987.07      0.00   2440.66
   1182    281.01      0.00    268.48     21.14    889.77      0.00    651.99      0.00   2624.16
   1183    336.75      0.00    172.63      9.36   1067.95      0.00    345.23      0.00   2638.57
   1184    408.86      0.00    162.83      0.00    957.06      0.00     50.00      0.00   2360.93
   1185    556.67      0.00    147.18      0.00    664.12      0.00     50.00      0.00    988.31
   1186    742.01      0.00    308.38      0.00    414.92      0.00     50.00      0.00    932.94
   1187    341.98      0.00    625.15      1.52     55.32      0.00     50.00      0.00    965.16
   1188    243.74      0.00    796.67     46.82    176.41      0.00     50.00      0.00   1281.71
   1189    208.68      0.00    799.47    128.70    178.70      0.00     50.00      0.00   2164.59
   1190    207.63      0.00    332.50     41.43    863.59      0.00    123.98      0.00   1398.00
   1191    217.64      0.00    429.28     44.10    677.92      0.00    714.09      0.00   1547.94
   1192    258.47      0.00    322.23     35.65    871.06      0.00    765.69      0.00   2277.82
   1193    309.41      0.00    198.26     22.38   1145.83      0.00    259.56      0.00   2770.30
   1194    317.44      0.00    655.52      0.00     50.00      0.00     50.00      0.00    792.37
   1195    258.53      0.00    733.44     98.51    151.83      0.00     50.00      0.00   1040.25
   1196    212.93      0.00    767.10    141.78    213.14      0.00     50.00      0.00   1852.78
   1197    217.21      0.00    541.91     74.88    346.13      0.00     50.00      0.00   1987.53
   1198    217.02      0.00    368.02     67.41    592.45      0.00     50.00      0.00   1777.98
   1199    214.23      0.00    305.91     83.76    756.79      0.00     77.68      0.00   1582.57
   1200    207.63      0.00    271.30     59.92    853.34      0.00    191.03      0.00   1350.84
   1201    227.45      0.00    263.08     41.47    886.60      0.00    483.63      0.00   1112.98
   1202    243.34      0.00    304.90     34.75    917.10      0.00    627.54      0.00   1190.65
   1203    295.62      0.00    249.01     20.98   1161.95      0.00    258.75      0.00   2617.51
   1204    440.35      0.00    195.98      0.00   1116.92      0.00     50.00      0.00   2440.14
   1205    552.81      0.00    218.41      0.00   1184.21      0.00     50.00      0.00   1164.95
   1206    735.58      0.00    275.14      0.00    656.31      0.00     50.03      0.00    831.75
   1207    950.02      0.00    328.78      0.00    495.96      0.00     50.00      0.00    947.70
   1208   1237.46      0.00    944.98      0.00     60.41      0.00     90.96      0.00     53.17
   1209    682.53      0.00    727.70      0.00    153.13      0.00     50.00      0.00     52.69
   1210    738.60      0.00    682.32      0.00     50.00      0.00     50.00      0.00    161.66
   1211    544.95      0.00    624.04      0.00     50.00      0.00     50.00      0.00    290.65
   1212    880.28      0.00    942.01      0.00     51.57      0.00     91.77      0.00     50.00
   1213    540.69      0.00    545.78      0.00     50.00      0.00     50.00      0.00    288.82
   1214    462.04      0.00    467.62      0.00     50.00      0.00     50.00      0.00    590.43
   1215    353.30      0.00    543.33      4.14     54.14      0.00     50.00      0.00    906.00
   1216    231.02      0.00    651.90     87.88    137.88      0.00     50.00      0.00   1080.23
   1217    222.96      0.00    426.62     66.28    410.62      0.00     50.00      0.00   1644.24
   1218    222.21      0.00    336.17     79.53    673.46      0.00     81.29      0.00   1558.00
   1219    217.97      0.00    225.91     83.09    816.42      0.00    344.98      0.00   1262.14
   1220    223.26      0.00    223.99     72.02    919.38      0.00    446.97      0.00   1039.30
   1221    253.33      0.00    300.90     40.03    932.25      0.00    571.46      0.00    993.84
   1222    279.31      0.00    294.61     23.18   1089.34      0.00    549.68      0.00   1357.61
   1223    307.04      0.00    261.18      8.64   1198.15      0.00    242.82      0.00   2527.17
   1224    397.52      0.00    241.40      0.00    983.63      0.00     50.00      0.00   2950.88
   1225    528.41      0.00    263.82      0.00    830.68      0.00     50.00      0.00   2105.85
   1226    857.37      0.00    403.88      0.00    864.14      0.00    121.93      0.00    671.88
   1227    804.40      0.00    401.20      0.00    422.79      0.00     50.00      0.00    830.54
   1228    822.98      0.00    409.74      0.00     50.00      0.00     50.00      0.00    415.79
   1229    702.08      0.00    638.48      0.00     53.88      0.00     50.00      0.00    249.04
   1230    595.47      0.00    626.83      0.00     57.03      0.00     50.00      0.00    323.13
   1231    478.18      0.00    435.38      0.00     50.00      0.00     50.00      0.00    715.21
   1232    382.23      0.00    377.17      2.70     52.70      0.00     50.00      0.00   1195.80
   1233    237.40      0.00    251.11     51.91    480.52      0.00     50.00      0.00   1324.85
   1234    227.49      0.00    225.80     39.79    745.12      0.00     50.00      0.00   1378.75
   1235    228.42      0.00    301.88     30.29    918.01      0.00     87.55      0.00   1229.12
   1236    241.38      0.00    401.19     23.67    890.86      0.00    161.63      0.00   1154.52
   1237    268.59      0.00    313.05     20.74    967.62      0.00    425.75      0.00   1068.60
   1238    312.44      0.00    301.19      0.00   1167.05      0.00    545.78      0.00   1386.52
   1239    353.61      0.00    291.82      0.00   1261.32      0.00    315.06      0.00   2292.94
   1240    451.76      0.00    292.20      0.00   1007.20      0.00     50.00      0.00   2927.70
   1241    654.55      0.00    385.18      0.00    757.05      0.00     50.00      0.00   2365.55
   1242    887.51      0.00    554.76      0.00    769.67      0.00     61.65      0.00    886.06
   1243   1042.30      0.00    605.93      0.00    203.74      0.00     50.00      0.00   1083.72
   1244   1300.96      0.00    732.62      0.00     50.00      0.00     50.00      0.00    367.31
   1245    827.36      0.00    750.20      0.00     66.79      0.00     50.00      0.00    134.42
   1246    664.76      0.00    530.65      0.00     51.02      0.00     50.00      0.00    366.45
   1247    565.52      0.00    204.67      0.00     50.00      0.00     50.00      0.00    809.68
   1248    468.02      0.00    215.15      0.00     50.00      0.00     50.00      0.00   1091.31
   1249    273.72      0.00    438.86     32.02    268.26      0.00     50.00      0.00   1208.36
   1250    247.43      0.00    264.79     11.29    587.10      0.00     50.00      0.00   1423.83
   1251    245.85      0.00    344.82     26.72    622.64      0.00     50.00      0.00   1487.13
   1252    265.78      0.00    426.12     11.78    673.73      0.00     50.00      0.00   1462.17
   1253   1240.73      0.00    749.36      0.00     50.00      0.00     50.00      0.00    337.45
   1254    742.75      0.00    483.02      0.00     50.00      0.00     50.00      0.00    438.73
   1255   1529.41      0.00    970.11      0.00     50.00      0.00     50.00      0.00    232.80
   1256    748.04      0.00    362.39      0.00     50.00      0.00     50.00      0.00    521.69
   1257    473.82      0.00    254.47      0.00     50.00      0.00     50.00      0.00   1136.38
   1258    247.44      0.00    365.10     20.41    201.35      0.00     50.00      0.00   1507.71
   1259    240.95      0.00    381.51     14.03    382.13      0.00     50.00      0.00   1551.59
   1260    282.40      0.00    370.06     19.42    931.19      0.00    274.36      0.00   1180.90
   1261    340.94      0.00    298.86     30.67   1103.61      0.00    609.38      0.00   1449.47
   1262    390.67      0.00    288.95      0.00   1099.72      0.00    646.64      0.00   2245.24
   1263    504.60      0.00    348.34      0.00    978.58      0.00    815.49      0.00   2161.68
   1264    762.57      0.00    558.87      0.00    878.20      0.00    166.70      0.00   1825.42
   1265    946.95      0.00    690.66      0.00    439.46      0.00     50.00      0.00   1212.12
   1266   1253.52      0.00    842.61      0.00     99.14      0.00     50.00      0.00   1212.87
   1267   1313.25      0.00    718.32      0.00     50.00      0.00     50.00      0.00    574.35
   1268    659.34      0.00    289.77      0.00     50.00      0.00     50.00      0.00    648.03
   1269    411.63      0.00    306.32     17.80    127.67      0.00     50.00      0.00   1284.15
   1270    257.09      0.00    401.85     19.17    161.31      0.00     50.00      0.00   1603.73
   1271    290.20      0.00    357.20      2.40    443.91      0.00     50.00      0.00   1698.17
   1272    296.42      0.00    344.61      0.73    783.97      0.00     50.00      0.00   1531.21
   1273    300.36      0.00    312.81     18.61    870.43      0.00    531.33      0.00   1116.55
   1274    345.36      0.00    296.68     21.00    969.59      0.00    782.47      0.00   1237.79
   1275    391.69      0.00    302.29      0.00   1035.90      0.00   1066.93      0.00   2015.58
   1276    498.05      0.00    335.59      0.00    970.20      0.00   1416.01      0.00   1598.99
   1277    552.62      0.00    341.69      0.00    874.65      0.00    856.29      0.00   1646.37
   1278    985.73      0.00    607.50      0.00    607.63      0.00     52.97      0.00   1679.65
   1279    990.72      0.00    533.06      0.00    318.88      0.00     50.00      0.00   1783.38
   1280   1530.38      0.00    492.02      0.00     50.00      0.00     50.00      0.00    917.53
   1281    703.67      0.00    261.39      0.00     54.33      0.00     50.00      0.00    984.39
   1282    491.45      0.00    303.55     17.68    227.81      0.00     50.00      0.00   1323.74
   1283    258.99      0.00    360.80     20.59    365.01      0.00     50.00      0.00   1488.81
   1284    256.55      0.00    380.51     23.71    547.77      0.00     50.00      0.00   1621.59
   1285    265.20      0.00    377.84     18.80    780.60      0.00     62.55      0.00   1585.67
   1286    312.62      0.00    324.97     19.25    740.57      0.00    725.83      0.00   1170.48
   1287    328.38      0.00    299.84     18.99    953.62      0.00    736.22      0.00   1569.00
   1288    355.73      0.00    282.24      0.00   1118.97      0.00   1113.00      0.00   1929.01
   1289    416.27      0.00    265.17      0.00   1071.44      0.00   1683.08      0.00   1475.99
   1290    517.95      0.00    338.62      0.00    974.94      0.00   1410.73      0.00   1452.55
   1291    990.10      0.00    674.29      0.00    860.90      0.00    418.09      0.00   1555.11
   1292   1110.61      0.00    870.24      0.00    517.37      0.00     50.00      0.00   1995.22
   1293   1547.40      0.00    537.03      0.00     50.00      0.00     50.00      0.00   1035.65
   1294    625.57      0.00    423.70      0.00     88.74      0.00     50.00      0.00   1162.70
   1295    451.11      0.00    396.89      0.00    385.21      0.00     50.00      0.00   1297.66
   1296    318.81      0.00    407.42     33.81    627.74      0.00     50.00      0.00   1245.52
   1297    264.59      0.00    461.09     24.89    619.83      0.00     50.00      0.00   1623.48
   1298    291.69      0.00    344.07     18.73    649.21      0.00    751.94      0.00   1394.18
   1299    323.71      0.00    292.80     25.05    985.94      0.00    642.05      0.00   1888.25
   1300    330.16      0.00    266.62      9.49   1113.94      0.00    992.71      0.00   2042.67
   1301    367.78      0.00    215.50      0.00   1035.81      0.00   2066.67      0.00   1490.37
   1302    568.81      0.00    335.14      0.00    983.03      0.00   1610.45      0.00   1330.32
   1303    820.82      0.00    637.76      0.00    973.33      0.00    335.09      0.00   1908.98
   1304    480.39      0.00    187.10      0.00    746.51      0.00     50.00      0.00   2257.11
   1305   1776.46      0.00   1746.54      0.00     50.00      0.00     50.00      0.00    382.25
   1306   1056.17      0.00    742.82      0.00     50.00      0.00     50.00      0.00   1006.67
   1307    762.96      0.00    703.13      0.00     66.24      0.00     50.00      0.00   1314.99
   1308    386.01      0.00    464.04     15.64    124.45      0.00     50.00      0.00   1836.63
   1309    277.66      0.00    449.35     19.63    550.93      0.00     50.00      0.00   2017.13
   1310    295.94      0.00    385.75     20.18    618.40      0.00    484.83      0.00   1747.82
   1311    312.83      0.00    297.73     31.62    798.19      0.00    825.69      0.00   1876.97
   1312    337.70      0.00    244.76      0.00   1074.22      0.00   1109.84      0.00   2207.05
   1313    368.96      0.00    214.47      0.00    998.23      0.00   2345.21      0.00   1718.44
   1314    501.50      0.00    264.85      0.00   1071.06      0.00   1618.12      0.00   1344.78
   1315    434.62      0.00    264.76      0.00   1365.42      0.00    939.77      0.00   1494.85
   1316    687.06      0.00    394.55      0.00   1115.57      0.00    359.64      0.00   1076.06
   1317    401.91      0.00    172.83      0.00   1242.79      0.00   2417.91      0.00   1036.68
   1318   1960.62      0.00   1405.96      0.00     50.00      0.00     50.00      0.00    660.70
   1319   1224.42      0.00    692.73      0.00     50.00      0.00     50.00      0.00    986.27
   1320   1018.22      0.00    658.28      0.00     50.00      0.00     50.00      0.00   1144.01
   1321    883.89      0.00    630.35      0.00     53.85      0.00     50.00      0.00   1530.60
   1322    292.78      0.00    397.63     21.31    243.96      0.00     50.00      0.00   2078.44
   1323    302.61      0.00    327.29     41.73    594.89      0.00    557.26      0.00   1840.90
   1324    336.65      0.00    274.66      0.00    767.46      0.00    740.10      0.00   2495.95
   1325    352.97      0.00    244.27      0.00    825.09      0.00   1918.89      0.00   2613.54
   1326    381.74      0.00    218.52      0.00   1043.18      0.00   2714.76      0.00   1672.72
   1327    400.69      0.00    192.37      0.00   1345.11      0.00   2888.38      0.00    639.06
   1328    414.97      0.00    178.99      0.00   1417.67      0.00   1846.51      0.00    650.24
   1329   1542.44      0.00   1039.21      0.00     50.00      0.00     50.00      0.00    495.55
   1330   1215.47      0.00    832.44      0.00     50.00      0.00     50.00      0.00    796.60
   1331    500.75      0.00    586.06      0.00     65.11      0.00     50.00      0.00   2199.23
   1332    316.72      0.00    384.09     78.32    518.71      0.00    380.30      0.00   2443.11
   1333    332.51      0.00    299.30      0.00    684.42      0.00    977.95      0.00   2787.16
   1334    351.28      0.00    277.00      0.00    737.71      0.00   2430.50      0.00   3290.20
   1335    360.12      0.00    303.83      0.00   1044.55      0.00   2663.05      0.00   2650.97
   1336    354.03      0.00    274.80      0.00   1261.73      0.00   2574.85      0.00   1965.47
   1337    438.89      0.00    289.97      0.00   1299.70      0.00   2126.57      0.00    568.11
   1338    736.16      0.00    465.98      0.00   1015.21      0.00    664.52      0.00   1048.75
   1339   1561.39      0.00   1152.98      0.00     50.00      0.00     50.00      0.00    843.19
   1340    846.60      0.00    661.01      0.00    277.21      0.00     50.00      0.00   1106.77
   1341    304.58      0.00    527.77     21.47    213.43      0.00     50.00      0.00   1620.38
   1342    299.65      0.00    519.99     19.98    731.79      0.00     75.44      0.00   2089.47
   1343    304.85      0.00    402.20     33.88    730.78      0.00   1355.36      0.00   2423.57
   1344    325.05      0.00    275.23     31.66    717.55      0.00   2231.95      0.00   3371.77
   1345    333.10      0.00    346.76     21.11    936.70      0.00   2612.39      0.00   3374.81
   1346    338.11      0.00    285.33     19.66   1126.25      0.00   2850.31      0.00   3110.63
   1347    432.70      0.00    309.36     19.73   1255.89      0.00   2396.34      0.00   1750.78
   1348    567.34      0.00    381.03     22.45   1123.24      0.00    538.57      0.00   2284.76
   1349   1064.34      0.00    656.70      0.00     50.00      0.00     50.00      0.00    723.82
   1350    546.18      0.00    621.12      0.00     86.83      0.00     50.00      0.00   1370.01
   1351    545.13      0.00    664.45      0.19     50.19      0.00     50.00      0.00   1749.39
   1352    292.07      0.00    601.14     26.38    687.60      0.00     50.00      0.00   2067.87
   1353    292.75      0.00    579.51     20.00    985.77      0.00    468.82      0.00   2584.60
   1354    301.21      0.00    500.69     22.24    758.37      0.00   1687.31      0.00   3093.29
   1355    295.22      0.00    398.60     27.49   1019.13      0.00   2066.12      0.00   4502.18
   1356    302.19      0.00    371.75     22.12    968.26      0.00   3165.14      0.00   4282.35
   1357    393.63      0.00    290.47     39.64   1169.16      0.00   2781.56      0.00   3521.62
   1358    498.64      0.00    346.09      0.28   1089.80      0.00    603.64      0.00   2905.34
   1359    782.37      0.00    500.77      0.00    690.51      0.00     50.00      0.00   2251.89
   1360   1281.72      0.00    993.25      0.00     70.56      0.00     50.00      0.00   1108.33
   1361    656.90      0.00    568.78      0.10    771.10      0.00    244.38      0.00   1554.07
   1362    379.78      0.00    603.35     22.21    537.00      0.00     50.00      0.00   2270.49
   1363    336.82      0.00    572.22     19.91   1073.12      0.00     74.57      0.00   2694.13
   1364    322.83      0.00    523.45     29.46   1098.83      0.00    531.58      0.00   3782.86
   1365    334.01      0.00    295.16     27.88   1242.98      0.00   1760.60      0.00   4459.03
   1366    371.90      0.00    409.25     71.80   1036.95      0.00   3307.31      0.00   3967.85
   1367    403.16      0.00    436.00     18.15    996.63      0.00   3164.59      0.00   4210.90
   1368   2051.33      0.00   1254.37      0.00    583.19      0.00     50.00      0.00   1955.00
   1369    891.57      0.00    416.37      0.00   1211.43      0.00    457.05      0.00   1918.23
   1370    527.91      0.00    394.39     33.30   1208.58      0.00    504.41      0.00   2260.45
   1371   3012.32      0.00   1465.12      0.00   1224.70      0.00     50.00      0.00   1957.08
   1372    748.41      0.00    304.92      8.18   1475.40      0.00   1016.10      0.00   1710.88
   1373    509.40      0.00    362.47     51.12   1281.32      0.00   1168.90      0.00   3060.15
   1374   2169.19      0.00   1696.15      0.00   1128.03      0.00     50.00      0.00   2065.89
   1375   1215.08      0.00    442.39      0.00   1441.00      0.00    684.04      0.00   1907.77
   1376    565.85      0.00    327.86      7.62   1312.07      0.00   1105.85      0.00   2402.03
   1377    638.07      0.00    250.04     17.53   1399.61      0.00   1720.29      0.00   2596.83
   1378    488.86      0.00    329.37     14.67   1191.46      0.00   1857.04      0.00   3960.92
   1379    477.96      0.00    331.86     24.53   1163.97      0.00   1992.36      0.00   4863.96
   1380   1183.37      0.00    835.78      0.00   1099.97      0.00    685.86      0.00   2809.08
   1381   1314.93      0.00    981.92      0.00    692.11      0.00     63.05      0.00   2656.14
   1382   3448.72      0.00   2426.98      0.00    824.64      0.00     50.00      0.00   2610.34
   1383    726.42      0.00    244.23     17.07   1510.69      0.00   1323.92      0.00   2223.85
   1384    540.39      0.00    285.88      0.17   1269.81      0.00   1682.58      0.00   3554.06
   1385    597.20      0.00    534.11      0.00   1186.59      0.00   1222.93      0.00   4622.52
   1386   2496.68      0.00   1947.69      0.00   1281.88      0.00     50.00      0.00   2309.72
   1387    949.84      0.00    178.85      0.00   1672.10      0.00    482.26      0.00   1852.98
   1388    738.28      0.00    266.99      0.00   1104.29      0.00     66.15      0.00   2775.33
   1389   1290.60      0.00    799.15      0.00    569.63      0.00     50.00      0.00   2905.89
   1390   3078.21      0.00    735.70      0.00   2039.83      0.00     50.00      0.00   1792.88
   1391   1079.82      0.00    132.95      0.00   1181.87      0.00     50.00      0.00   2511.13
   1392   1611.11      0.00    900.35      0.00    544.27      0.00     50.00      0.00   2765.85
   1393   2016.52      0.00   1201.19      0.00    210.52      0.00     50.00      0.00   3056.24
