C*******************************************************************************
C
C                  INTEGRATED WATER FLOW MODEL (IWFM)
C
C*******************************************************************************
C
C                  STREAM INFLOW DATA FILE
C                     Stream Component
C                    *** Version 4.2 ***
C
C
C             Project:  C2VSim Coarse Grid (C2VSimCG)
C                       California Central Valley Groundwater-Surface Water Simulation Model
C             Filename: C2VSimCG_Streaminflow.dat
C             Version:  C2VSimCG v2025 
C
C*******************************************************************************
C
C  California Central Valley Groundwater-Surface Water Flow Model - Coarse Grid (C2VSimCG)
C  Copyright (C) 2003-2025
C  State of California, Department of Water Resources 
C
C  This model is free: you can redistribute it and/or modify it 
C  under the terms of the GNU General Public License as published 
C  by the Free Software Foundation, either version 3 of the License, 
C  or (at your option) any later version.
C
C  This model is distributed in the hope that it will be useful, but  
C  WITHOUT ANY WARRANTY; without even the implied warranty of MERCHANTABILITY
C  or FITNESS FOR A PARTICULAR PURPOSE. See the GNU General Public 
C  License for more details.
C
C  You should have received a copy of the GNU General Public License 
C  along with this model. If not, see (https://www.gnu.org/licenses/).
C
C  For technical support, e-mail: IWFMtechsupport@water.ca.gov 
C
C*******************************************************************************
C                           File Description
C
C   This data file contains the inflows to the stream nodes that are modeled.
C
C*******************************************************************************
C                       Stream Inflow Data Specifications
C
C   NCOLSTRM; Total number of stream inflows (or pathnames if DSS files are used)
C   FACTSTRM; Conversion factor for stream inflow 
C              It is used to convert only the spatial component of the unit; 
C              DO NOT include the conversion factor for time component of the unit.
C              * e.g. Unit of flow listed in this file           = AC-FT/MONTH
C                     Consistent unit used in simulation         = CU.FT/DAY 
C                     Enter FACTSTRM (AC-FT/MONTH -> CU.FT/MONTH)= 43560.0 
C                      (conversion of MONTH -> DAY is performed automatically) 
C   NSPSTRM ; Number of time steps to update the stream inflows
C              * Enter any number if time-tracking option is on
C   NFQSTRM ; Repetition frequency of the stream inflow data 
C              * Enter 0 if full time series data is supplied
C              * Enter any number if time-tracking option is on
C   DSSFL   ; The name of the DSS file for data input (maximum 50 characters); 
C              * Leave blank if DSS file is not used for data input
C
C-------------------------------------------------------------------------------
C         VALUE                                      DESCRIPTION
C-------------------------------------------------------------------------------
          58                                         / NCOLSTRM
          43560000.0                                 / FACTSTRM  (TAF/mon --> ft^3/mon)  
          1                                          / NSPSTRM
          0                                          / NFQSTRM
                                                     / DSSFL
C-------------------------------------------------------------------------------
C                      Stream Inflow Location Information
C
C   List the inflow identification numbers and stream nodes where the inflow occurs.
C
C   ID  ;    Inflow identification number 
C   IRST;    Stream node where inflow occurs
C            * Enter 0 if the inflow listed in the corresponding column 
C              will not be used
C              
C-------------------------------------------------------------------------------
C   ID   IRST                        
C-------------------------------------------------------------------------------
    1     311             / Sacramento River
    2     308             / Clear Creek
    3     318             / Cow Creek
    4     341             / Battle Creek
    5     325             / NF Cottonwood Creek
    6     327             / MF Cottonwood Creek
    7     333             / SF Cottonwood Creek
    8     346             / Paynes and Sevenmile Creek
    9     354             / Antelope Creek Group
    10    364             / Mill Creek
    11    358             / Elder Creek
    12    369             / Thomes Creek
    13    377             / Deer Creek Group
    14    394             / Black Butte Release to Stony Creek
    15    388             / Stony Creek North Fork
    16    391             / Stony Creek South Fork
    17    384             / Big Chico Creek
    18    450             / Butte and Little Chico Creeks
    19    468             / Feather River
    20    473             / Honcut Creek North Fork
    21    473             / Honcut Creek South Fork
    22    480             / Yuba River
    23    488             / Bear River
    24    0               / Cache Above Rumsey
    25    521             / Cache Creek below Diversion Dam
    26    505             / American River
    27    532             / Putah Creek
    28    291             / Cosumnes River
    29    285             / Dry Creek
    30    276             / Mokelumne River
    31    264             / Calaveras River
    32    249             / Stanislaus River
    33    238             / Tuolumne River
    34    231             / Orestimba Creek
    35    219             / Merced River
    36    204             / Bear Creek Group
    37    189             / Deadman's Creek
    38    171             / Chowchilla River
    39    153             / Fresno River
    40    138             / San Joaquin River
    41    121             / Little Panoche Creek
    42    117             / Panoche Creek North Fork
    43    117             / Panoche Creek South Fork
    44    114             / Cantua Creek
    45    108             / Los Gatos Creek
    46    105             / Zapato Chino Creek
    47    79              / Kings River
    48    69              / Kaweah River
    49    59              / Tule River
    50    49              / Deer Creek
    51    39              / White River
    52    10              / Poso Creek
    53    1               / Kern River
    54    42              / FKC Wasteway Deliveries to Kings River
    55    60              / FKC Wasteway Deliveries to Tule River
    56    70              / FKC Wasteway Deliveries to Kaweah River
    57    4               / Cross-Valley Canal deliveries to Kern River
    58    4               / Friant-Kern Canal deliveries to Kern River
C-------------------------------------------------------------------------------
C                          Stream Inflow Data 
C                         (READ FROM THIS FILE)
C
C   List the stream inflow data below, if it will not be read from a DSS
C   file (i.e. DSSFL is left blank above).
C
C   ITST ;   Time
C   ASTRM;   Stream inflow at the stream node specified above; [L^3/T] 
C               
C-------------------------------------------------------------------------------
C   ITST                ASTRM1  ASTRM2  ASTRM3  ...                
C                              1           2           3           4           5           6           7           8           9          10          11          12          13          14          15          16          17          18          19          20          21          22          23          24          25          26          27          28          29          30          31          32          33          34          35          36          37          38          39          40          41          42          43          44          45          46          47          48          49          50          51          52          53          54          55          56          57          58
C-------------------------------------------------------------------------------
    10/31/1973_24:00      439.14        3.12        8.01       19.30        1.89        1.89        0.87        0.74        3.19        8.19        0.54        1.86        7.48        4.13        0.03       16.90        2.08        8.67      184.98        0.49        0.53      129.50        5.31        4.56        0.00      165.53        9.40        3.04        0.00       31.21        1.44        3.66       50.70        0.00       39.81        0.00        0.00        0.01        0.71        4.82        0.00        0.00        0.00        0.00        0.00        0.00        7.11        0.23        5.36        0.10        0.00        0.46       29.46        0.00        0.00        3.40        0.00        0.00
    11/30/1973_24:00     1394.18       17.78      123.05       59.47       31.21       31.21       27.62       20.85       30.39       60.40       18.46       52.08       58.53        3.19        7.92       22.53       38.88       75.51      798.64       12.91       19.19      270.21       34.85       53.94       47.99      419.50        3.29       25.57        1.27       88.19        0.78       17.58       25.04        0.00       42.81        0.50        0.40        1.48        2.47        2.99        0.00        0.00        0.00        0.00        0.00        0.00        3.91       15.34        3.64        0.46        0.19        1.24       24.81        0.00        0.90        1.90        0.00        0.00
    12/31/1973_24:00     1681.07       15.83      135.64       55.91       46.95       46.95       48.99       21.78       25.36       38.93       18.37       68.25       48.99       95.68       13.41       38.51       29.85       65.36      617.60        2.78       17.24      344.65      101.95      109.36      103.92      381.47        3.46       66.04        7.33       57.84       11.65       90.08       24.74        0.93       51.21        4.00        3.20        4.56        5.02        2.22        0.32        0.08        0.04        0.03        0.40        0.32       35.61       15.85        9.89        6.69        0.48        3.11       25.58        0.00        0.00        0.00        0.00        0.00
    01/31/1974_24:00     2211.71       42.81      223.41      106.83       92.35       92.35      106.79       42.74       48.91       73.95       42.62      140.87      100.10      264.64       31.47       89.59       48.57      112.83     1359.02        3.96       20.69      531.87      137.85      265.82      276.11      756.91       83.69      106.93       10.11      111.97       26.32      165.03       84.24        3.62       92.60        8.50        6.80       14.11       12.93       32.55        1.27        0.32        0.17        0.44        1.52        1.27       19.01       36.29       20.85        4.74        1.34        6.73       35.45        0.00        0.00       18.10        0.00        0.15
    02/28/1974_24:00      950.24        8.49       64.46       37.39       21.01       21.01       22.12        7.14       11.63       18.60        7.51       20.83       26.71       11.16        5.64       16.05       12.66       38.08      453.12        0.43        6.11      241.42       62.48       70.08       76.30      278.02       41.26       34.29        1.97       22.96        1.12       91.41       47.44        0.23       40.11        1.50        1.20        4.70        4.97        9.74        0.07        0.02        0.01        0.09        0.20        0.07       47.68       16.98        4.48        1.91        0.64        2.47       45.95        0.00        2.70       17.80        0.00       10.88
    03/31/1974_24:00     1226.06       40.29      156.16       78.06       55.11       55.11       62.78       16.32       40.68       60.79       27.57       76.43       94.08       93.40       19.35       63.18       60.30      117.63      953.07        5.87       32.93      491.70      159.47      255.75      263.40      562.92      166.02      130.17        7.38       77.66       26.42      115.84       32.93        3.51       53.80        9.00        7.20       22.94       17.70        4.06        1.24        0.31        0.16        0.28        1.18        1.24       88.05       40.47        8.10        7.73        2.02        5.73       49.26        0.00        3.10        8.10        0.00        0.00
    04/30/1974_24:00     1597.09       39.72       77.83       63.36       45.89       45.89       41.75        4.01       24.21       37.82       19.66       51.96       60.04      121.09       10.76       42.35       25.81       69.56     1230.33        0.56       11.45      507.46      112.86      176.40      190.21      567.55      123.11      103.60        5.46       87.29        2.55      179.94        6.90        1.57       75.63       11.00        8.80       24.03       21.65       25.99        0.56        0.14        0.08        0.16        0.57        0.56      202.37       13.20        9.06        5.65        3.16       10.21       47.15        0.00        4.40       22.00        0.00       14.01
    05/31/1974_24:00      754.45        4.55       31.47       47.92       12.26       12.26       13.34        1.81       13.13       36.75        6.68       25.03       34.50       34.03        2.87       30.35        5.48       34.81      371.66        0.02        1.29      249.48       39.67       32.94        1.78      338.43       37.32       48.71        0.86       76.61        9.29      147.57        2.15        0.18      151.14        1.00        0.80        3.55        8.49        9.96        0.07        0.02        0.01        0.07        0.16        0.07      354.29       58.49        4.14        2.48        0.95        3.20       57.50        0.00        6.70       19.10        0.00       21.07
    06/30/1974_24:00      755.70        3.38       14.53       38.82        4.34        4.34        5.33        0.68        6.64       33.06        1.87        8.69       18.58       21.31        0.44       11.99        2.89       21.92      233.66        0.03        0.38      242.94       39.59       35.41        0.19      295.20       42.41       13.52        0.21       81.70       12.85       91.22        4.49        0.00      166.85        0.00        0.00        0.66        3.89       21.49        0.00        0.00        0.00        0.01        0.01        0.00      480.56      113.30       11.80        0.62        0.22        1.09       96.81        0.00        5.50       18.60        0.00       13.53
    07/31/1974_24:00      747.69        3.68        7.58       32.22        2.80        2.80        1.55        0.13        4.26       19.70        1.06        2.85       12.22       20.86        0.00       34.36        2.47       15.45      400.32        0.95        0.47      154.39       29.68       35.09        0.23      184.59       41.48        8.30        0.17       51.12       12.64        0.30        6.31        0.00      133.00        0.00        0.00        0.11        0.95        8.95        0.00        0.00        0.00        0.00        0.00        0.00      404.59      108.46       29.52        0.17        0.03        0.31      120.45        0.00        0.00       16.90        0.00        0.00
    08/31/1974_24:00      798.11        3.06        4.28       23.40        1.43        1.43        0.36        0.09        3.38       10.75        0.40        0.81        9.58       16.98        0.00       46.06        1.85       11.47      464.75        0.03        0.14      163.53       28.56       30.04        0.34      190.37       38.49        3.16        0.01       53.83       13.44        0.22       22.76        0.00      123.28        0.00        0.00        0.01        0.05        7.85        0.00        0.00        0.00        0.00        0.00        0.00      275.28       37.02       29.22        0.01        0.00        0.02      109.14        0.00        0.80        9.00        0.00        0.00
    09/30/1974_24:00      643.24        2.84        3.20       20.46        0.60        0.60        0.23        0.13        3.02        8.12        0.25        0.37        7.90        8.69        0.00       27.24        1.72        9.59      452.56        0.02        0.09       25.59       13.32       11.93        1.29      216.30       26.24        1.60        0.01       51.98        8.92        0.22       67.95        0.00       86.70        0.00        0.00        0.00        0.00        5.56        0.00        0.00        0.00        0.00        0.00        0.00      102.17        5.65       10.34        0.00        0.00        0.05       69.68        0.00        0.00        7.50        0.00        0.00
    10/31/1974_24:00      544.90        2.99        5.37       23.19        0.93        0.93        0.52        0.61        3.38        7.83        0.38        0.57        8.10        6.36        0.00       17.80        1.83        8.94      404.71        0.15        0.17       35.38        5.60        3.45        0.13      193.87       16.55        2.29        0.00       50.90        3.04        5.42       76.24        0.00       39.51        0.00        0.00        0.02        0.13        4.70        0.00        0.00        0.00        0.00        0.00        0.00       26.90        0.75        2.78        0.02        0.00        0.32       54.34        0.00        0.00        2.00        0.00        0.00
    11/30/1974_24:00      567.61        5.68        8.68       24.20        1.74        1.74        1.45        1.54        3.56        8.36        0.56        1.10        8.59        1.38        0.27        3.32        2.19        9.70      397.80        0.39        0.43      100.01        1.49        1.06        0.00      157.21        4.09        3.67        0.06       28.15       21.42       20.58       45.83        0.00       40.41        0.00        0.00        0.24        1.25        2.43        0.00        0.00        0.00        0.00        0.00        0.00        3.71        0.13        2.23        0.18        0.06        0.90       37.08        0.00        0.00        0.70        0.00        0.49
    12/31/1974_24:00      545.70        6.97       19.53       27.30        4.64        4.64        4.77        2.96        5.81        9.77        3.50        5.34       10.93        2.10        2.13        6.04        3.96       13.71      353.33        0.57        0.96      227.88        1.44        5.95        0.00      156.30        2.91        5.77        0.21       13.59       25.70       46.44       69.85        0.00       35.70        1.50        1.20        1.53        2.31        2.42        0.00        0.00        0.00        0.00        0.21        0.00       15.13        5.97        4.48        1.11        0.20        1.23       23.14        0.00        0.00        0.00        0.00        0.62
    01/31/1975_24:00      382.82        4.07       23.36       27.06        6.29        6.29        6.96        3.98        5.54        9.77        1.81       11.30       11.31        2.07        2.44        6.92        4.27       14.35      207.76        0.44        2.36      163.95        9.50        4.68        0.02      121.01        3.27       11.29        0.48        6.76        1.81        4.33      147.02        0.00       30.59        2.00        1.60        2.43        3.06        2.37        0.00        0.00        0.00        0.00        0.02        0.00       41.04        8.18        3.95        5.46        0.34        1.58       21.22        0.00        0.00        0.40        0.00        0.00
    02/28/1975_24:00      597.03       14.61      109.53       51.38       40.90       40.90       47.29       15.83       27.58       33.12       18.39       50.57       43.19       67.98       15.77       44.89       28.33       46.26      104.20       12.23       28.66      142.97       65.78       66.37       54.86      283.85        3.25       53.46        8.77        6.44        5.42       84.64       76.09        2.17       54.30       25.00       20.00       21.02       11.48        2.64        0.78        0.20        0.10        0.52        0.96        0.78       23.04       19.83        7.15        4.24        0.75        2.63       34.84        0.00        1.10        3.40        0.00        0.00
    03/31/1975_24:00     1115.39       26.87      120.79       50.24       83.50       83.50       85.45       19.09       27.58       39.83       38.59       96.66       59.19      196.95       29.20       83.11       41.47       73.97      110.39        2.75       17.36      224.92       85.52      202.09      200.59      329.76       65.42       94.57       10.84       35.95       99.79       79.32       65.12        4.59       51.93       17.50       14.00       25.28       20.86        3.05        1.62        0.41        0.22        0.53        0.99        1.62       95.49       15.79        2.02        9.53        1.12        5.52       45.04        0.00        0.00        3.00        0.00        0.00
    04/30/1975_24:00      560.77        7.99       50.46       41.66       28.32       28.32       24.52        7.03       13.79       22.89       11.62       42.06       31.96       25.77        7.52       32.85       15.79       40.90      139.11        0.17        4.80      242.16       52.96       80.89        6.73      357.80       39.29       71.23        3.68       70.57        3.64       38.01       15.74        0.58       91.58        8.00        6.40       17.33       17.29        3.55        0.21        0.05        0.03        0.29        0.29        0.21      110.68        7.15        3.58        4.55        1.00        5.01       38.45        0.00        3.60        0.00        0.00        0.00
    05/31/1975_24:00      879.27        4.97       36.33       50.31       17.27       17.27       18.30        5.56       15.10       40.62       10.77       51.45       49.60       37.85        5.23       38.37        8.28       49.03      472.50        0.02        1.55      125.02       46.91       41.80        2.17      322.07       41.88       83.13        0.88       78.77       10.18      134.90       16.13        0.05      155.87        2.00        1.60        6.70       13.55        6.59        0.00        0.00        0.00        0.14        0.11        0.00      215.70       40.74        5.02        3.51        0.83        4.02       57.14        0.00        6.20        4.00        0.00        0.00
    06/30/1975_24:00      792.60        3.28       15.53       42.23        5.57        5.57        8.37        1.17        9.24       32.36        2.51       14.77       22.36       28.63        1.54       84.50        2.93       27.89      269.41        0.03        0.31      233.08       31.17       31.73        0.19      263.78       44.72       27.25        0.05       75.15       11.26      166.08        3.39        0.00      219.15        0.00        0.00        1.60        7.61        7.05        0.00        0.00        0.00        0.03        0.00        0.00      404.99      104.55        6.57        2.05        0.20        0.93       95.21        0.00        3.80        8.40        0.00        0.00
    07/31/1975_24:00      757.53        3.01        4.98       25.86        2.13        2.13        2.55        0.18        3.68       15.14        0.91        2.57       10.60       31.87        0.00      125.28        2.04       16.56      279.68        0.03        0.10      132.43       30.98       32.30        0.20      212.07       44.90        6.76        0.01       55.97       12.63        4.86        5.45        0.00      133.18        0.00        0.00        0.31        2.24        7.65        0.00        0.00        0.00        0.00        0.00        0.00      355.46       91.86       21.40        0.30        0.00        0.11      108.96        0.00        0.00        8.70        0.00        0.00
    08/31/1975_24:00      771.06        2.89        3.62       19.19        0.80        0.80        0.52        0.04        3.24        9.50        0.38        0.81        8.66       24.20        0.00       56.49        1.88       13.74      301.70        0.05        0.25      171.91       30.32       26.65        0.00      168.78       41.89        3.30        0.02       55.51       11.90        0.30        3.55        0.00      126.23        0.00        0.00        0.03        0.29        6.67        0.00        0.00        0.00        0.00        0.00        0.00      241.59       58.94       28.60        0.07        0.00        0.00       89.71        0.00        0.00        6.50        0.00        0.00
    09/30/1975_24:00      537.80        2.64        2.91       16.18        0.60        0.60        0.24        0.10        2.90        7.44        0.22        0.50        7.25        9.54        0.00       27.98        1.84        8.85      241.65        0.02        0.30      167.87       14.09       11.53        0.04      137.10       28.51        1.77        0.01       50.98        7.95        0.21       37.04        0.00      124.90        0.00        0.00        0.00        0.03        4.71        0.00        0.00        0.00        0.00        0.00        0.00      111.51        1.87       21.73        0.01        0.00        0.00       34.14        0.00        0.00        4.40        0.00        0.00
    10/31/1975_24:00      534.33        3.12       11.94       21.44        2.04        2.04        2.17        0.85        3.81        9.62        0.62        2.35        9.20        4.97        0.15        9.59        2.44       10.30      182.49        1.44        0.69      170.56        3.86        2.42        0.00      187.78        9.93        4.98        0.04       57.71        2.07       46.04       81.29        0.00       76.18        0.00        0.00        0.12        0.00        5.39        0.00        0.00        0.00        0.00        0.00        0.00        8.95        3.44        5.67        1.36        0.00        0.13       17.07        0.00        0.00        0.20        1.01        0.00
    11/30/1975_24:00      617.06        5.81       11.99       22.67        3.23        3.23        2.30        2.34        3.61       10.09        0.78        6.74        9.27        2.77        0.55        3.00        2.76       11.29      296.20        0.07        0.53      163.69        5.73        1.00        0.00      165.54        4.16        5.74        0.01       46.96        1.87       25.56       46.34        0.00       30.17        0.00        0.00        0.56        0.74        4.11        0.00        0.00        0.00        0.00        0.00        0.00        3.70        6.08        2.18        0.79        0.02        0.57       15.11        0.00        0.00        0.00        0.00        0.00
    12/31/1975_24:00      637.63        6.36       17.15       23.93        4.26        4.26        2.72        2.84        3.76        9.97        0.80        5.71        9.32        3.15        0.64        1.81        2.69       11.69      414.83        0.38        0.70      143.20       14.18        1.61        0.00      171.49        4.44        5.48        0.00       18.59        2.48       16.83       80.24        0.00       30.39        0.50        0.40        0.64        0.71        3.22        0.00        0.00        0.00        0.00        0.00        0.00       17.83        6.50        4.03        0.68        0.17        0.90       15.21        0.00        0.00        0.00        4.56        0.00
    01/31/1976_24:00      393.34        3.35        7.95       20.69        2.46        2.46        1.59        2.51        3.14        8.10        0.59        2.82        7.48        2.37        0.40        1.14        2.03        9.42      154.53        0.02        0.50       61.13        5.97        1.10        0.00      130.97        9.10        4.48        0.00        6.55        2.06       11.62       83.81        0.00       21.93        0.50        0.40        0.02        0.01        4.08        0.00        0.00        0.00        0.00        0.00        0.00       16.35        6.38        1.77        0.51        0.15        0.70       14.69        0.00        0.00        0.00        7.34        0.00
    02/29/1976_24:00      404.54        6.43       43.52       22.12        8.36        8.36        4.02        3.43        4.30       11.64        1.39       10.60       10.97        2.32        1.67        4.76        3.53       12.22      151.71        0.06        1.10       32.50        6.52        3.20        0.00       89.22       18.66        6.02        0.05        6.17        6.09        0.98       28.67        0.00       11.54        0.50        0.40        0.01        0.01        3.52        0.00        0.00        0.00        0.00        0.00        0.00       21.93        2.84        0.21        1.50        0.25        0.77       19.01        0.00        0.00        0.20        0.00        0.00
    03/31/1976_24:00      367.14        5.21       32.16       29.01        8.73        8.73        5.71        3.16        5.39       14.59        1.87       14.68       14.35        2.25        2.27        6.45        4.47       18.70      113.60        0.14        1.53       38.02        8.03        2.60        0.00       97.15       23.27        9.57        0.10       13.03        1.81        0.73       30.69        0.00       54.95        1.00        0.80        0.54        0.01        6.76        0.00        0.00        0.00        0.00        0.01        0.00       35.29        3.38        0.78        1.60        0.39        1.75       31.79        0.00        0.00        0.20        0.00        0.00
    04/30/1976_24:00      569.51        5.87       25.11       25.22        6.80        6.80        4.10        1.41        5.37       12.97        2.74       11.55       11.91        2.14        2.02       21.31        3.75       17.91      182.28        0.38        0.99       27.15       16.91        2.47        0.06       73.90       33.82        9.10        0.00       13.77       10.28        0.73        6.04        0.00       63.01        0.50        0.40        0.00        0.01        6.61        0.00        0.00        0.00        0.00        0.01        0.00       26.85        3.69        0.95        0.90        0.33        1.15       23.61        0.00        0.00        0.10        0.00        0.00
    05/31/1976_24:00      740.93        3.53        9.28       22.81        2.78        2.78        2.52        0.61        3.76       15.19        0.86        8.33        8.18        4.89        0.99       19.57        1.68       13.32       86.05        0.02        0.32       39.72       20.49        0.67        0.00       78.40       46.63        6.02        0.00       18.78       12.37        0.21        0.74        0.00       96.04        0.00        0.00        0.00        0.00        9.67        0.00        0.00        0.00        0.00        0.00        0.00       97.46        9.19        1.45        0.69        0.10        0.36       28.90        0.00        0.00        0.20        0.00        0.00
    06/30/1976_24:00      794.98        3.14        2.62       16.97        0.55        0.55        0.97        0.13        2.41        8.10        0.23        1.66        5.84        3.81        0.21       38.68        1.46        8.12      112.50        0.03        0.17       36.71       21.56        0.16        0.00       75.99       42.39        1.48        0.00       20.84       11.72        0.13        0.50        0.00       91.99        0.00        0.00        0.61        4.90       10.13        0.00        0.00        0.00        0.00        0.00        0.00      200.95       29.71        9.35        0.42        0.00        0.02       52.30        0.00        0.00        0.30        0.65        0.00
    07/31/1976_24:00      828.85        3.11        0.73       14.91        0.21        0.21        0.59        0.06        2.05        6.13        0.05        0.41        5.28        4.65        0.12       21.18        1.27        6.31      185.77        0.03        0.16       37.09       21.40        0.25        0.00      106.44       46.60        0.30        0.00       19.71       13.38        0.16        1.16        0.00      106.99        0.00        0.00        0.57        8.53       10.43        0.00        0.00        0.00        0.00        0.00        0.00      188.21       29.33        7.24        0.26        0.00        0.00       54.21        0.00        0.00        0.30        0.73        0.00
    08/31/1976_24:00      738.47        3.29        2.74       14.94        0.81        0.81        1.58        0.01        2.20        6.14        0.12        0.67        5.61        3.95        0.10       17.23        1.59        7.00       90.59        0.04        0.76       31.18       14.06        0.38        0.00      122.48       31.42        1.00        0.00       17.75       11.04        0.16        0.58        0.00       86.08        0.00        0.00        1.48        0.02        9.63        0.00        0.00        0.00        0.00        0.00        0.00       83.99       12.14        3.92        0.02        0.00        0.00       30.74        0.00        0.00        0.30        0.18        0.00
    09/30/1976_24:00      396.30        3.11        1.92       14.51        0.60        0.60        0.65        0.04        2.16        5.32        0.07        0.34        5.26        4.46        0.00        7.23        1.33        6.06      143.18        0.03        0.14       31.82        6.09        0.07        0.00      100.92       25.53        0.72        0.00       12.84        5.36        0.12        0.96        0.00       46.75        0.00        0.00        0.00        0.01        7.24        0.00        0.00        0.00        0.10        0.74        0.00       29.23        1.58        1.80        0.02        0.02        0.84       21.83        0.00        0.00        0.20        0.33        0.00
    10/31/1976_24:00      235.01        3.16        2.38       14.75        0.49        0.49        0.38        0.00        2.40        5.25        0.13        0.31        5.39        2.58        0.00        4.66        1.40        5.22      130.03        0.02        0.11       43.69        1.99        0.21        0.00       49.81       14.98        0.86        0.00       10.29        1.17        0.01        9.56        0.00        6.92        0.00        0.00        0.00        0.00        5.54        0.00        0.00        0.00        0.01        0.03        0.00        5.99        6.57        0.41        0.53        0.00        0.04       19.40        0.00        0.00        0.00        0.00        0.00
    11/30/1976_24:00      229.45        5.83        3.96       14.57        0.99        0.99        0.38        0.00        2.45        5.22        0.27        0.76        5.43        0.71        0.06        1.95        1.50        5.61      102.99        0.03        0.19       41.77        0.00        0.61        0.00       48.60        6.26        1.19        0.00        6.57        0.61        0.27       12.91        0.00       11.07        0.00        0.00        0.00        0.08        4.11        0.00        0.00        0.00        0.00        0.00        0.00        3.02        4.27        0.49        0.50        0.00        0.20       12.90        0.00        0.00        0.00        5.61        0.00
    12/31/1976_24:00      223.75        5.79        4.30       14.29        0.80        0.80        0.23        0.00        2.61        5.25        0.26        0.47        5.50        0.33        0.10        0.29        1.58        5.95       97.69        0.00        0.28       34.60        0.00        0.18        0.00       99.12        4.73        1.13        0.00        6.65        0.46        1.18       10.63        0.00       11.33        0.00        0.00        0.00        0.02        5.95        0.00        0.00        0.00        0.00        0.01        0.00        5.74        0.90        0.73        0.30        0.04        0.30       11.30        0.00        0.00        0.00       11.08        0.00
    01/31/1977_24:00      357.55        3.34        5.90       15.87        1.52        1.52        0.38        0.00        3.54        5.82        0.45        0.97        5.50        0.00        0.15        0.42        1.91        7.12       80.27        0.24        0.44       18.52        0.00        0.19        0.00       52.30        3.92        2.02        0.00        5.39        0.32        0.71        8.65        0.00        8.20        0.00        0.00        0.00        0.01        4.18        0.00        0.00        0.00        0.03        0.02        0.00        4.50        2.64        0.73        0.57        0.11        0.56       14.10        0.00        0.00        0.00        0.00        0.00
    02/28/1977_24:00      294.29        2.76        4.85       13.87        1.20        1.20        0.28        0.00        2.42        5.35        0.39        1.29        5.29        0.00        0.11        0.59        1.73        6.35       72.49        0.21        0.36       13.02        1.42        0.18        0.00       40.10        3.69        2.19        0.00        7.59        3.96        0.44        7.70        0.00        6.27        0.00        0.00        0.00        0.01        5.10        0.00        0.00        0.00        0.00        0.00        0.00        3.72        1.00        0.65        0.54        0.09        0.39       14.40        0.00        0.00        0.00        0.00        0.00
    03/31/1977_24:00      333.76        3.15        6.14       15.72        2.27        2.27        0.57        0.00        2.86        6.41        1.46        3.81        6.71        0.00        0.51        1.56        2.32        7.58       66.20        0.03        0.91       13.01        1.27        0.20        0.00       16.81       13.89        2.68        0.00       13.85        8.83        0.45       12.86        0.00        8.56        0.50        0.40        0.21        0.01        6.60        0.00        0.00        0.00        0.01        0.00        0.00        6.92        1.07        1.10        0.26        0.14        0.48       15.90        0.00        0.00        0.00        0.00        0.00
    04/30/1977_24:00      480.14        3.02        3.18       13.22        1.21        1.21        0.50        0.00        2.55        6.48        0.82        3.95        5.92        3.79        0.01       37.55        1.33        6.80      153.50        0.02        0.29       26.69        1.98        0.08        0.00       15.34       34.39        2.01        0.00       14.09        9.39        0.44        2.43        0.00       28.85        0.00        0.00        0.28        0.01        8.99        0.00        0.00        0.00        0.00        0.00        0.00        7.14        3.14        1.13        0.31        0.06        0.15       18.80        0.00        0.00        0.00        0.00        0.00
    05/31/1977_24:00      456.91        3.55        7.08       15.72        1.83        1.83        0.59        0.00        2.88        7.36        0.82        2.68        6.25        0.98        0.70       55.40        1.88        8.24       61.71        0.05        0.96       23.06        2.35        0.10        0.00       31.99       25.36        2.98        0.00       11.34        6.59        0.37        0.70        0.00       32.45        0.00        0.00        0.29        0.00        7.05        0.00        0.00        0.00        0.00        0.00        0.00       13.01        3.11        0.45        0.48        0.09        0.20       17.40        0.00        0.00        0.00        0.00        0.00
    06/30/1977_24:00      568.38        2.94        0.91       12.78        0.47        0.47        0.26        0.00        1.97        5.75        0.15        0.99        4.51        2.21        0.00       38.89        1.18        4.73       84.84        0.03        0.64       29.97        2.98        0.04        0.00       67.54       33.17        0.72        0.00       15.11       12.16        0.18        0.60        0.00       48.39        0.00        0.00        0.01        0.00       10.53        0.00        0.00        0.00        0.00        0.00        0.00      146.20        9.52        1.73        0.28        0.00        0.00       25.80        0.00        0.00        0.00        0.00        0.00
    07/31/1977_24:00      665.30        3.03        0.03       11.85        0.01        0.01        0.18        0.00        1.75        4.30        0.02        0.11        3.85        1.88        0.00       46.99        1.04        3.35      126.15        0.03        0.59       26.58        2.20        0.03        0.00       53.41       36.89        0.01        0.00       17.36       12.84        0.31        0.46        0.00       56.67        0.00        0.00        0.00        2.81       11.90        0.00        0.00        0.00        0.00        0.00        0.00      242.32       26.13        2.13        0.01        0.00        0.00       33.00        0.00        0.00        0.00        0.00        0.00
    08/31/1977_24:00      522.89        3.07        0.04       11.30        0.00        0.00        0.18        0.00        1.76        4.02        0.00        0.00        3.84        1.15        0.03       30.85        0.97        3.10      102.10        0.03        0.29       22.50        2.13        0.04        0.00       52.60       31.48        0.00        0.00       14.78        4.67        0.16        0.35        0.00       39.08        0.00        0.00        0.00        0.00       11.98        0.00        0.00        0.00        0.00        0.00        0.00       78.27       14.32        0.67        0.01        0.00        0.00       21.90        0.00        0.00        0.00        0.00        0.00
    09/30/1977_24:00      271.58        2.26        2.22       11.84        0.28        0.28        0.31        0.00        2.02        4.98        0.07        0.25        4.21        0.70        0.07       62.80        1.42        4.03       77.07        0.04        0.60       12.10        0.80        0.03        0.00       35.82       19.61        0.00        0.00       10.32        0.12        0.17        0.26        0.00        4.94        0.00        0.00        0.00        0.00        8.96        0.00        0.00        0.00        0.00        0.00        0.00       12.09        2.51        0.83        0.00        0.00        0.00        8.80        0.00        0.00        0.00        0.00        0.00
    10/31/1977_24:00      210.96        2.39        2.22       12.10        0.51        0.51        0.00        0.41        2.40        4.91        0.08        0.51        4.43        0.28        0.11       25.37        1.21        5.40       63.20        0.02        0.19       26.10        0.63        0.23        0.00       17.46       11.67        0.00        0.00        2.05        0.09        0.13        0.06        0.00        4.70        0.00        0.00        0.00        0.00        7.67        0.00        0.00        0.00        0.00        0.00        0.00        5.07        0.41        0.87        0.00        0.00        0.00        7.70        0.00        0.00        1.30        0.00        0.00
    11/30/1977_24:00      270.33        5.96        8.52       14.98        2.81        2.81        2.81        0.51        2.91        6.12        1.08        6.70        5.29        0.22        0.17        6.10        1.71        8.05       59.97        0.69        0.37       24.18        0.93        3.23        0.00       16.19        3.73        0.87        0.00        5.12        0.10        0.54        0.49        0.00       11.39        0.00        0.00        0.00        0.00        6.50        0.00        0.00        0.00        0.00        0.00        0.00        3.30        0.00        0.04        0.04        0.00        0.00        8.30        0.00        0.00        0.20        0.00        0.00
    12/31/1977_24:00      175.06        8.55       67.35       27.38       20.45       20.45       26.31        4.74        7.90       17.94        9.41       35.58       14.95        0.00        5.11       14.55        7.23       18.94       62.16        2.36        4.93       44.40        0.61       18.65        1.90       15.48        4.13       12.84        0.14        5.92        0.12        0.02        0.63        0.00       11.68        0.50        0.40        0.00        0.00        5.16        0.00        0.00        0.00        0.04        0.65        0.00        4.97        9.84        0.01        0.58        0.21        0.07       14.80        0.00        0.00        0.00        0.00        0.00
    01/31/1978_24:00      386.57       45.64      157.62       62.28       85.62       85.62      101.17       26.54       39.14       54.17       49.25       97.03       73.42      237.83       41.24      117.36       43.99       82.52       62.91       15.09       28.98      252.40       70.21      156.04       94.92      168.29        5.61       95.43        9.58        5.42        0.62       18.37        0.60        9.41        9.70       17.50       14.00        0.97        0.05        3.97        3.32        0.84        0.44        0.88        4.60        3.32        2.96       38.60       15.42       21.37        1.66        2.95       26.10        0.00        0.00        0.00        0.00        0.00
    02/28/1978_24:00      521.16       13.67      101.81       40.89       45.53       45.53       52.23       15.16       20.75       28.87       25.41       57.70       40.85      171.78       23.95       71.30       26.72       51.05       72.34        2.20       11.65      131.97       76.76      158.63      144.89      266.02        3.14       55.65        5.56        4.85        1.01       85.08        1.20        9.44        8.16       26.50       21.20        0.30       43.26      110.63        3.32        0.84        0.44        1.88       23.88        3.32        4.02       39.52       25.68       19.29        6.44       14.49       50.30        0.00        0.00       13.10        0.00        3.66
    03/31/1978_24:00     1005.94       20.67      130.95       65.59       53.01       53.01       45.51       17.61       33.28       47.23       26.31       68.56       61.98      107.11       18.76       53.38       36.12       83.56      606.71        4.39       18.04      330.03      105.52      150.42      140.19      477.70        2.97       93.71        8.16       10.31        0.74      195.41       12.25       10.30       50.92       17.00       13.60        0.22       27.41      299.81        3.64        0.92        0.48        2.15        9.86        3.64      215.39       62.59       41.47       18.92        5.50       13.62       49.20        0.00        0.00        3.30        0.00        1.69
    04/30/1978_24:00      536.97       12.94      103.44       55.03       29.09       29.09       22.36        5.93       20.64       35.79       12.68       34.82       40.48       12.25        6.30       36.30       20.15       57.72      333.35        0.85       10.11      310.74       87.87       79.88       63.92      302.58        8.15      110.02        7.32       42.49        1.30      193.51       54.51        1.43      145.07       28.50       22.80       40.92       36.95      411.11        0.49        0.12        0.07        0.82        3.12        0.49      332.87       81.10       35.74       11.39        3.96       11.25      149.50        0.00        0.00        1.30        0.00        0.00
    05/31/1978_24:00      553.20        5.61       29.64       38.75       12.05       12.05       12.32        1.59        9.74       29.47        5.71       25.92       23.97       53.42        3.51       83.51        6.78       39.83      232.22        0.02        2.15      234.69       48.00       41.59        0.27      408.46       32.96       56.06        1.49       63.58        8.71      218.65      178.50        0.74      190.55        6.50        5.20        5.71        9.79      326.07        0.25        0.06        0.03        0.39        1.07        0.25      495.59      166.57       26.59        5.78        2.05        4.99      266.10        0.00        0.00        7.70        0.00        9.11
    06/30/1978_24:00      528.87        3.49        8.88       29.42        3.93        3.93        6.43        0.56        5.18       26.11        1.79       11.64       11.58       21.63        1.80      109.56        2.94       23.50      151.73        0.03        0.68       77.44       30.13       36.68        0.47      198.63       40.53       19.69        0.14       43.51       16.06      129.66       14.59        0.06      205.23        0.50        0.40        2.21        9.79      155.96        0.04        0.01        0.00        0.18        0.22        0.04      493.59      165.78       26.16        1.50        0.61        1.27      236.50        0.00        3.50       10.00        0.00        0.00
    07/31/1978_24:00      641.93        3.15        2.97       21.90        1.85        1.85        1.85        0.09        2.90       15.18        0.70        3.17        7.03       29.23        0.13      141.21        1.86       13.37      275.27        0.03        0.30      112.09       30.58       35.67        0.38      156.86       42.06        5.19        0.01       30.70       15.56       13.01        6.98        0.00      135.21        0.00        0.00        8.89       11.09        9.03        0.00        0.00        0.00        0.06        0.05        0.00      499.59      123.41       30.62        0.37        0.15        0.32      198.60        0.00        3.10       12.90        0.00        0.00
    08/31/1978_24:00      661.61        3.04        1.53       14.65        0.50        0.50        0.33        0.05        2.42        8.22        0.26        0.48        5.79       15.83        0.00      239.84        1.35        9.91      234.08        0.03        0.07      175.91       30.15       26.46        0.82      144.19       40.47        1.14        0.01       68.74       16.23        0.18        5.79        0.00      134.84        0.00        0.00       18.42       14.26        6.56        0.00        0.00        0.00        0.00        0.00        0.00      422.97       87.87       24.54        0.12        0.00        0.00      146.70        0.00        5.10       20.30        0.00        0.00
    09/30/1978_24:00      399.51        3.21        3.14       13.71        0.65        0.65        0.73        0.10        2.43        7.05        0.67        1.26        5.72        6.86        0.00       59.11        1.40        6.72      184.77        0.11        0.18      169.94       12.10       10.85        0.41      175.18       24.91        2.44        0.04       68.01        9.28        0.23       16.44        0.00      132.52        0.50        0.40        5.27        6.89        5.31        0.00        0.00        0.00        0.02        0.02        0.00      102.35       25.12       14.65        0.19        0.09        0.15       73.20        0.00        2.20        1.40        0.51        0.00
    10/31/1978_24:00      372.12        3.06        5.85       13.08        0.69        0.69        0.28        0.38        2.28        6.28        0.30        0.43        5.45        6.67        0.08       47.45        1.33        7.10      155.57        0.02        0.26       80.21        5.19        4.30        0.12      109.82       13.55        1.33        0.01       52.08        4.38        0.28       43.05        0.00      137.18        0.00        0.00        0.00        9.43        5.77        0.00        0.00        0.00        0.01        0.01        0.00      166.63       14.81        7.82        0.02        0.06        0.12       93.10        0.00        3.90       13.80        0.00        0.00
    11/30/1978_24:00      367.91        5.93        6.09       15.06        1.28        1.28        0.67        1.07        2.63        6.31        0.50        0.72        5.78        2.43        0.12       17.33        1.56        7.50      142.72        0.82        0.68       63.71        0.60        0.90        0.00       73.31        4.75        2.61        0.00       27.63        2.33        5.11       39.88        0.00       54.14        0.50        0.40        1.86        5.40        3.15        0.00        0.00        0.00        0.11        0.28        0.00       62.48        2.45        9.60        0.21        0.21        0.48       70.90        0.00        2.70       10.10        0.00        5.15
    12/31/1978_24:00      387.13        6.14        5.75       15.28        1.56        1.56        0.79        1.92        2.79        6.69        0.50        0.94        6.24        3.30        0.17        0.47        1.74        7.27      172.43        0.22        0.48       66.35        0.61        0.72        0.00       75.69        4.27        3.93        0.00       19.33        1.61       18.45       46.44        0.00       23.49        1.00        0.80        0.34       11.19        3.46        0.00        0.00        0.00        0.07        0.07        0.00       36.30        9.55        5.31        0.18        0.51        1.08       30.50        0.00        0.00        0.00        4.91        0.10
    01/31/1979_24:00      383.93        5.42       40.04       20.40        8.46        8.46        7.68        3.73        6.68       11.56        3.83        9.89       11.22        3.31        2.85        8.10        4.95       16.11      166.33        6.55        8.14      119.80        1.88       18.21       13.65      187.23        3.87       28.75        3.25       22.41       17.88       76.98      133.24        0.00       26.09       14.00       11.20       13.73        3.12       17.81        0.00        0.00        0.00        0.34        0.86        0.00       40.29       18.90        2.70        9.72        0.59        1.71       32.50        0.00        0.00        5.00        6.64        0.25
    02/28/1979_24:00      217.32        8.66      107.22       37.79       20.18       20.18       16.56        9.74       22.97       24.03        7.51       16.66       27.58        5.83        5.31       15.10       15.59       30.55      250.69        6.11       17.54      144.84       54.70       39.88       34.62      236.48        2.51       53.75       10.70       40.46       31.47       91.75      149.73        3.16       74.20       21.50       17.20        7.49        0.06       17.48        1.13        0.29        0.15        0.53        1.45        1.13       24.80       17.92        2.69        7.79        1.17        2.91       31.80        0.00        0.00       24.20        4.15        7.32
    03/31/1979_24:00      272.94        7.24       49.57       32.91       23.80       23.80       24.88        7.77       13.95       22.62       13.28       37.33       29.59       10.79        7.13       26.52       17.41       38.19      284.70        0.63        9.59      110.21       76.96       25.84       22.66      198.79        3.31       80.30        8.42       46.98       17.38      119.59      169.34        0.70      105.33       16.00       12.80       20.87        9.51        9.01        0.25        0.06        0.03        0.54        1.00        0.25       84.67       11.79        1.21        9.42        2.09        8.87       45.90        0.00        4.90       15.60        2.19        2.51
    04/30/1979_24:00      365.24        6.18       29.82       27.64       12.83       12.83       10.80        3.49        6.80       18.49        6.30       20.86       22.30       20.16        3.12       55.67        8.02       32.41      102.87        0.16        3.25       49.81       45.27        8.49        0.48      160.42       15.41       61.11        1.62       29.79        5.33        9.88       46.86        0.35       75.81        4.50        3.60        2.54        2.16        7.38        0.14        0.04        0.02        0.38        0.55        0.14      225.22       25.14        2.55        3.29        1.16        5.01       46.50        0.00        4.70       23.60        3.74       14.28
    05/31/1979_24:00      480.03        4.96       35.09       39.18       10.18       10.18       10.87        1.96        8.96       26.82        4.09       18.73       21.61       33.86        3.21      157.93        7.26       34.81      144.38        0.03        1.40      123.45       46.41       16.38        0.08      411.23       33.89       60.41        0.54       45.04       13.58       75.02        1.96        0.05      139.02        1.50        1.20        0.62        0.07       12.89        0.00        0.00        0.00        0.22        0.17        0.00      335.48       78.64        6.29        2.67        0.74        2.46       62.60        0.00        4.90       11.70        6.38        3.31
    06/30/1979_24:00      640.26        3.34        4.90       20.98        2.65        2.65        2.16        0.27        2.87       13.91        0.86        3.40        7.63       17.88        0.94       39.85        2.02       14.59      192.73        0.03        0.27       78.25       31.22       26.66        0.00      204.04       39.35       11.25        0.04       69.86       13.95       33.29        3.45        0.00      143.46        0.00        0.00        5.99       15.42        8.56        0.00        0.00        0.00        0.08        0.02        0.00      414.09       95.56       10.77        0.91        0.16        0.50      110.00        0.00        1.10       11.50       10.86        0.00
    07/31/1979_24:00      853.45        3.13        1.48       14.99        0.74        0.74        0.43        0.05        2.07        7.64        0.30        0.84        5.87       16.28        0.00       23.36        1.30        9.37      273.36        0.03        0.14      106.54       30.58       34.67        0.23      158.27       41.16        3.78        0.01       49.92       14.42        0.39        6.75        0.00      131.03        0.00        0.00       10.86       19.57        8.09        0.00        0.00        0.00        0.02        0.00        0.00      383.50       96.78       27.40        0.25        0.03        0.05      126.30        0.00        0.00       11.70        5.42        0.00
    08/31/1979_24:00      613.65        3.04        1.10       13.62        0.39        0.39        0.00        0.01        2.08        6.45        0.12        0.16        5.68       14.38        0.00       29.59        1.35        9.81      253.13        0.03        0.05      137.38       29.71       24.13        0.32      157.10       38.00        1.30        0.00       49.53       14.97        0.32        3.30        0.00      119.22        0.00        0.00        8.39       13.64        7.05        0.00        0.00        0.00        0.00        0.00        0.00      216.74       33.46       25.30        0.08        0.00        0.00      107.60        0.00        0.00        9.70       10.60        0.00
    09/30/1979_24:00      349.94        3.04        1.50       13.36        0.40        0.40        0.00        0.05        1.91        5.22        0.11        0.18        5.29        6.63        0.09       12.13        1.30        6.49      142.83        0.02        0.03      120.14       11.26        9.57        0.14      179.41       27.54        1.12        0.01       41.25       11.78        0.24       13.16        0.00       98.96        0.00        0.00       12.87        7.97        6.27        0.00        0.00        0.00        0.00        0.00        0.00       84.32        1.11       11.64        0.00        0.00        0.00       32.30        0.00        0.00        4.50       13.39        0.00
    10/31/1979_24:00      276.08        3.46       11.10       18.77        2.21        2.21        1.71        0.79        4.35        9.68        0.71        4.45        7.82        4.69        0.30        6.18        2.37        9.01      118.16        1.96        0.61      125.19        3.25        4.63        0.04      129.74       12.29        2.64        0.00       43.93        4.48        3.28       60.20        0.00       49.41        0.00        0.00        3.68        3.47        6.11        0.00        0.00        0.00        0.00        0.00        0.00        8.06        1.63        2.45        0.07        0.02        0.04       22.80        0.00        0.00        3.70       18.20        0.00
    11/30/1979_24:00      282.70        7.08       31.06       23.75       10.35       10.35        9.70        2.69        7.87       12.72        3.79       15.22        9.81        2.71        2.21        6.30        3.33       12.10      113.19        0.25        1.46      109.06        0.60        6.92        1.67      144.36        3.87        5.10        0.00       38.26        2.21        6.00       33.82        0.00       27.06        0.50        0.40        0.16        3.66        5.06        0.00        0.00        0.00        0.00        0.02        0.00        2.54        3.01        3.36        0.18        0.14        0.53       18.90        0.00        0.00        1.80       22.80        0.00
    12/31/1979_24:00      340.52        8.47       83.44       34.45       13.18       13.18       13.04        8.98       19.07       22.05        5.44        8.73       19.41        3.06        4.37       12.43        9.35       19.29      162.77        2.68        6.87      148.01        0.61       26.04       20.59      131.71        4.48       10.48        0.43       26.54        2.55       27.17       39.52        0.00       26.04        1.00        0.80        0.33        2.73        4.16        0.00        0.00        0.00        0.03        0.04        0.00        3.35        4.91        1.93        0.22        0.18        0.68       18.90        0.00        0.00        0.00       12.08        0.00
    01/31/1980_24:00     1098.78        8.21      142.25       70.14       34.42       34.42       48.04       30.25       36.74       58.99       20.68      106.31       73.66      182.07       19.91       89.34       39.71       91.37     1357.45        9.04       21.59      470.61       98.46      173.67      112.10     1022.54        4.12      179.18       14.35      164.79       96.78      195.47      282.54        6.94      180.34       23.50       18.80       20.54       22.74      132.44        2.44        0.61        0.32        0.43        0.72        2.44      120.09       81.47       39.17       16.30        2.33        9.76       56.00        0.00        0.00        0.00        2.79        0.00
    02/29/1980_24:00     1382.80       21.90      129.13       59.26       59.97       59.97       68.59       18.11       40.29       48.95       35.04       77.60       75.18      243.03       29.35      107.46       45.03       94.74      900.58       11.04       26.50      528.95      160.07      223.87      230.94      662.64        7.61      170.03       17.27      144.84       43.70      148.69      302.16       27.75      148.46       32.50       26.00       34.73       30.30      199.48        9.78        2.47        1.30        1.26        5.33        9.78      148.92      128.33       59.13       15.77        2.37        7.97       81.60        0.00        0.60        9.50        0.75        0.00
    03/31/1980_24:00     1033.61       11.12       70.37       45.39       31.32       31.32       27.92        4.74       16.24       25.06       13.49       33.34       33.84       64.56        9.57       36.42       17.73       49.07      566.63        0.35        8.25      332.07       96.60      183.62      204.48      461.10        3.84       91.25        5.85      142.47       22.18      147.82      337.08        4.45      261.01       16.00       12.80       13.77       14.01      241.52        1.59        0.40        0.21        1.01        2.79        1.59      383.74      107.17       53.24        8.95        3.54       12.33      157.50        0.00        0.00        3.90        0.38        0.00
    04/30/1980_24:00      375.47        5.79       25.81       30.99       12.46       12.46       11.99        1.20        7.34       19.82        6.62       27.21       21.56       12.70        3.40       40.96        6.44       32.28       95.80        0.11        2.09      252.98       51.42       25.08        0.91      345.12       19.43       45.45        1.51       60.40        5.18      198.39      130.43        0.90      163.40        3.00        2.40        3.00        0.23      104.91        0.32        0.08        0.04        0.41        0.81        0.32      329.53       84.50       31.83        3.95        1.39        4.95      185.10        0.00        0.00        1.80        0.92        0.00
    05/31/1980_24:00      443.08        3.92       17.74       34.52        5.77        5.77        7.89        1.03        8.04       25.41        3.28       14.77       20.71       18.28        1.86       23.41        4.62       29.15       87.48        0.02        1.02      187.22       40.26       21.17        0.92      273.25       34.95       35.12        0.55       86.51       11.56      205.12      140.13        0.15      191.78        1.50        1.20        1.61        0.51      144.99        0.04        0.01        0.00        0.27        0.35        0.04      341.75       83.01       20.67        3.24        1.10        3.77      167.40        0.00        1.50        0.20        1.98        0.00
    06/30/1980_24:00      643.24        3.39        8.21       25.69        3.56        3.56        3.74        0.33        4.17       18.11        1.51        5.35       11.15       21.61        0.87       16.23        2.54       17.68      275.56        0.03        0.60      167.19       32.98       15.17        0.12      211.48       37.63       15.45        0.15       94.31       14.51       27.35      109.07        0.01      137.57        0.50        0.40        3.14       11.41       24.62        0.00        0.00        0.00        0.13        0.10        0.00      379.70      120.73       21.96        1.23        0.54        1.68      194.10        0.00        2.50       19.40        0.71        4.46
    07/31/1980_24:00      712.03        2.95        2.89       20.02        1.42        1.42        1.07        0.08        2.77       12.25        0.62        1.70        7.50       25.75        0.25       26.45        1.78       11.61      225.77        0.03        0.35      187.75       30.36       24.77        0.20      280.45       43.47        6.79        0.06       54.69       15.45       47.32        4.97        0.00      130.48        0.00        0.00        9.48       16.58       94.38        0.00        0.00        0.00        0.05        0.02        0.00      475.12      122.85       15.69        0.37        0.19        0.56      238.70        0.00        4.90       20.30        0.71        0.00
    08/31/1980_24:00      598.40        2.83        1.71       14.58        0.52        0.52        0.18        0.05        2.34        7.32        0.19        0.42        6.18       19.86        0.00       31.42        1.39       10.07      200.77        0.03        0.19      193.98       30.09       26.71        0.26      122.48       39.53        2.32        0.01       37.38       16.69        2.20        1.24        0.00      134.78        0.00        0.00        6.66       13.98       12.26        0.00        0.00        0.00        0.00        0.00        0.00      357.43       81.23       35.97        0.06        0.01        0.00      200.30        0.00        0.50        6.10        0.49        0.00
    09/30/1980_24:00      396.83        2.77        2.58       14.17        0.36        0.36        0.05        0.09        2.32        6.23        0.20        0.28        6.05        7.68        0.00       12.30        1.27        6.72      111.51        0.02        0.11      188.77       12.85       11.70        0.15      140.19       27.56        1.57        0.01       36.43       12.51        1.46       65.99        0.00      129.24        0.00        0.00        8.94        7.56        8.37        0.00        0.00        0.00        0.00        0.00        0.00      130.31       39.51       22.99        0.03        0.00        0.01      107.20        0.00        2.10       10.70        0.93        0.00
    10/31/1980_24:00      292.13        2.95        4.47       16.08        0.52        0.52        0.21        0.41        2.64        6.34        0.30        0.46        6.40        6.21        0.00        5.34        1.55        7.24      113.41        0.01        0.28      105.90        4.40        3.09        3.01      117.32       16.07        1.84        0.00       31.32        5.71        5.13       91.19        0.00       61.39        0.00        0.00        0.00        8.70        5.01        0.00        0.00        0.00        0.00        0.00        0.00       63.09        3.71        9.67        0.06        0.05        0.07       82.90        0.00        0.90        0.00        0.89        0.00
    11/30/1980_24:00      347.09        5.08        5.13       14.81        0.83        0.83        0.46        1.02        2.46        6.16        0.42        0.82        6.33        2.64        0.53        3.57        1.59        8.06      106.60        0.01        0.36       69.35        1.10        0.74        1.29       90.39        7.01        2.44        0.00       36.26        3.36        9.92       47.48        0.00       38.25        0.00        0.00        0.00        0.02        4.59        0.00        0.00        0.00        0.01        0.02        0.00       16.29        0.71        3.17        0.52        0.12        0.32       61.60        0.00        0.00        0.00        0.23        0.00
    12/31/1980_24:00      421.62        8.21       21.62       21.75        6.94        6.94        8.36        4.03        5.35       13.50        4.59       14.67       14.00        1.78        1.26        3.58        6.29       16.47      110.60        2.43        1.86       87.12        0.61       10.24        6.59      145.54        4.66        4.21        0.00       17.41        2.88        6.82       58.94        0.00       30.95        2.00        1.60        0.00        0.01        2.42        0.00        0.00        0.00        0.05        0.06        0.00       18.63        9.24        4.29        2.15        0.21        0.70       28.80        0.00        0.00        0.00        9.19        0.00
    01/31/1981_24:00      292.19        9.95       48.53       30.91       28.16       28.16       34.73        8.81       15.78       23.42       18.42       20.62       23.26        2.04       10.72       30.50       11.61       20.53      110.65        5.29        9.19       61.87        1.68       33.90       30.92      103.61        4.37       14.86        1.87        7.70        2.58        5.20      105.70        0.11       16.72        8.00        6.40        0.01        0.02        3.39        0.04        0.01        0.00        0.11        0.25        0.04       25.14        9.21        3.09        1.36        0.29        0.90       25.50        0.00        0.00        6.00        7.90        0.00
    02/28/1981_24:00      238.14        9.02       53.17       28.53       29.32       29.32       28.12        6.05        7.58       16.84        9.86       39.06       18.85       21.01        5.87       16.71        9.88       24.16      126.14        0.19        1.94       46.90       10.27       18.64       15.83       84.64        3.74       10.94        0.49        6.05        1.99        6.02       64.87        0.00       11.68        5.00        4.00        0.53        0.06        2.87        0.00        0.00        0.00        0.08        0.10        0.00       19.38       10.95        2.90        1.61        0.51        2.05       27.00        0.00        1.30       12.00        5.03        0.00
    03/31/1981_24:00      437.79       13.72       88.70       35.02       31.78       31.78       17.25        4.38       12.72       21.57        9.94       24.65       22.01       13.14        4.78       13.82       12.19       33.23      200.00        1.53        9.25       77.54       30.27       15.76       22.69       94.45        4.50       45.01        5.35        7.90        2.10       10.32       47.19        0.72       11.89       11.00        8.80        4.88        0.06        2.92        0.25        0.06        0.03        0.39        0.75        0.25       55.82        3.26        1.71        3.12        1.64        3.60       40.60        0.00        0.00        0.00       10.36        0.00
    04/30/1981_24:00      480.91        5.42       26.31       27.22       13.71       13.71        9.31        1.59        5.80       16.00        4.90       16.84       13.65        8.87        2.00       12.76        4.88       24.45      153.52        0.07        2.17       42.65       10.67       22.23        0.92       92.05       22.39       22.46        0.89       11.87        4.88       50.74       11.35        0.17       58.87        5.00        4.00        0.00        0.07        5.64        0.07        0.02        0.01        0.12        0.02        0.07       70.87        9.32        2.57        1.60        0.85        3.38       41.80        0.00        0.00        0.00        3.49        0.00
    05/31/1981_24:00      675.13        3.96       11.28       22.96        5.46        5.46        4.11        0.56        3.78       16.98        2.07        6.43        8.84       21.19        1.29       26.31        2.87       18.26      194.25        0.02        0.85       54.04       21.55       24.11        0.15      174.13       43.16       11.93        0.05       21.10       12.67       25.52        1.56        0.00      120.39        0.00        0.00        0.00        5.71        7.04        0.00        0.00        0.00        0.06        0.01        0.00      206.72       22.55        5.94        0.97        0.38        1.17       46.30        0.00        0.00        0.00        3.59        0.00
    06/30/1981_24:00      711.67        3.28        2.88       16.70        1.93        1.93        1.09        0.14        2.24        9.40        0.68        1.76        5.90       20.14        0.55       38.00        1.79       10.88      115.60        0.03        0.28       53.64       19.66       26.50        0.26      192.50       46.01        2.81        0.00       27.49       16.15       21.32        4.78        0.00      120.85        0.00        0.00       13.09       10.71        8.66        0.00        0.00        0.00        0.00        0.00        0.00      414.21       72.48       18.61        0.23        0.07        0.12       78.40        0.00        0.00        0.00        2.20        0.00
    07/31/1981_24:00      871.89        3.02        0.75       13.10        0.55        0.55        0.05        0.03        1.98        5.94        0.12        0.38        5.01        9.73        0.00      185.38        1.41        9.07      333.64        0.04        0.19       53.98       22.13       21.39        0.32      108.34       46.60        0.76        0.00       32.02       16.86        9.92        4.00        0.00      128.94        0.00        0.00       39.13       12.29       11.03        0.00        0.00        0.00        0.00        0.00        0.00      303.81       71.51       20.81        0.09        0.00        0.00       80.90        0.00        0.00        0.00        3.52        0.00
    08/31/1981_24:00      815.94        2.97        0.53       12.41        0.14        0.14        0.00        0.01        1.79        5.02        0.04        0.07        4.69        7.98        0.00       81.76        1.30        6.66      158.64        0.03        0.09       43.29       22.74       25.52        0.22       82.02       41.73        0.62        0.00       26.28       15.87       16.86        2.68        0.00      113.94        0.00        0.00       36.61        5.79        8.70        0.00        0.00        0.00        0.00        0.00        0.00      188.71       18.16        5.63        0.05        0.00        0.00       51.30        0.00        0.00        0.00        5.62        0.00
    09/30/1981_24:00      403.74        2.92        1.26       12.46        0.18        0.18        0.00        0.05        1.83        4.87        0.07        0.12        4.82        6.39        0.18       20.13        1.30        4.20      139.21        0.11        0.15       35.72        8.84       11.57        0.11       69.98       30.61        0.06        0.01       17.57       11.19        5.38        1.72        0.00       78.90        0.00        0.00        7.96        0.00        7.16        0.00        0.00        0.00        0.00        0.00        0.00       28.91        3.58        4.26        0.02        0.00        0.00       14.30        0.00        0.00        0.00       15.98        0.00
    10/31/1981_24:00      229.60        3.79        8.11       19.04        1.16        1.16        0.79        0.80        3.97        9.15        1.00        2.63        8.39        2.56        0.46        7.04        2.88        8.63       98.68        1.12        1.13       40.67        2.08        3.03        0.00       95.55       13.82        1.74        0.00       10.24        4.96        4.89       11.41        0.00        8.32        0.00        0.00        0.00        0.01        5.82        0.00        0.00        0.00        0.00        0.00        0.00        4.99        1.35        1.17        0.06        0.00        0.00       14.30        0.00        0.00        0.00       26.45        0.00
    11/30/1981_24:00      373.86       15.52      127.99       60.50       19.12       19.12       30.15       19.97       31.12       55.75       11.95       51.60       56.95       21.99        7.16       20.40       29.34       65.10      493.56       10.28       14.56      178.43        0.86       36.64       19.60      310.79        5.31       34.31        1.28        8.79        2.15       13.35       15.32        0.00       11.33        1.00        0.80        0.00        0.02        5.02        0.00        0.00        0.00        0.00        0.00        0.00        3.43        2.32        1.37        0.28        0.09        0.00       18.40        0.00        0.00        0.00       20.03        0.00
    12/31/1981_24:00     1337.97       31.37      170.22       62.81       60.18       60.18       60.30       24.11       25.76       42.39       21.69       82.09       54.32      116.58       15.38       43.78       29.81       75.94     1212.28        6.47       23.28      494.67      127.04      100.46       85.02      654.23        7.32       78.34        3.88       77.29        2.24        8.61       18.50        0.00       12.15        4.00        3.20        0.00        0.01        3.54        0.00        0.00        0.00        0.00        0.00        0.00        5.45       17.15        1.08        0.39        0.30        1.79       21.60        0.00        0.00        0.00       15.06        0.00
    01/31/1982_24:00      882.35       24.48       94.39       46.73       33.43       33.43       29.58       14.68       19.10       26.68       11.55       33.04       34.83      124.70       10.77       53.97       21.85       53.15      765.87        7.45       18.31      424.66      132.32      192.23      211.28      627.79        4.67      144.00       17.86      141.05       51.47       25.08       73.23        7.21       12.76       39.00       31.20        0.01        2.79        5.36        2.54        0.64        0.34        0.06        0.10        2.54        3.48       38.02       19.09       17.17        0.78        3.32       30.40        0.00        0.50        2.80        0.04        2.04
    02/28/1982_24:00     1299.57       21.98      118.28       52.60       41.58       41.58       40.83       16.95       20.88       36.74       17.07       76.03       50.85       93.53       13.01       45.70       24.48       64.42      865.06        4.47       15.35      561.23      147.25      114.54      103.07      818.62        3.49      171.67       14.85      122.63       63.31       61.70      157.17        2.63       67.87       35.00       28.00        0.01        8.63        3.33        0.92        0.23        0.12        0.01        0.07        0.92       30.19       23.69        3.58        8.13        1.18        4.53       43.40        0.00        8.40       43.40        1.69        8.98
    03/31/1982_24:00      882.35       32.43      102.51       51.93       34.36       34.36       38.33        9.24       22.93       33.00       16.57       35.86       50.14       42.89        8.54       39.15       26.29       61.05      745.54        2.46       18.54      382.52      126.15      117.90      103.77      552.41       65.36      173.95       17.19      153.41       28.41       75.88      267.16        5.72      103.73       51.00       40.80        0.03       21.20       14.43        2.01        0.51        0.27        0.15        0.55        2.01       37.06       28.20       24.50       19.04        2.21        7.54       49.10        0.00        2.90        4.40        4.23        3.79
    04/30/1982_24:00     1295.41       19.31       97.59       64.90       41.49       41.49       42.74        6.68       32.36       50.11       15.80       69.20       88.90      128.23       17.38       76.56       52.30      109.96     1334.66        5.26       35.19      789.54      228.50      324.80      336.00     1056.79      298.89      237.54       22.66      197.02       83.13       31.70      419.21       12.81      311.15       71.00       56.80       38.63       42.09      415.40        4.52        1.14        0.60        0.90        2.74        4.52      344.77      117.88       31.91       15.10        4.61       19.69       57.10        0.00        0.90        1.20        0.06       47.56
    05/31/1982_24:00      803.03       25.74       31.74       47.19       12.39       12.39       16.35        1.48       12.03       34.17        5.93       33.31       34.50       96.97        7.03       21.32        7.20       44.74      509.50        0.02        2.16      498.64       51.76       37.86        2.51      584.32       38.79       77.91        1.87      239.13       11.03       16.90      349.86        0.87      350.54       10.00        8.00        5.98       14.54      235.87        0.32        0.08        0.04        0.18        0.22        0.32      602.09      165.89       28.36        3.64        1.42        4.72       86.50        0.00        0.70        0.00        0.00       53.21
    06/30/1982_24:00      627.77        3.87       12.60       31.41        4.47        4.47        5.51        0.45        5.51       23.59        2.32        8.28       14.54       34.92        1.70       23.33        3.39       21.10      300.94        0.04        0.78      238.19       31.13       35.88        0.12      419.27       36.55       19.74        0.57      123.41       14.10       66.65      112.64        0.11      179.23        2.00        1.60        7.59       10.68       94.26        0.04        0.01        0.00        0.08        0.02        0.04      482.04      111.04       24.12        1.45        0.47        1.86      155.50        0.00        2.10       18.60        0.44       10.19
    07/31/1982_24:00      667.14        7.20        7.07       24.84        2.37        2.37        2.15        0.09        4.07       15.01        0.93        2.79       10.29       11.25        0.59       23.70        2.20       14.52      258.97        0.03        0.66      188.77       29.35       35.76        0.18      215.45       37.29        7.92        0.23       86.64       14.79       68.74      109.32        0.00      161.90        0.00        0.00       12.73       15.03       25.95        0.00        0.00        0.00        0.03        0.00        0.00      453.96      110.19       10.93        0.55        0.19        0.71      166.50        0.00       16.10       19.50        8.20        5.21
    08/31/1982_24:00      736.01        3.06        3.36       17.41        0.82        0.82        0.40        0.06        2.85        8.98        0.33        0.61        8.53        8.58        0.00       40.04        1.78       10.76      350.46        0.03        0.38      181.51       29.05       24.21        0.16      232.85       36.07        3.41        0.10       59.16       15.28       75.20       40.10        0.00      136.63        0.00        0.00       13.66       15.16        7.91        0.00        0.00        0.00        0.00        0.00        0.00      368.68       90.69       30.35        0.16        0.01        0.03      156.30        0.00        5.10       18.00       13.58        0.00
    09/30/1982_24:00      565.53        3.14        4.08       17.13        0.77        0.77        0.24        0.13        2.75        7.79        0.31        0.40        8.19       16.29        0.10       12.98        1.70        8.80      365.26        0.05        0.52      161.48       11.47       22.76        0.00      204.34       20.48        4.67        0.10       41.58       10.68       56.88      144.30        0.00      132.40        0.00        0.00        0.98       12.56        4.07        0.00        0.00        0.00        0.00        0.00        0.00      129.54       26.00       22.03        0.29        0.05        0.13       88.40        0.00        0.00        0.00        5.49        0.00
    10/31/1982_24:00      464.97        3.47        7.74       23.10        1.58        1.58        1.65        1.11        5.28       12.30        0.92        4.20       10.97        6.53        0.56        3.97        2.93       12.14      242.46        5.04        0.94      123.80        2.60        3.00        2.17      178.01       12.19       12.45        0.10       77.11        5.58       67.82      188.83        0.00      162.08        1.00        0.80        1.35        9.56        4.29        0.00        0.00        0.00        0.00        0.00        0.00      110.19       38.60       17.94        0.35        0.18        0.61      104.10        0.00        0.00        4.30        1.32        0.00
    11/30/1982_24:00      627.77        7.38       34.55       30.58        9.10        9.10       12.27        4.21        9.94       19.28        4.21       19.25       18.36        6.23        3.51        9.98        8.43       23.75      261.99        3.58        9.41      176.90       68.31       22.72       13.25      371.48        3.68       46.37        5.66      108.60       47.35       71.41       50.60        0.63       51.96       14.00       11.20        8.83       14.86       96.58        0.21        0.05        0.03        0.08        0.21        0.21      179.70       53.14       20.08        1.48        0.51        1.99      101.40        0.00        0.60        0.00        1.02        0.00
    12/31/1982_24:00     1056.36       15.34       94.49       44.76       38.14       38.14       43.82       14.30       20.47       32.38       17.33       52.53       36.79      102.19       13.30       37.85       24.66       45.38      644.42        7.06       17.12      264.75      122.48       92.87      107.61      632.71        3.83      139.39       19.23      138.47      107.91       62.90      266.06        4.93      150.71       40.00       32.00       35.05       31.76      233.53        1.73        0.44        0.23        0.49        3.28        1.73      270.05       44.11       25.55       32.25        1.83        7.82       82.40        0.00        0.00        0.00        2.73        1.83
    01/31/1983_24:00      841.15       29.04      115.12       58.07       55.17       55.17       78.21       20.80       26.26       37.97       30.58       75.88       55.92      193.93       29.59       88.79       31.69       60.54      720.48        7.65       16.67      241.10      112.86      181.56      209.21      483.23       96.35      148.55       23.49      100.10       75.20       58.79      273.74       16.25      139.64       59.00       47.20       47.09       41.16      226.52        5.76        1.45        0.77        2.20        8.59        5.76      233.16       90.57       38.46       17.68        4.03       10.34       57.60        0.00        0.00        0.00        0.33       45.71
    02/28/1983_24:00     2164.28       83.81      209.97       68.05       98.24       98.24      101.23       27.93       34.50       48.02       42.13       88.03       78.97      261.25       38.39      109.26       51.36      102.02     1091.82        5.64       27.15      382.65      170.78      339.61      376.80      701.99      252.69      188.49       19.52      156.28       80.64       34.16      292.40       13.72      235.87       83.00       66.40       66.98       71.64      287.79        4.84        1.22        0.64        3.18       10.93        4.84      242.64      113.85       83.08       33.07        7.20       25.33       71.20        0.00        0.00        0.00        0.22       75.24
    03/31/1983_24:00     2900.37      211.33      274.77      106.48      176.53      176.53      163.34       31.80       50.85       76.77       72.31      123.41      129.43      488.21       61.05      173.74       82.15      154.76     2002.30       10.00       42.99      815.30      267.57      539.57      667.93     1189.17      479.05      323.12       35.11      241.03      174.81      189.94      408.03       20.60      287.76      124.00       99.20      102.81       86.88      442.28        7.27        1.84        0.97        6.39       18.74        7.27      264.52      177.39      121.93       27.29       12.38       46.03      152.90        0.00        0.00        0.00        1.26       17.13
    04/30/1983_24:00      864.60       36.76       72.24       58.33       55.07       55.07       46.08        6.64       17.38       31.71       20.39       62.72       48.41       39.85       14.86       50.39       19.47       58.81      947.99        2.75       11.89      340.41      102.35      263.13      273.50      568.03       95.33      129.84        9.07      221.71        3.22      297.46      529.59        5.05      314.06       40.00       32.00        9.79       14.05      458.24        1.77        0.45        0.23        1.65        4.74        1.77      453.84      149.95       66.23        9.75        5.67       22.40      286.60        0.00        0.00        0.00        0.31        0.00
    05/31/1983_24:00     1046.52       10.22       59.27       63.23       41.35       41.35       46.71        3.40       17.67       42.66       21.82       86.45       55.01      121.56       12.92       67.60       14.19       56.09      791.26        0.21        7.83      471.30       82.12       93.21        8.36      756.91       62.59      136.38        6.71      163.68        5.96      244.72      599.14        2.88      309.22       24.00       19.20       16.76       14.76      372.86        1.02        0.26        0.14        1.28        3.68        1.02      575.34      146.34       65.12        7.17        4.29       14.77      370.70        0.00        0.00        0.00        0.13        0.00
    06/30/1983_24:00      890.18        4.40       31.12       61.42       11.35       11.35       20.27        1.52       13.54       42.78        6.65       35.15       34.02       50.55        4.23       66.92        5.00       39.67      609.29        0.03        1.78      557.06       36.18       29.21        0.20      584.81       37.94       63.49        1.16      190.24       12.52      186.78      307.10        0.67      415.04        5.00        4.00        4.09       16.23      524.29        0.25        0.06        0.03        0.54        1.46        0.25      722.98      211.95       68.49        1.50        2.34        7.54      419.80        0.00        0.00        0.00        0.00        0.00
    07/31/1983_24:00      874.97        4.72       11.37       39.37        4.75        4.75        6.47        0.31        7.91       27.42        1.77        8.17       16.41       19.39        0.13       31.13        2.81       19.71      442.67        0.03        0.75      256.79       30.21       31.31        0.16      433.80       37.44       21.26        0.66      171.43       14.19      212.69      234.14        0.04      318.32        1.00        0.80        8.97       16.42      316.11        0.00        0.00        0.00        0.28        0.53        0.00      570.48      165.22       27.05        0.55        0.98        3.34      387.50        0.00        0.00       10.30        0.00        0.00
    08/31/1983_24:00      863.90        3.19        5.98       27.24        1.92        1.92        2.35        0.09        5.15       13.79        0.68        2.34       11.91       19.89        0.00       24.26        2.22       13.61      372.89        0.03        0.37      170.32       27.41       25.08        0.21      276.69       36.08        7.01        0.42       86.82       15.20      156.49      107.42        0.00      169.77        0.00        0.00       17.04       15.58       85.10        0.00        0.00        0.00        0.13        0.27        0.00      348.57      124.51       42.30        0.37        0.64        2.23      176.20        0.00        0.00        2.20        0.92        0.00
    09/30/1983_24:00      603.97        2.95        6.54       24.19        1.58        1.58        1.29        0.17        4.00        9.76        0.54        1.16       10.35       27.25        0.00        9.96        2.10        9.96      371.51        0.03        0.34      135.20       12.73       11.05        0.06      233.49       26.54        4.88        0.53       81.94        9.98       94.43      207.73        0.00      181.43        0.00        0.00        3.76        1.01      126.92        0.00        0.00        0.00        0.09        0.20        0.00      188.27       73.85       30.96        0.37        0.40        0.86      153.80        0.00        0.00        0.00        1.28        0.00
    10/31/1983_24:00      632.71        3.02        7.61       25.02        1.69        1.69        1.07        0.78        3.85        9.59        0.65        1.12       10.48        9.67        0.00        9.52        2.34       10.60      226.59        0.15        0.58      162.83        7.38        4.29        2.71      185.14       15.11        4.89        0.27       92.72        7.51       75.51      257.45        0.00      193.26        0.00        0.00        9.84       36.14       76.80        0.00        0.00        0.00        0.10        0.23        0.00      178.01       30.35       17.51        0.25        0.62        1.79      117.20        0.00        0.00        0.60        1.60        0.00
    11/30/1983_24:00      864.60        9.63       52.47       50.22       22.60       22.60       27.79       10.13       17.09       31.12       10.74       54.54       38.05       70.75       10.20       29.04       12.95       36.48      567.78       12.44       15.47      256.31      105.62       87.72       96.12      696.20       14.19       93.42        8.49      128.35       92.77      133.65       53.84        0.59       28.73       11.00        8.80        5.70        0.33       75.93        0.21        0.05        0.03        0.18        0.52        0.21      151.02       14.56       10.96        8.93        1.55        7.28       97.60        0.00        0.00        2.00        2.11        0.00
    12/31/1983_24:00     1670.00       23.32      204.66       94.66       69.84       69.84       90.27       32.87       42.60       64.88       39.91      100.72       93.34      301.11       39.90      113.56       46.31       97.52     1363.67       10.06       34.19      669.53      174.90      296.52      344.14      872.51       99.92      202.73       18.99      180.65       95.86      281.68      218.10        4.04      137.06       36.00       28.80       21.02       15.80      137.67        1.41        0.36        0.19        0.82        1.18        1.41      150.71       45.90       19.56       11.13        2.83       13.97       90.50        0.00        0.00        0.00        2.47        1.04
    01/31/1984_24:00      934.00        6.45       40.93       49.11       22.89       22.89       24.30        9.90       14.69       23.14       10.24       30.90       31.89       57.07       10.42       29.64       11.49       42.35      758.75        0.02        6.32      350.71       76.02      157.11      184.69      495.41       90.02       71.45        5.37      148.43       19.09      294.71      342.06        1.34      180.53       13.00       10.40       11.75       11.59      239.86        0.46        0.12        0.06        0.29        0.52        0.46      196.27       70.40       34.26        4.06        1.89        7.44       84.30        0.00        0.00        0.00        0.48        0.00
    02/29/1984_24:00      368.13        6.01       47.80       37.10       14.38       14.38       13.95        5.72       11.21       18.71        4.96       19.83       23.31        3.95        3.96       19.97        9.23       32.67      352.72        1.40       10.70      217.89       75.37       23.63       24.54      303.08       33.55       60.74        5.54       53.79        2.22       97.38      276.44        0.43       59.99       11.00        8.80        0.01        1.54       26.37        0.14        0.04        0.02        0.13        0.27        0.14       33.09       51.11       25.48        2.98        1.52        5.28       97.00        0.00        0.00        0.00        1.47        2.60
    03/31/1984_24:00      544.47        7.58       35.94       39.95       14.80       14.80       13.80        4.50       12.17       23.89        5.46       27.27       35.56        4.03        3.45       17.97       14.28       42.33      390.04        0.34        6.59      200.18       75.57       41.04       32.17      302.64       37.05       71.45        4.29       62.96        2.94       61.30      183.42        0.31       74.77        9.00        7.20        8.86       12.13        6.02        0.11        0.03        0.01        0.12        0.24        0.11      130.54       34.98       16.03        2.78        1.39        4.54       68.60        0.00        0.00        0.00        3.28        0.00
    04/30/1984_24:00      429.50        4.90       26.03       34.85        9.24        9.24        7.85        1.75        7.81       19.05        3.32       15.22       23.64       20.99        2.07       15.46        6.63       28.09      147.80        0.04        2.80      129.04       52.46       35.73        2.28      193.69       27.15       44.00        1.33       38.21        8.59       30.15       27.32        0.17       97.29        4.00        3.20       13.82       10.03       14.48        0.07        0.02        0.01        0.08        0.14        0.07      160.30        5.09        3.76        2.08        1.13        3.86       49.80        0.00        0.00        0.00        1.88        0.00
    05/31/1984_24:00      556.96        4.22       21.70       38.49        5.06        5.06        5.72        1.20        8.74       25.74        1.56       11.18       19.60       14.83        1.16       10.48        3.40       23.29      182.75        0.02        1.05      125.99       40.86       39.76        2.68      231.75       40.95       30.03        0.64       35.72       13.23       31.06       18.20        0.03      120.33        0.00        0.00       27.13       11.65        7.62        0.00        0.00        0.00        0.03        0.05        0.00      266.67       49.90        4.80        1.21        0.71        2.35       67.30        0.00        0.00        0.00        0.77        0.00
    06/30/1984_24:00      635.50        3.66        9.95       31.33        2.03        2.03        2.24        0.41        5.18       19.89        0.71        3.77       13.20       10.53        0.08       18.42        2.53       15.86      225.01        0.03        0.43      151.96       29.68       33.85        0.29      242.90       43.24       10.48        0.21       46.33       14.50       11.00        1.35        0.00      121.51        0.00        0.00       33.95       11.16        8.52        0.00        0.00        0.00        0.00        0.02        0.00      328.88       91.70        4.75        0.32        0.31        1.05       89.40        0.00        0.00        5.00        8.61        0.00
    07/31/1984_24:00      865.75        3.36        3.26       23.44        0.70        0.70        0.53        0.08        3.21       11.91        0.22        0.85        9.19       17.12        0.00       30.66        1.82       11.65      386.20        0.04        0.17      160.00       28.83       32.44        0.29      319.92       49.34        4.29        0.06       50.81       16.66       14.06        3.43        0.00      127.22        0.00        0.00       18.16       14.12        8.39        0.00        0.00        0.00        0.00        0.00        0.00      391.98       82.70       16.25        0.08        0.07        0.20      110.80        0.00        0.00        2.70        5.32        0.00
    08/31/1984_24:00      706.49        3.23        2.47       20.55        0.45        0.45        0.05        0.04        2.93        8.53        0.11        0.26        7.73       22.45        0.00       58.92        1.83        9.94      253.19        0.05        0.13      197.31       25.82       17.46        0.22      126.97       41.00        2.45        0.08       51.04       16.28       15.36        1.96        0.00      109.14        0.00        0.00        2.97        1.57        7.48        0.00        0.00        0.00        0.00        0.00        0.00      245.89       36.00       16.51        0.11        0.00        0.00       96.70        0.00        0.00        1.50        3.32        0.00
    09/30/1984_24:00      469.13        3.04        2.42       18.40        0.65        0.65        0.00        0.11        2.87        7.52        0.11        0.19        7.01       16.50        0.51       21.95        1.79        7.42      219.98        0.02        0.14      176.49        7.20        9.09        0.87      112.46       26.91        1.83        0.06       49.12       11.73       20.43        2.60        0.00       82.89        0.00        0.00        0.13        0.00        6.28        0.00        0.00        0.00        0.00        0.00        0.00       86.22        3.17        8.84        0.04        0.00        0.00       43.20        0.00        0.00        0.00        2.45        0.00
    10/31/1984_24:00      389.09        3.12        9.06       21.57        1.20        1.20        0.70        0.78        2.98        8.67        0.36        0.98        8.66        4.31        0.17        5.15        2.04        8.47      120.08        0.33        0.48       87.77        3.77        0.35        2.01      125.93       11.50        4.22        0.03       44.67        4.05       29.87       32.61        0.00       52.05        0.00        0.00        3.30        0.38        4.83        0.00        0.00        0.00        0.00        0.00        0.00       36.94        2.10       11.84        0.11        0.16        0.37       41.70        0.00        0.00        0.00        0.03        0.00
    11/30/1984_24:00      640.26       12.43       67.40       34.12       28.55       28.55       28.29        4.77        8.36       18.30       10.76       39.74       22.63        9.76        6.43       18.31        8.21       23.91      144.42        2.06        3.80      103.61       14.48       19.53        8.84      177.86        5.75       17.46        1.71       43.52        2.43       13.86       29.48        0.00       33.92        3.00        2.40        0.00        0.60        3.36        0.00        0.00        0.00        0.00        0.03        0.00        3.32       16.70        4.65        2.93        0.42        1.31       37.40        0.00        0.00        0.00        0.02        0.00
    12/31/1984_24:00      712.64        8.92       32.32       31.77       17.65       17.65       16.26        4.42        6.31       12.19        5.61       19.98       13.19       40.28        3.34       17.67        4.90       17.11      290.70        0.24        2.30      136.63       36.70       10.79       15.81      196.39        6.17       13.96        1.65       50.97        2.05       47.56      123.34        0.00       72.31        3.00        2.40        0.00        0.01        2.22        0.00        0.00        0.00        0.00        0.20        0.00        5.56       19.73       11.79        0.99        0.50        1.92       47.80        0.00        0.00        0.00        0.02        3.06
    01/31/1985_24:00      382.21        4.22       12.31       23.58        7.35        7.35        5.77        3.07        4.55        8.68        1.99        9.90        9.13        3.17        1.67        4.75        2.91       11.42      148.63        0.01        1.06       77.01       14.92        4.93        4.84      107.97        6.54        8.76        0.62       14.60        2.04       58.20       84.79        0.00       33.17        3.00        2.40        0.00        0.01        2.17        0.00        0.00        0.00        0.02        0.07        0.00       16.90       13.88        6.68        0.95        0.56        2.00       40.10        0.00        0.00        0.00        0.02        0.00
    02/28/1985_24:00      303.34        5.25       22.04       20.86        9.45        9.45        9.21        4.18        6.37       12.13        4.27       14.85       12.89        3.50        3.33        9.51        7.51       19.26      171.40        1.69        6.50       55.78       25.41       22.85       12.67      126.24        6.42       25.35        2.57        6.18        1.79       29.49       59.20        0.15       11.05        7.00        5.60        0.00        0.02        2.18        0.07        0.02        0.01        0.04        0.05        0.07       56.04       22.65       10.84        2.26        0.71        2.31       48.70        0.00        0.70        6.20        0.08        0.60
    03/31/1985_24:00      281.68        4.41       24.76       24.38        7.85        7.85        7.94        3.16        6.41       13.45        3.50       12.75       13.02        2.65        2.66        7.60        5.56       20.32      132.23        0.94        5.77       53.99       30.53       14.88        4.93       90.94        6.00       33.81        3.23        7.82        3.01       22.66       26.35        0.26       51.61        9.00        7.20        0.01        0.03        2.74        0.11        0.03        0.01        0.08        0.06        0.11       95.43       11.34        4.46        2.96        1.02        2.74       53.80        0.00        1.10        0.00        0.20        0.00
    04/30/1985_24:00      357.92        4.02       21.31       28.84        9.40        9.40       13.03        2.26        7.50       18.76        5.27       26.24       18.37        7.17        2.24       14.31        4.61       25.63      153.21        0.02        1.39       59.78       21.27       12.05        1.05      109.07       22.23       36.53        0.98       15.04        7.60       35.80        8.44        0.05       84.50        4.00        3.20        0.00        0.03        6.17        0.00        0.00        0.00        0.03        0.02        0.00       93.36        4.65        3.24        1.81        0.89        2.29       56.40        0.00        0.00        0.00        0.00        0.00
    05/31/1985_24:00      598.58        3.50        8.62       25.18        2.67        2.67        4.25        0.52        4.00       14.27        1.44        6.97        9.57       15.46        0.00       27.65        1.92       17.40      279.27        0.02        0.25       62.20       24.05       20.69        0.62      163.56       41.22       15.48        0.11       24.77       13.42       24.56        0.90        0.00      109.20        0.00        0.00        0.00        0.23        7.46        0.00        0.00        0.00        0.00        0.01        0.00      170.87       41.26        5.86        1.05        0.41        0.63       72.50        0.00        0.00        0.00        0.20        0.00
    06/30/1985_24:00      667.04        3.15        3.44       19.47        1.14        1.14        1.56        0.17        2.05        9.28        0.54        2.09        6.29        9.02        0.00       20.41        1.40        9.68      291.80        0.03        0.05       70.45       23.88       27.49        0.14      176.13       40.86        4.06        0.08       25.93       14.34       25.36        2.88        0.00      110.56        0.00        0.00       14.38       11.41        8.34        0.00        0.00        0.00        0.00        0.00        0.00      379.16       94.67       14.51        0.25        0.10        0.29       98.80        0.00        0.00        0.00        0.00        0.00
    07/31/1985_24:00      873.12        3.32        1.34       15.68        0.36        0.36        0.09        0.08        1.39        6.78        0.10        0.37        5.45        9.88        0.00       15.66        1.26        8.66      244.96        0.03        0.01       80.48       24.06       21.66        0.15      187.97       44.76        1.24        0.06       29.40       16.26       80.80        4.34        0.00      121.01        0.00        0.00       14.27       11.82        9.20        0.00        0.00        0.00        0.00        0.00        0.00      428.94       73.72       23.27        0.03        0.00        0.00      111.40        0.00        0.00        0.00        0.00        0.00
    08/31/1985_24:00      680.05        3.20        1.02       14.94        0.32        0.32        0.00        0.03        1.33        5.97        0.06        0.14        5.05        7.53        0.46       22.37        1.25        7.87      189.08        0.03        0.03       52.00       19.30        8.11        0.10      147.69       36.71        0.68        0.01       24.02       16.23       70.83        2.22        0.00       94.14        0.00        0.00        0.00        2.05        8.24        0.00        0.00        0.00        0.00        0.00        0.00      190.55       15.62        4.65        0.04        0.00        0.00       77.70        0.00        0.00        0.00        0.29        0.00
    09/30/1985_24:00      352.56        3.10        4.89       15.93        0.63        0.63        0.13        0.05        2.03        7.11        0.28        0.35        6.20        5.25        0.00        9.42        1.64        6.14      116.99        0.21        0.13       31.26        4.11        9.10        0.25      120.79       23.35        1.44        0.00       17.28       10.04       14.74        1.59        0.00       72.83        0.00        0.00        0.00        0.01        7.15        0.00        0.00        0.00        0.00        0.00        0.00       15.57        1.68        6.19        0.06        0.00        0.00       35.00        0.00        0.00        0.00        3.09        0.00
    10/31/1985_24:00      280.88        3.93        5.95       18.37        1.01        1.01        0.24        0.56        2.73        6.73        0.32        0.74        6.31        3.44        0.05        5.05        1.64        6.89      139.28        0.10        0.13       47.57        2.55        0.22        1.82      105.33       15.11        1.74        0.00       12.81        5.44       14.11       19.53        0.00       12.08        0.00        0.00        0.00        0.00        6.30        0.00        0.00        0.00        0.00        0.00        0.00        3.59        0.98        3.06        0.07        0.02        0.16       25.30        0.00        0.00        0.00        2.68        0.00
    11/30/1985_24:00      271.34        5.57       16.75       25.77        1.56        1.56        1.02        1.66        4.84       10.38        0.85        2.02        9.63        9.05        0.58        3.89        3.35        9.70      124.65        3.54        2.03       43.17        0.60        4.74        1.62       87.59        6.60        7.14        0.33       11.39        2.55       13.71       20.80        0.00       11.73        1.00        0.80        0.00        0.01        4.77        0.00        0.00        0.00        0.00        0.00        0.00        3.43        4.93        4.68        0.21        0.27        1.63       20.30        0.00        0.00        0.00       13.24        0.00
    12/31/1985_24:00      259.23        6.25       35.72       25.10        5.84        5.84        5.31        2.93        5.62       10.84        3.08        9.76       13.24        3.61        2.96        8.43        4.78       14.66      111.75        1.78        1.46       58.42        0.65        8.93        4.29       90.94        6.57       18.31        1.40       12.09        2.46       20.69       25.20        0.01       15.37        2.00        1.60        0.00        0.01        3.66        0.00        0.00        0.00        0.02        0.00        0.00        4.56       31.91       12.37        0.50        0.40        2.36       29.00        0.00        0.00        0.00        2.89        0.00
    01/31/1986_24:00      263.35        7.82       67.09       34.20       20.61       20.61       19.39        9.85       13.91       22.70        9.49       31.48       28.08       17.24        7.44       21.18       11.59       34.44      112.36        1.48        8.80      100.75        0.61       17.32       13.29      164.42        7.13       41.88        2.94       13.69        2.47       23.86       29.11        0.34       10.28        2.00        1.60        0.00        0.01        3.77        0.11        0.03        0.01        0.05        0.16        0.11        5.96       27.33        9.05       10.77        0.55        2.52       31.30        0.00        0.00        0.00        0.62        0.00
    02/28/1986_24:00     1833.28       38.77      218.02      102.42       90.86       90.86      120.41       46.60       62.66       94.63       62.37      193.44      144.40      460.02       45.73      201.72       79.14      162.45     1926.39       19.89       42.95     1075.18      253.59      385.37      199.48     1729.43      108.46      367.10       40.27      146.01      107.35       88.97      110.41       24.56       15.78       85.00       68.00        0.02       38.80      203.82        8.69        2.19        1.16        1.71        6.98        8.69       28.20       82.97       31.08       27.04        1.91        5.90       39.00        0.00        0.20        2.50        0.00       26.93
    03/31/1986_24:00     1706.90       17.68      142.78       76.88       49.71       49.71       61.62       10.35       26.22       49.08       25.89       76.68       70.77      140.07       18.40       72.29       34.16       83.93     1409.63        5.38       21.16      764.42      137.18      359.12      388.92      916.78      200.08      177.64       18.81      314.63       72.68      301.60      346.11       13.05      154.76       48.00       38.40        0.03       38.43      402.62        4.63        1.17        0.62        1.96        4.96        4.63      352.63      157.96       67.39       12.67        4.68       13.44       95.90        0.00        0.00        0.00        0.00       67.94
    04/30/1986_24:00      292.40        5.15       24.78       37.71       12.08       12.08       12.77        1.17        7.78       21.38        6.06       21.84       21.57        4.43        3.34       16.45        6.59       35.11      184.09        0.04        2.21      202.31       44.00       39.25       10.84      346.08       40.09       48.99        2.24      145.96        4.90       94.14      296.57        1.52      211.06       10.00        8.00        3.29        6.09      276.99        0.53        0.13        0.07        0.38        0.45        0.53      460.38      105.62       21.88        3.55        1.52        4.57      172.20        0.00        2.80        3.30        0.11        7.62
    05/31/1986_24:00      527.44        4.43       22.52       37.14        5.13        5.13        6.22        0.89        7.51       23.86        2.64       10.42       17.64        7.02        1.98        7.04        5.05       28.59       83.74        0.02        0.82      107.61       31.33       37.03        0.19      140.68       37.10       26.10        0.75       97.03       11.93       64.44      150.28        0.54      196.70        4.00        3.20        1.95        5.63       15.94        0.18        0.04        0.02        0.10        0.10        0.18      497.07      101.70        4.99        1.82        0.69        2.80      205.20        0.00        6.60        7.40        0.06        0.00
    06/30/1986_24:00      603.37        3.59        6.92       27.95        2.29        2.29        2.64        0.33        4.97       18.66        0.99        3.23       10.19        7.83        0.64       13.88        2.35       14.48      120.36        0.03        0.23      110.69       25.78       37.85        0.15      169.83       38.55        8.71        0.37       62.96       14.94       64.26       86.88        0.01      135.49        0.00        0.00        7.49       12.76       31.55        0.00        0.00        0.00        0.06        0.03        0.00      538.04      106.16       10.75        0.52        0.22        1.10      233.20        0.00        3.70        4.60        0.24        0.00
    07/31/1986_24:00      699.73        3.14        2.94       20.83        0.82        0.82        0.46        0.06        3.26       11.29        0.36        0.71        8.05        8.78        0.01       14.90        1.81        8.68      295.54        0.03        0.07      125.48       28.51       32.04        0.14      296.37       39.17        3.27        0.08       43.36       15.41       37.53        7.54        0.00      123.65        0.00        0.00       10.43       14.47       10.50        0.00        0.00        0.00        0.03        0.00        0.00      431.46      110.74       23.46        0.18        0.01        0.00      193.80        0.00        0.40        0.00        0.08        0.00
    08/31/1986_24:00      638.24        2.92        1.80       19.05        0.31        0.31        0.06        0.04        2.54        7.24        0.13        0.22        7.00       19.27        0.00       35.12        1.55        6.58      223.89        0.03        0.03       88.64       26.41       26.14        0.11      202.79       37.29        1.56        0.03       42.99       15.47       68.62        7.29        0.00      107.91        0.00        0.00        6.64        9.21        7.60        0.00        0.00        0.00        0.00        0.00        0.00      335.23       55.88       26.48        0.03        0.00        0.00      141.10        0.00        1.30        0.00        1.61        0.00
    09/30/1986_24:00      442.41        3.11        4.84       21.84        0.72        0.72        0.23        0.13        3.06        7.89        0.26        1.52        7.97        7.74        0.00       19.84        2.04       10.07      279.48        0.54        0.29      117.40       10.99       11.38        1.67      142.33       22.73        2.16        0.01       41.06        8.94       65.28       34.24        0.00       82.06        0.00        0.00        0.55        9.02        6.79        0.00        0.00        0.00        0.00        0.00        0.00      129.01       12.47       11.65        0.07        0.00        0.00       67.60        0.00        4.40        0.00        0.09        0.00
    10/31/1986_24:00      400.10        3.41        5.73       21.23        1.49        1.49        1.32        0.64        2.69        7.73        0.34        1.47        7.51        7.54        0.00        8.71        2.29        9.39      213.11        0.02        0.92       75.16        2.64        1.85        2.58      151.87       17.51        2.50        0.02       48.67        4.24       27.47       32.28        0.00       49.66        0.00        0.00        8.47        5.80        3.73        0.00        0.00        0.00        0.02        0.00        0.00       87.25        2.00       13.89        0.13        0.04        0.00       82.80        0.00        1.20        0.00        8.35        0.00
    11/30/1986_24:00      397.37        6.80        5.81       20.18        1.04        1.04        0.99        1.40        2.98        7.13        0.39        1.26        7.19        2.65        0.00        4.29        2.82        7.99      150.10        0.02        1.09       50.51        0.83        0.19        2.43      113.77       15.65        2.30        0.00       37.17        3.86       26.25       13.76        0.00       11.62        0.00        0.00        0.03        0.67        4.09        0.00        0.00        0.00        0.03        0.02        0.00        3.48        1.30        3.28        1.82        0.17        0.73       45.20        0.00        4.90        0.00       16.72        0.00
    12/31/1986_24:00      375.57        6.68        6.88       20.34        1.19        1.19        1.12        2.22        3.56        7.28        0.48        2.13        7.64        1.61        0.10        3.39        3.41        8.01      143.31        0.05        1.37       42.59        0.74        1.49        2.61      104.28       11.37        3.14        0.00       30.22        3.31       41.97      111.05        0.00       10.57        0.00        0.00        0.00        0.01        2.24        0.00        0.00        0.00        0.04        0.05        0.00        3.24       15.12        3.82        0.47        0.37        0.01       24.20        0.00        3.70        0.00       10.62        0.00
    01/31/1987_24:00      285.06        4.32       38.71       26.97        3.55        3.55        3.36        3.73        5.69       11.11        0.98        7.27       10.81        1.34        1.11        3.17        5.25       12.03      112.82        0.61        2.13       54.16        0.74        3.90        3.86       67.94        8.31        4.77        0.10       21.05        3.90       27.84       38.22        0.00       10.57        2.00        1.60        0.00        0.01        1.99        0.00        0.00        0.00        0.05        0.04        0.00        2.96        3.28        3.25        0.65        0.45        2.77       24.10        0.00        0.50        0.00        3.76        0.00
    02/28/1987_24:00      205.43        6.86       54.11       28.71       10.04       10.04        9.99        6.61        9.36       17.37        3.65       24.50       18.68        1.16        3.33        9.51        9.46       21.85      102.82        1.81        4.37       55.39        0.73       14.49        3.63       57.70        6.55       13.07        1.53        8.17        2.52       44.77       14.28        0.09        9.55        5.00        4.00        0.00        0.02        2.61        0.04        0.01        0.00        0.10        0.05        0.04       10.98       17.41        6.04        1.67        0.55        3.02       28.90        0.00        0.60        0.00        3.71        0.00
    03/31/1987_24:00      216.50        9.77       97.04       44.24       19.07       19.07       16.95        9.49       17.68       35.58        8.20       39.63       44.88        1.30        5.74       16.34       20.45       48.02      113.79        1.59        8.44       59.43        1.71       24.40       12.46       65.85        7.10       28.93        3.35        9.19        2.28       61.55       21.48        0.33       12.04        9.00        7.20        0.01        0.05        2.20        0.11        0.03        0.01        0.25        0.29        0.11       72.37        1.54        0.63        2.35        0.81        4.27       43.40        0.00        0.00        0.00        0.00        0.00
    04/30/1987_24:00      533.16        3.92       16.39       24.94        6.48        6.48        5.15        1.64        6.19       16.64        2.65       17.47       14.67        5.80        1.42        9.64        4.50       21.47      148.12        0.02        1.74       42.00        9.08        4.87        0.28       72.54       26.24       10.68        0.30       13.14        9.78       58.78       33.61        0.00       73.61        2.00        1.60        0.00        0.01        7.76        0.00        0.00        0.00        0.06        0.05        0.00        8.94        4.93        2.82        0.83        0.57        3.49       44.90        0.00        0.00        0.00        0.15        0.00
    05/31/1987_24:00      670.22        3.49        6.56       21.11        3.71        3.71        3.30        0.55        4.67       17.36        0.93        6.70        8.35        6.68        0.76       11.18        1.79       14.59      117.46        0.02        0.36       59.03       22.18        2.59        0.20       66.41       41.54        5.36        0.00       19.53       14.38       40.99       14.13        0.00      104.84        0.00        0.00        1.30        0.00        7.82        0.00        0.00        0.00        0.02        0.02        0.00      131.46        9.81        4.27        0.47        0.19        1.76       43.60        0.00        0.00        0.00        0.07        0.00
    06/30/1987_24:00      750.35        3.12        2.01       15.07        1.19        1.19        1.28        0.13        1.64        7.80        0.31        1.25        5.72        6.95        0.05       18.74        1.18        7.77      153.73        0.03        0.20       59.00       20.51        8.03        0.22       81.22       41.14        1.46        0.00       21.40       14.11       44.16        0.92        0.00      103.66        0.00        0.00       16.16        6.70        8.11        0.00        0.00        0.00        0.00        0.00        0.00      400.34       57.64        7.65        0.45        0.02        0.23       68.40        0.00        0.30        0.00        0.00        0.00
    07/31/1987_24:00      906.33        3.09        1.10       14.76        0.46        0.46        0.56        0.03        1.33        6.12        0.06        0.26        5.11        6.83        0.00       55.21        1.07        7.13      232.03        0.03        0.11       49.99       19.32       14.94        0.22      161.41       41.07        0.44        0.00       22.58       15.00       30.22        0.82        0.00      107.05        0.00        0.00       13.66       12.62        9.75        0.00        0.00        0.00        0.00        0.00        0.00      375.26       41.40       11.87        0.34        0.00        0.00       73.00        0.00        2.10        0.00        0.00        0.00
    08/31/1987_24:00      751.99        3.25        0.73       12.85        0.38        0.38        0.38        0.01        1.39        5.30        0.01        0.09        4.67        6.67        0.00       40.69        1.04        6.52      160.60        0.03        0.08       96.08       16.35        7.19        0.15      135.64       39.06        0.11        0.00       20.38       16.15       24.04        2.02        0.00       94.38        0.00        0.00       24.90        1.85        8.93        0.00        0.00        0.00        0.00        0.00        0.00      108.03       11.40        6.14        0.06        0.00        0.00       42.50        0.00        0.00        0.00        0.45        0.00
    09/30/1987_24:00      389.57        2.97        0.93       12.34        0.32        0.32        0.17        0.05        1.51        4.97        0.02        0.04        4.59        5.33        0.00       15.78        1.06        4.27      106.61        0.02        0.06       42.06        5.62       10.36        0.10      123.53       29.59        0.10        0.00       16.55       10.24       20.37        0.79        0.00       59.56        0.00        0.00        9.37        0.00        7.67        0.00        0.00        0.00        0.00        0.00        0.00       16.90        2.77        1.33        0.03        0.00        0.00       18.60        0.00        0.00        0.00        5.28        0.45
    10/31/1987_24:00      308.11        3.35        1.69       13.68        0.69        0.69        0.55        0.27        1.63        5.22        0.09        0.20        4.95        3.20        0.00        4.82        1.31        4.87      108.56        0.03        0.60       43.51        2.12        0.71        1.07      139.33       20.88        0.60        0.00        8.19        2.47       10.80       10.36        0.00        8.17        0.00        0.00        0.00        0.00        6.99        0.00        0.00        0.00        0.00        0.01        0.00        5.47        1.81        0.50        0.06        0.00        0.00       15.80        0.00        0.00        0.00        1.52        0.00
    11/30/1987_24:00      217.90        6.16        5.24       15.02        0.79        0.79        0.81        0.82        2.10        5.67        0.50        1.36        5.35        1.73        0.14        2.73        1.80        6.83       80.86        0.07        0.95       40.63        0.86        0.38        1.65       69.20        8.40        1.77        0.00        5.20        2.01       17.13       12.47        0.00       11.91        0.00        0.00        0.00        0.00        4.11        0.00        0.00        0.00        0.00        0.00        0.00        3.04        1.08        0.03        1.42        0.03        0.00       14.30        0.00        0.00        0.00        0.00        0.00
    12/31/1987_24:00      216.68       12.72       57.30       28.94       18.62       18.62       19.32        5.44        8.97       19.20       12.25       46.54       17.68       10.81        6.64       18.89        7.49       27.61       83.54        1.48        5.07       46.53        0.80       22.49       10.41       62.84        7.75        4.02        0.00        5.44        2.05       10.12       12.25        0.00       12.19        0.00        0.00        0.00        0.01        3.83        0.00        0.00        0.00        0.02        0.01        0.00        3.01        8.02        0.16        0.51        0.28        0.00       14.70        0.00        0.00        0.00        3.49        0.00
    01/31/1988_24:00      210.90       11.05       82.98       38.13       25.37       25.37       25.65        7.00       10.52       20.73       12.57       31.14       21.53      100.24       12.16       38.02        9.72       30.77       79.87        3.51        5.69       88.08        0.80       50.40       42.21       62.84        6.12       13.23        0.49        5.47        2.03        8.51        8.96        0.00       12.77        3.00        2.40        0.00        0.01        2.96        0.00        0.00        0.00        0.17        0.09        0.00        1.94       24.43       12.88        1.22        0.52        3.36       20.80        0.00        0.00        0.00        0.00        0.00
    02/29/1988_24:00      207.65        4.27       12.12       21.30        8.46        8.46        7.45        2.88        4.85        9.92        4.66       22.56        9.32        4.46        3.79       10.79        3.97       17.39       74.44        0.00        2.42       72.43        0.66        7.99        5.81       59.13        6.95        6.28        0.00        4.98        1.21       12.79        6.45        0.00       12.00        3.00        2.40        0.09        0.00        3.50        0.00        0.00        0.00        0.08        0.04        0.00       16.06        3.73        0.70        1.06        0.22        2.72       26.90        0.00        0.00        0.00        0.00        0.00
    03/31/1988_24:00      383.81        3.84       13.09       20.36        4.89        4.89        4.30        2.41        5.59       12.42        3.36       14.53       10.85        5.20        1.93        5.62        4.28       19.20      178.76        0.02        2.32       40.80        0.87        3.02        2.58       64.87       19.57        9.16        0.10        9.99        3.11       70.59        6.96        0.00       55.05        3.00        2.40        0.02        0.00        6.83        0.00        0.00        0.00        0.07        0.02        0.00      104.28        6.32        2.60        1.19        0.23        2.33       35.00        0.00        0.00        0.00        0.00        0.00
    04/30/1988_24:00      702.15        3.93       15.23       19.02        5.00        5.00        4.19        1.61        5.34       13.85        4.90        9.82       10.21        3.69        1.34        3.81        3.15       18.95      222.77        0.62        1.50       40.25        4.86        6.22        0.19       66.05       28.84        8.73        0.06       11.31        4.74       48.67       15.30        0.00       49.45        3.00        2.40        0.11        0.00        5.97        0.00        0.00        0.00        0.02        0.00        0.00       59.74        3.42        3.02        1.08        0.27        0.00       33.80        0.00        0.00        0.00        0.00        0.00
    05/31/1988_24:00      659.76        5.00       17.87       19.55        7.03        7.03        6.44        0.47        3.74       13.74        3.68        7.11        8.07        4.50        1.24       21.56        1.80       17.79       94.42        0.02        0.82       45.31       10.86       19.06        0.19       82.21       27.39        6.45        0.00       10.46        3.76       50.48        1.13        0.00       68.68        0.00        0.00        0.04        0.00        7.56        0.00        0.00        0.00        0.01        0.00        0.00       58.91        5.45        2.59        0.69        0.19        0.00       31.80        0.00        0.00        0.00        0.00        0.00
    06/30/1988_24:00      672.40        3.80        7.64       17.16        2.67        2.67        3.15        0.20        2.42       11.34        1.54        3.76        6.15        5.63        0.53      108.40        1.17       11.72      177.80        0.03        0.28       53.06       11.17       15.40        0.08       93.96       38.26        2.07        0.00       16.16        8.62       50.85        0.99        0.00       74.74        0.00        0.00        0.15        3.51        9.02        0.00        0.00        0.00        0.00        0.00        0.00      238.02       35.61        2.03        0.13        0.04        0.00       51.00        0.00        0.00        0.00        0.00        0.00
    07/31/1988_24:00      902.64        3.34        1.28       13.10        0.67        0.67        0.76        0.05        1.34        6.65        0.31        0.56        4.72        7.34        0.05      107.82        0.86        7.53      264.44        0.04        0.12       88.59       15.50       18.56        0.42      174.19       39.01        0.30        0.00       19.95       10.36       44.40        1.06        0.00       92.72        0.00        0.00        1.70        8.61       10.71        0.00        0.00        0.00        0.00        0.00        0.00      303.93       58.94        6.13        0.02        0.00        0.00       60.50        0.00        0.00        0.00        0.00        0.00
    08/31/1988_24:00      782.74        3.14        0.80       12.11        0.32        0.32        0.25        0.01        1.26        5.29        0.08        0.11        4.32        6.41        0.00       62.72        0.85        6.48      164.27        0.03        0.08       86.84       15.17       14.74        0.08       89.59       32.75        0.00        0.00       15.48        9.40       45.14        0.97        0.00       84.61        0.00        0.00       19.13        0.00       10.04        0.00        0.00        0.00        0.00        0.00        0.00       89.77       21.53        2.87        0.02        0.00        0.00       28.30        0.00        0.00        0.00        0.03        0.00
    09/30/1988_24:00      488.29        3.12        0.72       11.63        0.25        0.25        0.12        0.04        1.35        4.78        0.03        0.03        4.07        5.69        0.00       25.47        0.84        3.48      146.96        0.02        0.05       49.33        4.62        9.05        0.09       67.00       24.93        0.00        0.00       12.56        3.67       38.25        0.96        0.00       31.17        0.00        0.00        0.00        0.00        8.18        0.00        0.00        0.00        0.00        0.00        0.00       11.99        1.19        1.32        0.01        0.00        0.00       13.50        0.00        0.00        0.00        0.38        0.00
    10/31/1988_24:00      388.91        3.37        1.40       12.00        0.55        0.55        0.36        0.36        1.84        5.13        0.10        0.14        4.39        3.06        0.00       11.99        1.27        4.55      126.90        0.02        0.66       43.17        0.85        0.11        0.17       61.61       15.06        0.02        0.00        6.03        0.22       26.48        4.89        0.00        6.12        0.00        0.00        0.00        0.00        7.67        0.00        0.00        0.00        0.00        0.00        0.00        7.11        0.50        0.82        0.01        0.00        0.00        9.00        0.00        0.00        0.00        0.18        0.00
    11/30/1988_24:00      296.87       10.72       35.90       18.27        6.93        6.93        7.16        1.66        4.36       10.19        2.42       15.26       10.04        0.72        1.51        8.87        3.68       11.98       90.20        3.69        2.06       63.31        0.65        3.58        1.11       40.50        7.32        2.49        0.00        4.98        0.11       24.21        5.69        0.00       11.07        0.00        0.00        0.00        0.00        5.81        0.00        0.00        0.00        0.00        0.00        0.00        4.19        0.81        0.20        0.05        0.00        0.00       10.30        0.00        0.00        0.00        0.00        0.39
    12/31/1988_24:00      372.31        8.39       19.40       17.34        3.53        3.53        3.63        2.77        4.38        8.33        1.22        6.68        6.93        0.75        0.81        2.30        3.30       10.35       86.04        0.92        2.08       47.15        0.61        2.99        1.28       37.60        7.20        3.10        0.00        5.05        0.12       24.80        5.66        0.00       11.37        2.00        1.60        0.00        0.00        3.53        0.00        0.00        0.00        0.00        0.00        0.00        3.23        2.97        2.11        1.55        0.30        0.00       14.50        0.00        0.00        0.00        0.00        1.29
    01/31/1989_24:00      222.83        5.75       40.86       23.18        8.01        8.01        8.46        4.03        6.05       11.15        2.20       13.82        9.54        0.46        2.06        5.87        4.55       12.13       81.33        0.35        1.89       56.94        0.68        5.22        3.57       36.17        6.37        4.69        0.00        5.28        0.48       11.33        5.66        0.00       11.51        2.00        1.60        0.00        0.00        1.97        0.00        0.00        0.00        0.00        0.00        0.00        7.07        5.26        1.55        0.40        0.22        2.61       16.90        0.00        0.00        0.00        0.00        0.00
    02/28/1989_24:00      294.46        3.97       18.54       18.31        3.93        3.93        4.28        4.10        5.57        9.40        1.34       12.28        8.70        0.58        1.49        4.23        4.60       11.47      172.05        0.27        2.31       54.77        1.10        1.94        1.85       32.67        5.55        8.17        0.00        4.20        1.14       11.12        5.11        0.00       10.14        2.00        1.60        0.00        0.00        4.33        0.00        0.00        0.00        0.00        0.00        0.00       13.30       10.24        0.02        0.73        0.34        3.40       21.60        0.00        0.00        0.00        0.00        0.00
    03/31/1989_24:00      227.32       15.94      171.06       81.54       37.79       37.79       37.13       22.53       34.43       59.64       15.99       71.08       74.03        5.48       11.34       32.30       38.34       77.90      103.46        9.81       18.32      512.38      121.35       44.02       20.86      299.32        4.85       88.11        7.66        4.79        0.13       67.70        5.77        0.00       12.94        9.00        7.20        0.00        0.01        5.65        0.00        0.00        0.00        0.00        0.00        0.00       78.27       15.83        1.68        3.02        0.83        6.67       32.10        0.00        0.00        0.00        0.00        0.00
    04/30/1989_24:00      239.56        6.15       55.50       45.92       11.90       11.90       10.23        3.42       11.21       26.28        4.34       27.45       26.96        8.99        3.56       10.13        9.03       34.76       79.46        0.02        3.99      291.84       52.46        8.22        0.32      167.03       21.31       36.60        2.73       10.38        0.08       50.10       14.22        0.00       71.29        2.00        1.60        0.00        0.01        6.58        0.00        0.00        0.00        0.00        0.00        0.00       60.93        3.14        3.72        1.00        0.47        3.49       38.60        0.00        0.00        0.00        0.00        0.00
    05/31/1989_24:00      638.24        4.49       16.86       29.25        4.66        4.66        4.47        0.78        5.74       18.05        1.59        8.10       10.86       15.82        1.05       13.60        2.49       18.66      146.35        0.02        0.57      118.92       29.34       12.77        0.16      225.29       35.47       14.05        0.57       17.69        4.08       60.97        2.69        0.00       82.21        0.00        0.00        0.00        0.01        7.75        0.00        0.00        0.00        0.00        0.00        0.00      100.84       12.88        2.92        0.52        0.27        2.36       39.60        0.00        0.00        0.00        0.00        0.00
    06/30/1989_24:00      709.29        3.69        5.36       21.66        2.18        2.18        2.39        0.27        3.48       14.88        0.56        2.65        7.12        8.45        0.43       10.97        1.55       10.09      173.01        0.03        0.27       76.42       26.34       17.75        0.15      215.88       37.08        4.04        0.00       19.74        3.96       46.08        2.61        0.00       83.66        0.00        0.00        1.02        0.05        9.20        0.00        0.00        0.00        0.00        0.00        0.00      354.53       88.54        5.12        0.18        0.04        0.05       56.50        0.00        0.00        0.00        0.00        0.00
    07/31/1989_24:00      817.79        3.28        1.88       15.94        1.01        1.01        1.36        0.05        1.92        7.93        0.12        0.68        5.48        7.11        0.10       17.82        1.25        7.96      400.95        0.03        0.16      112.80       28.11        8.39        0.09      279.71       40.23        1.06        0.00       21.15        4.10       33.06        2.99        0.00       86.39        0.00        0.00        6.65       10.45       11.50        0.00        0.00        0.00        0.00        0.00        0.00      226.71       48.26       15.14        0.09        0.00        0.00       55.80        0.00        0.00        0.00        0.35        0.00
    08/31/1989_24:00      761.22        3.28        1.23       13.53        0.52        0.52        0.71        0.03        1.84        6.33        0.02        0.14        5.02        7.51        0.09        8.68        1.20        7.05      294.47        0.03        0.10      150.18       28.00        9.03        0.10      184.40       34.65        0.33        0.00       18.87        4.74       17.84        2.80        0.00       74.52        0.00        0.00        0.00        5.88       11.74        0.00        0.00        0.00        0.00        0.00        0.00       59.00        7.37        8.50        0.08        0.00        0.00       36.20        0.00        0.00        0.00        0.00        0.00
    09/30/1989_24:00      416.59        3.45        4.36       15.85        1.02        1.02        0.78        0.08        2.23        6.63        0.56        0.63        5.90        8.37        0.17        3.12        1.46        4.86      172.08        0.65        0.08      118.05       11.23        8.59        0.07      113.24       17.64        0.98        0.00       12.78        0.20       15.71        2.93        0.00       30.77        0.00        0.00        0.00        0.00        8.38        0.00        0.00        0.00        0.00        0.00        0.00       14.82        1.96        2.20        0.04        0.00        0.00       14.20        0.00        0.00        0.00        0.00        0.00
    10/31/1989_24:00      304.61        4.25       14.27       19.50        2.97        2.97        2.61        0.96        3.40       10.29        1.37        3.88        9.96       12.11        0.32        3.60        2.98       10.27      182.70        1.78        1.14       55.85        2.48        1.02        0.40      184.89        9.05        3.46        0.00        7.82        0.18       15.18       10.75        0.00        6.52        0.00        0.00        0.00        0.01        7.31        0.00        0.00        0.00        0.00        0.00        0.00        8.36        0.70        0.95        0.04        0.00        0.00       12.80        0.00        0.00        0.00        0.00        0.42
    11/30/1989_24:00      446.46        6.28        7.18       16.86        1.65        1.65        1.48        1.86        3.32        7.66        0.57        1.86        7.40        3.58        0.31        0.89        2.94        9.72      152.05        0.63        1.31       56.40        0.89        0.81        0.00      181.19        4.77        4.00        0.00        9.43        3.04       12.21       13.20        0.00       11.57        0.00        0.00        0.00        0.00        6.16        0.00        0.00        0.00        0.00        0.00        0.00        5.97        1.39        0.46        0.86        0.00        0.00       10.80        0.00        0.00        0.00        0.00        0.00
    12/31/1989_24:00      276.26        6.51        5.88       16.01        1.31        1.31        1.18        1.82        3.16        6.99        0.48        1.93        6.78        1.80        0.31        0.89        2.93        7.92      360.44        0.00        1.16       57.21        0.80        0.52        0.00      106.25        4.65        3.34        0.00        5.01        2.94       10.36       11.41        0.00       11.84        0.00        0.00        0.00        0.01        6.01        0.00        0.00        0.00        0.00        0.00        0.00        4.60        3.43        0.54        0.52        0.01        0.00       13.70        0.00        0.00        0.00        0.00        0.00
    01/31/1990_24:00      215.15        7.80       60.43       26.92        7.79        7.79        7.38        4.94        7.42       15.27        3.19       15.64       15.55        5.79        2.45        6.98        7.03       19.05      192.47        2.37        3.24       70.01        3.24        8.52        4.86       71.70        4.16        8.21        0.01        5.57        0.14        8.09        9.75        0.00       11.76        3.00        2.40        0.00        0.01        2.82        0.00        0.00        0.00        0.11        0.00        0.00        6.40        4.43        1.25        0.56        0.15        0.00       11.50        0.00        0.00        0.00        0.00        0.00
    02/28/1990_24:00      181.50        4.13       21.31       18.14        3.64        3.64        3.26        3.13        5.05       10.20        1.53        7.55       11.46        1.35        1.19        3.37        5.14       13.98      107.91        0.89        2.12       47.44       22.87        7.94        3.54       65.53        3.81       11.83        0.35        5.07        0.15        7.80        8.42        0.00       11.01        3.00        2.40        0.00        0.01        4.60        0.00        0.00        0.00        0.00        0.00        0.00        4.94        4.59        1.41        0.65        0.21        0.99       14.86        0.00        0.00        0.00        0.00        0.00
    03/31/1990_24:00      214.96        4.75       38.05       25.18        5.80        5.80        5.10        3.66        7.18       15.79        2.20       16.74       17.05        1.95        2.16        6.14        7.01       24.76      168.21        0.16        3.23       48.42       12.91        4.85        2.26       57.23        8.41       26.88        1.79        6.81        0.18       52.92        9.75        0.00       19.34        6.00        4.80        0.00        0.01        6.95        0.00        0.00        0.00        0.00        0.00        0.00       50.83        2.15        2.28        1.63        0.34        3.35       23.53        0.00        0.00        0.00        0.00        0.00
    04/30/1990_24:00      484.13        3.91       10.90       18.60        2.32        2.32        1.82        1.43        4.75       12.45        0.90        5.64        9.28        5.41        0.85       10.32        2.86       16.57      397.43        0.02        1.43       43.08        7.85        1.48        0.00      111.87       28.15       16.27        0.78       12.74        0.17       25.69       11.23        0.00       53.63        0.00        0.00        0.00        0.00        8.81        0.00        0.00        0.00        0.00        0.00        0.00       52.00        2.96        2.62        0.81        0.19        1.99       24.53        0.00        0.00        0.00        0.00        0.00
    05/31/1990_24:00      555.36        9.32       28.85       19.09        5.42        5.42        4.24        0.69        3.98       13.62        2.61       11.08        8.30        3.92        1.05       13.75        2.10       15.37      134.37        1.68        1.01       88.94       18.42        3.88        0.00       53.61       29.75        8.09        0.00       15.97        4.52       27.07        5.31        0.00       59.20        0.00        0.00        0.00        0.00       10.00        0.00        0.00        0.00        0.00        0.00        0.00       23.65        3.23        1.21        0.47        0.06        0.21       25.36        0.00        0.00        0.00        0.00        0.00
    06/30/1990_24:00      508.11        4.64       15.89       18.13        5.32        5.32        4.02        0.25        2.70       12.07        1.09        9.07        7.70        5.79        1.11      255.93        1.46       14.54       62.64        0.03        0.33      112.50       21.56        1.91        0.00      139.42       28.13        6.35        0.00       16.84        4.95       34.04        1.12        0.00       58.07        0.00        0.00        0.00        0.00       10.32        0.00        0.00        0.00        0.00        0.00        0.00      246.47       51.45        3.38        0.25        0.02        0.00       30.05        0.00        0.00        0.00        0.00        0.00
    07/31/1990_24:00      665.91        3.42        1.78       12.73        1.49        1.49        1.41        0.06        1.26        6.54        0.10        0.90        4.61        7.14        0.10       63.17        0.83        8.83      165.07        0.03        0.11       70.74       27.95        0.76        0.00      368.62       35.33        1.29        0.00       18.82        4.96       33.74        1.08        0.00       69.42        0.00        0.00        3.48        8.65       12.77        0.00        0.00        0.00        0.00        0.00        0.00      226.83       38.89        5.15        0.31        0.00        0.00       32.85        0.00        0.00        0.00        0.00        0.00
    08/31/1990_24:00      670.83        4.21        0.86       11.73        0.84        0.84        0.94        0.01        1.21        5.62        0.01        0.15        4.37        6.35        0.24      190.98        0.86        6.30      221.82        0.03        0.07       66.46       25.06        0.52        0.00      162.94       31.05        0.29        0.00       16.39        5.63       28.27        1.42        0.00       56.18        0.00        0.00        0.00        0.92       13.05        0.00        0.00        0.00        0.00        0.00        0.00       54.37        3.65        2.80        0.05        0.00        0.00       21.46        0.00        0.00        0.00        0.27        0.00
    09/30/1990_24:00      411.71        3.65        1.11       11.10        0.63        0.63        0.50        0.04        1.51        5.59        0.02        0.10        4.41        5.51        0.03       37.67        0.91        4.08       69.20        0.02        0.05       37.18        6.01        0.36        0.00       87.17       21.84        0.22        0.00       10.93        3.24       13.32        1.52        0.00       10.12        0.00        0.00        0.00        0.00       10.47        0.00        0.00        0.00        0.06        0.07        0.00        8.69        1.73        1.79        0.03        0.00        0.00        6.96        0.00        0.00        0.00        0.53        0.00
    10/31/1990_24:00      324.78        3.45        1.57       11.55        1.20        1.20        1.05        0.27        1.54        5.21        0.05        0.11        4.59        3.69        0.00       36.98        1.22        4.66       75.73        0.02        0.52       79.03        2.29        0.17        0.00       76.37       14.15        0.46        0.00       14.44        2.94       10.58        7.99        0.00        6.91        0.00        0.00        0.00        0.00        9.33        0.00        0.00        0.00        0.00        0.00        0.00        6.10        2.37        1.11        0.01        0.00        0.00        8.57        0.00        0.00        0.00        0.02        0.00
    11/30/1990_24:00      252.30        6.28        3.96       13.94        0.74        0.74        0.71        0.74        1.93        5.55        0.17        0.34        4.99        0.84        0.09       10.57        1.63        5.69       66.15        0.03        0.71       66.72        0.96        0.74        0.00       54.60        6.46        1.08        0.00       12.18        1.50        9.60        7.57        0.00       11.75        0.00        0.00        0.00        0.00        7.49        0.00        0.00        0.00        0.00        0.00        0.00        5.04        1.43        0.45        0.01        0.00        0.00        7.34        0.00        0.00        0.00        0.02        0.00
    12/31/1990_24:00      246.81        6.59        3.96       13.99        0.73        0.73        0.70        1.35        2.42        5.69        0.25        0.59        5.14        0.55        0.12        1.83        2.09        5.50      241.67        0.28        0.88       67.29        0.79        0.05        0.00       54.47        5.33        1.18        0.00        6.11        0.26        9.40        6.44        0.00       11.66        0.00        0.00        0.00        0.00        6.49        0.00        0.00        0.00        0.00        0.00        0.00        5.94        1.00        0.13        0.03        0.00        0.00        7.64        0.00        0.00        0.00        0.03        0.00
    01/31/1991_24:00      275.65        3.42        4.20       13.80        0.85        0.85        0.80        1.44        2.59        6.04        0.33        2.04        5.37        0.60        0.13        0.39        2.19        5.60      108.08        0.02        0.89       56.54        0.77        0.47        0.00       33.72        6.41        1.32        0.00        5.87        0.20        9.57        5.72        0.00        8.66        0.00        0.00        0.00        0.00        5.95        0.00        0.00        0.00        0.00        0.00        0.00        8.59        0.76        0.04        0.07        0.02        0.00        9.31        0.00        0.00        0.00        0.00        0.00
    02/28/1991_24:00      252.36        3.26        7.59       14.56        1.77        1.77        1.67        2.00        3.15        6.77        0.69        4.60        5.94        0.41        0.34        0.97        2.70        6.63       60.06        0.67        1.02       39.21        1.61        1.47        0.00       22.65        7.65        1.99        0.00        5.10        0.07        8.60        5.32        0.00        6.89        0.00        0.00        0.00        0.00        7.13        0.00        0.00        0.00        0.01        0.00        0.00        6.67        1.12        0.52        0.07        0.05        0.00        8.51        0.00        0.00        0.00        0.00        0.00
    03/31/1991_24:00      176.41       11.32       62.09       31.93       23.11       23.11       22.18        7.65       13.08       28.35       14.73       29.60       36.06        0.56        8.58       24.41       16.35       43.79       59.54       11.85        8.42      120.05        0.73       61.35       30.84       22.96        4.00       45.29        3.56        6.86        0.24        8.76        5.78        3.54       13.05       24.00       19.20        0.01        0.07        5.58        1.24        0.31        0.16        1.65        2.86        1.24        1.97        5.95        0.52        9.74        0.79        3.18       24.73        0.00        0.00        0.00        0.13        0.00
    04/30/1991_24:00      184.23        5.06       12.80       23.63       11.01       11.01        9.01        2.08        6.05       15.65        6.87       25.35       19.42        2.56        4.16       14.68        7.01       29.76       57.63        0.01        3.74       45.33        3.87        9.90        0.06       24.23       12.02       26.43        1.75        7.45        0.11       14.03       21.31        0.04       23.42        4.00        3.20        0.00        0.00        6.98        0.00        0.00        0.00        0.09        0.07        0.00       52.88        2.89        0.60        1.76        0.56        3.12       25.80        0.00        0.00        0.00        0.00        0.00
    05/31/1991_24:00      469.95        4.10        9.16       20.82        5.76        5.76        4.67        0.74        4.18       14.62        3.71       13.91       11.54        5.83        1.64       26.11        2.74       22.02       94.22        0.06        1.23       50.42       18.04        2.76        0.06       44.11       28.49       20.27        1.16       12.75        5.06       16.93       16.99        0.00       52.12        0.00        0.00        0.00        0.00        9.87        0.00        0.00        0.00        0.00        0.00        0.00      110.57       12.76        8.49        1.05        0.26        0.91       29.60        0.00        2.20        0.00        0.00        0.00
    06/30/1991_24:00      518.94        3.47        2.21       17.38        1.83        1.83        1.85        0.22        2.39       11.33        0.82        3.17        6.33        6.50        0.47       62.44        1.21       11.26      161.36        0.06        0.23       46.70       24.32        0.43        0.17      140.85       31.86        7.22        0.00       18.61        5.93       11.16        1.76        0.00       60.99        1.00        0.80       11.12        3.79       10.93        0.00        0.00        0.00        0.00        0.00        0.00      301.23      104.20        9.88        0.63        0.03        0.01       63.25        0.00        0.20        0.00        0.00        0.00
    07/31/1991_24:00      576.94        3.36        0.43       13.23        0.64        0.64        0.79        0.05        1.25        6.69        0.21        0.77        4.81        7.68        0.27      106.81        0.92        7.61      121.62        0.03        0.11       72.73       26.49        2.00        0.18      192.76       34.08        1.75        0.00       15.30        6.23       16.19        1.52        0.00       80.73        0.00        0.00        7.16       12.95       12.96        0.00        0.00        0.00        0.00        0.00        0.00      350.21       94.96       15.03        0.21        0.00        0.00       63.41        0.00        0.20        0.00        0.00        0.00
    08/31/1991_24:00      531.38        3.36        0.15       11.02        0.46        0.46        0.49        0.01        1.10        5.06        0.02        0.07        3.89        7.38        0.00       64.13        0.79        4.86       73.71        0.03        0.08      125.71       26.36       10.60        0.12      170.51       29.34        0.43        0.00       14.47        6.29        9.67        1.44        0.00       79.44        0.00        0.00        0.00       11.02       12.16        0.00        0.00        0.00        0.00        0.00        0.00      114.78       16.29       11.17        0.12        0.00        0.00       47.80        0.00        0.50        0.00        0.02        0.00
    09/30/1991_24:00      338.58        3.22        0.18       10.12        0.36        0.36        0.22        0.03        1.17        4.45        0.01        0.02        3.63        6.35        0.00       21.66        0.77        5.18       96.62        0.02        0.04      127.85       11.34        6.69        0.30       86.82       23.04        0.11        0.00        9.01        5.57        9.22        1.27        0.00       51.99        0.00        0.00        0.00        1.13        9.56        0.00        0.00        0.00        0.00        0.00        0.00       16.10        2.74        3.33        0.06        0.00        0.00       12.82        0.00        0.00        0.00        0.00        0.00
    10/31/1991_24:00      277.37        3.37        1.01       13.26        0.56        0.56        0.40        0.25        1.51        5.08        0.04        0.33        4.18        4.85        0.00       19.01        1.10        4.05       99.83        0.66        0.46       89.75        3.40        0.75        0.00      142.71       12.83        1.02        0.00        5.50        3.69       12.93        5.59        0.00       30.63        0.00        0.00        0.00        0.00        9.43        0.00        0.00        0.00        0.00        0.00        0.00        9.73        1.53        2.56        0.04        0.00        0.00       11.60        0.00        0.00        0.00        0.00        0.00
    11/30/1991_24:00      264.50        4.37        2.94       12.23        0.81        0.81        0.84        0.85        2.18        6.11        0.28        1.94        4.46        2.64        0.00        8.97        1.48        4.63       67.38        0.07        0.61       55.02        0.76        1.32        0.00       69.38        4.73        1.54        0.00       16.98        4.00       12.42        7.74        0.00       13.60        0.00        0.00        0.00        0.00        6.99        0.00        0.00        0.00        0.00        0.00        0.00        6.12        1.08        0.38        0.06        0.00        0.00       12.33        0.00        0.00        0.00        0.00        0.00
    12/31/1991_24:00      231.69        0.00        8.58       13.23        1.66        1.66        1.71        1.76        3.08        7.12        1.02        2.12        5.74        0.47        0.17        1.32        2.30        6.54      128.12        0.18        1.06       59.42        0.74        1.59        0.00      115.66        4.18        2.26        0.00       10.49        3.00        8.63        7.17        0.00       14.52        0.00        0.00        0.00        0.00        6.31        0.00        0.00        0.00        0.11        0.00        0.00       15.45        9.65        0.47        0.78        0.00        0.00       12.94        0.00        0.00        0.00        0.00        0.09
    01/31/1992_24:00      215.58        4.46       13.33       15.93        3.97        3.97        4.06        2.27        3.81        8.41        2.50        5.47        8.93        0.65        0.97        2.77        3.80        8.96       70.07        0.35        1.57       63.14        0.72        2.19        0.00       53.14        3.71        3.72        0.00        9.76        1.76        8.61        7.38        0.00       14.71        2.00        1.60        0.00        0.01        5.12        0.00        0.00        0.00        0.00        0.11        0.00        8.88        3.61        1.72        1.40        0.06        0.06       12.32        0.00        0.00        0.00        0.00        0.00
    02/29/1992_24:00      215.07       17.28       73.62       28.14       27.64       27.64       29.09        7.98       12.71       26.64       19.45       33.40       33.59       15.84       11.11       31.60       16.05       37.23       63.84        7.63        7.30       98.05        5.07       28.14       16.05       46.93        2.49       36.80        2.75       11.00        0.30       10.08        6.75        1.92       13.82       18.00       14.40        0.00        0.05        5.25        0.67        0.17        0.09        0.76        1.79        0.67        5.36       17.36        0.07        4.26        0.35        0.23       18.45        0.00        0.00        0.00        0.00        0.00
    03/31/1992_24:00      277.06       11.13       33.48       20.27       24.92       24.92       23.53        2.80        7.03       16.92       20.50       36.51       21.93       31.05       10.25       29.17        9.39       31.10       58.05        0.58        4.60       44.33       30.69       16.30        9.43       51.91        2.64       36.09        2.68       11.80        0.27       16.50        7.45        0.45       14.69        6.00        4.80        0.00        0.04        6.68        0.18        0.04        0.02        0.46        0.68        0.18        9.48        4.05        0.40        1.82        0.36        0.54       23.65        0.00        0.00        0.00        0.00        0.00
    04/30/1992_24:00      194.34        7.31       15.71       19.61       11.89       11.89       10.16        1.21        5.27       16.52        8.54       28.10       15.73        3.33        3.53       10.05        4.87       24.04       54.23        0.16        2.00       42.14        4.46        5.29        0.18       46.76       12.30       16.75        0.82       14.22        0.99       39.23       18.12        0.05       41.05        0.00        0.00        0.00        0.01        8.44        0.04        0.01        0.00        0.17        0.09        0.04       86.52        4.85        3.33        1.34        0.17        0.13       24.67        0.00        0.00        0.00        0.00        0.00
    05/31/1992_24:00      427.52        4.44        2.82       15.90        4.96        4.96        4.95        0.29        2.80       12.06        2.39        7.34        7.58        7.06        1.10       64.20        1.53       15.14      134.08        0.02        0.33       81.51       23.54        1.96        2.38      102.50       34.15        4.69        0.00       16.33        9.37       18.19       15.75        0.00       74.22        2.00        1.60        0.00        0.00       11.14        0.00        0.00        0.00        0.04        0.01        0.00      109.55        8.02        3.05        0.44        0.01        0.00       34.04        0.00        0.00        0.00        0.00        0.00
    06/30/1992_24:00      436.88        4.29        0.68       11.82        1.70        1.70        2.02        0.08        1.19        6.38        0.93        2.23        5.69        6.70        0.76      119.00        1.12        8.30      106.16        0.03        0.18       74.07       21.70       11.26        0.17      232.84       32.66        1.07        0.00       17.08        9.64       12.44        1.07        0.00       73.61        0.00        0.00        0.00        2.34       15.62        0.00        0.00        0.00        0.00        0.00        0.00      274.60       63.07        7.56        0.02        0.00        0.00       39.10        0.00        0.00        0.00        0.00        0.00
    07/31/1992_24:00      476.78        4.08        0.53        9.94        1.10        1.10        1.37        0.01        1.00        5.14        0.56        1.62        5.01       11.44        0.22       39.57        0.99        7.75      146.94        0.03        0.10       52.57       22.76       15.20        0.06      213.79       35.12        0.76        0.00       18.37        9.15       14.89        1.07        0.00       74.77        2.00        1.60       15.79       11.48       16.67        0.00        0.00        0.00        0.02        0.07        0.00      157.73       26.52        7.19        0.00        0.00        0.00       41.12        0.00        0.00        0.00        0.00        0.00
    08/31/1992_24:00      496.21        3.01        0.08        9.48        0.43        0.43        0.36        0.01        0.93        3.92        0.06        0.10        4.18       28.81        0.31       17.41        0.88        5.25      155.39        0.03        0.06       49.73       20.54        7.05        0.02      157.04       33.11        0.03        0.00       16.24        8.39       15.59        1.32        0.00       75.38        0.00        0.00        1.97        5.95       17.06        0.00        0.00        0.00        0.00        0.00        0.00       57.18        5.11        5.81        0.02        0.00        0.00       32.08        0.00        0.00        0.00        0.00        0.00
    09/30/1992_24:00      400.17        2.90        0.16        8.78        0.30        0.30        0.14        0.03        1.05        3.90        0.04        0.02        3.76        7.62        0.00        8.65        0.82        3.09      154.53        0.02        0.05       23.50        2.76        2.20        0.00       50.97       20.75        0.00        0.00        7.34        3.57       17.79        1.39        0.00       38.15        0.00        0.00        0.00        0.00       14.11        0.00        0.00        0.00        0.00        0.00        0.00       17.88        1.91        1.79        0.04        0.00        0.00       10.11        0.00        0.00        0.00        0.00        0.00
    10/31/1992_24:00      230.09       19.50        4.74        8.21        0.77        0.77        0.46        0.41        1.98        4.93        0.24        0.81        4.39        3.76        0.17        4.67        1.39        7.01       96.73        0.23        0.87       48.72        0.95        3.05        0.00       41.09       11.01        0.26        0.00       12.94        3.33       20.27        5.61        0.00       17.02        0.10        0.08        0.00        0.00       12.13        0.00        0.00        0.00        0.00        0.00        0.00        5.73        2.09        1.24        0.04        0.00        0.00        8.18        0.00        0.00        0.00        0.00        0.00
    11/30/1992_24:00      189.34       14.95        5.50       11.73        0.73        0.73        0.76        0.46        2.32        5.59        0.39        2.92        4.94        1.67        0.06        1.02        1.63        6.06       65.50        0.02        0.87       39.31        0.84        0.29        0.00       34.76        3.80        1.28        0.00       11.91        3.08       12.04        9.31        0.00       15.33        2.40        1.92        0.00        0.00        6.94        0.00        0.00        0.00        0.00        0.00        0.00        4.75        5.33        0.57        0.06        0.00        0.00       10.93        0.00        0.00        0.00        0.00        0.00
    12/31/1992_24:00      190.18       16.90       62.87       18.77        9.76        9.76       10.74        2.59        5.75       11.73        5.82       15.59       12.78       22.07        4.14       11.78        5.27       16.31       77.54        3.36        3.22       58.49        0.69       20.04        9.69       31.81        3.21       12.02        0.37       11.36        2.73       12.69        8.45        0.00       13.31       11.60        9.28        0.00        0.00        5.86        0.00        0.00        0.00        0.02        0.02        0.00        3.80        6.86        0.14        0.26        0.00        0.00       12.78        0.00        0.00        0.00        0.00        0.29
    01/31/1993_24:00      200.33       24.63      160.85       57.51       47.52       47.52       53.46       19.24       26.72       43.21       24.17       51.42       55.14      244.62       26.98      100.67       30.55       62.29       67.70       11.58       18.32      225.89       49.86      183.80      176.14      263.41        6.64      114.31       10.17       11.94        1.00       29.67        7.53       12.95       15.20       21.60       17.28        0.03       16.92        6.86        4.56        1.15        0.61        3.19       12.05        4.56        2.19       41.50       20.84       23.15        0.71        1.63       18.98        0.00        0.00        0.00        0.36        0.00
    02/28/1993_24:00      224.48       13.32      100.73       45.12       43.64       43.64       48.01       17.32       21.79       32.52       24.05       51.68       40.24      179.36       26.22       76.97       23.86       58.87       59.85        5.46       17.03      225.83       90.30      170.53      187.75      345.05        4.37       91.19        7.96       12.89        0.65       11.65        6.64       13.33       12.48       34.80       27.84        0.01       19.92        4.76        4.70        1.18        0.62        2.18        6.43        4.70        1.70       35.37        9.82       11.80        0.92        4.47       21.71        0.00        6.60        0.00        0.18        2.00
    03/31/1993_24:00     1390.85       19.62      103.29       53.64       43.44       43.44       42.34       17.79       26.06       40.38       19.66       96.23       55.08       30.28       13.14       37.41       31.05       65.48      775.63        0.76       16.35      328.22       85.99       99.39      112.26      451.44        3.54      122.24       10.93       35.52        1.12       17.65        8.79        4.99       22.59       29.10       23.28        0.01        9.11       28.01        1.77        0.45        0.23        1.74        4.67        1.77       33.65       28.90       14.83        6.40        1.40        5.55       48.41        0.00       10.50        0.00       21.53        2.68
    04/30/1993_24:00      465.80        7.93       78.03       46.70       17.26       17.26       15.87        7.10       16.70       30.35        9.21       40.33       42.80       34.41        6.16       26.16       17.69       49.36      438.53        0.08        8.08      268.81       60.71       26.33       17.05      201.12       10.39       73.79        6.29       57.64        3.42       31.67       48.70        1.35      104.13       20.00       16.00        0.00        2.57       68.97        0.46        0.12        0.06        0.89        1.81        0.46      201.61       39.35       13.31        3.71        0.96        3.62       43.55        0.00        9.50        0.00        6.04       54.02
    05/31/1993_24:00      474.99        6.60       50.39       48.25       14.36       14.36       12.92        3.73       15.40       36.76        8.71       34.05       27.87       16.10        3.24       27.82        7.00       39.38      331.82        0.04        2.78      274.59       34.09       35.83        0.69      332.40       28.35       39.92        3.04       79.63       12.79       85.41       29.50        0.27      130.97        5.00        4.00        0.00       11.10       53.10        0.11        0.03        0.01        0.45        0.90        0.11      354.34       97.62       11.63        2.72        0.44        0.95       65.49        0.00       11.30        0.00       18.27       40.60
    06/30/1993_24:00      714.65       14.81       47.97       44.34       13.51       13.51       16.37        1.07        9.77       32.92        7.37       21.26       18.20       21.07        2.53      110.04        4.41       28.72      334.69        0.32        0.95      253.38       31.26       32.73        1.21      343.52       27.72       21.12        1.24       78.37       14.09       25.45       19.20        0.04      118.89        1.20        0.96        3.86       12.67       63.49        0.00        0.00        0.00        0.19        0.61        0.00      421.71      123.43        6.99        1.96        0.18        0.62      109.23        0.00       12.00        0.00        4.81       25.56
    07/31/1993_24:00      682.51        3.63        6.92       23.84        2.07        2.07        2.40        0.15        4.55       16.80        1.49        3.15        7.52        8.08        0.35      287.91        1.96       13.07      420.61        0.03        0.22      135.28       27.02       39.92        0.61      334.86       37.09        3.98        0.00       80.36       16.73       20.02       11.10        0.00      128.94        0.20        0.16        8.21       19.99       42.00        0.00        0.00        0.00        0.07        0.09        0.00      468.14      122.25        8.52        0.60        0.00        0.00      119.73        0.00        0.00        0.00        5.23       10.64
    08/31/1993_24:00      719.41        3.62        4.47       17.18        0.60        0.60        0.36        0.05        3.33        9.53        0.59        0.93        6.02       30.76        0.00       88.64        1.61        9.78      424.17        0.05        0.11      129.09       26.59       31.10        0.41      238.08       29.76        1.32        0.00       64.87       16.81       13.73       29.27        0.00      127.65        0.00        0.00        4.90       12.65       16.20        0.00        0.00        0.00        0.03        0.00        0.00      305.60       37.43       15.60        0.21        0.00        0.00       90.73        0.00        0.00        0.00       20.87        0.48
    09/30/1993_24:00      572.13        3.26        2.89       13.23        0.39        0.39        0.18        0.10        2.57        6.70        0.33        0.36        5.52       11.98        0.00       57.74        1.51        7.19      128.35        0.02        0.11       69.81       10.76       18.58        2.44      135.13       21.68        0.62        0.00       22.41       13.66       10.09       52.55        0.00       91.22        0.10        0.08        4.08        0.02       14.06        0.00        0.00        0.00        0.00        0.00        0.00      170.68        5.83       12.13        0.08        0.00        0.00       51.80        0.00        0.10        0.00       11.77        0.00
    10/31/1993_24:00      382.45        3.50       11.64       16.36        1.25        1.25        1.03        0.56        2.34        7.38        0.52        0.61        6.44        9.06        0.00       55.31        1.72        7.64      135.64        0.04        0.70       93.39        4.33        1.25        2.21      166.39       10.59        1.19        0.00       33.14        9.30       33.73       36.11        0.00       93.22        1.15        0.92        1.06        4.73        9.64        0.00        0.00        0.00        0.01        0.13        0.00      131.74        2.78       10.96        2.16        0.00        0.00       34.01        0.00        0.00        0.00       15.60        0.00
    11/30/1993_24:00      308.89        6.15        7.05       15.42        0.99        0.99        0.86        1.30        2.69        6.81        0.49        0.63        6.39        8.45        0.20       41.45        2.29        7.35      146.20        0.20        0.93       93.05        0.73        0.20        0.33      110.38        5.71        1.57        0.00       23.94        6.54       15.67       15.03        0.00       12.51        1.41        1.13        0.00        3.36        7.12        0.00        0.00        0.00        0.02        0.16        0.00        6.98        2.03        5.01        0.61        0.00        0.00       13.87        0.00        0.00        0.00       20.42        0.00
    12/31/1993_24:00      316.23        7.72       27.06       23.16        2.16        2.16        1.88        3.68        6.19       13.66        1.05        4.20       11.19        8.05        0.54        7.56        4.55       14.89      359.32        3.32        2.29       85.48       10.36        5.35        8.38      146.22        4.76        4.97        0.00       20.71        5.77       16.73       20.20        0.00       13.82        3.05        2.44        0.01        1.03        5.64        0.00        0.00        0.00        0.05        0.12        0.00        3.28        4.99        3.35        0.63        0.12        0.00       17.10        0.00        0.00        0.00       29.97        0.00
    01/31/1994_24:00      257.63        5.36       16.08       19.76        3.80        3.80        3.39        3.34        5.02       10.47        1.83        7.03        9.30        1.54        1.13        5.59        4.03       12.70      116.04        0.21        2.00       75.80        0.74        4.19        4.83      109.45        3.92        4.62        0.00       14.76        4.23       17.68       32.26        0.00       13.98        3.12        2.50        0.00        0.01        6.38        0.00        0.00        0.00        0.07        0.12        0.00       10.72        6.08        2.37        0.51        0.15        1.31       18.74        0.00        0.00        0.00        7.12        0.00
    02/28/1994_24:00      196.10        6.28       60.65       28.31        9.05        9.05        8.03        4.70        7.65       15.78        4.82        8.18       15.45        7.53        3.72       10.95        6.58       22.29      100.82        1.24        3.55       59.05       14.55       14.40       16.68       88.80        3.83       14.83        0.64       11.20        1.82       15.21       12.64        0.01       12.95        7.22        5.77        0.00        0.02        6.07        0.00        0.00        0.00        0.18        0.28        0.00       11.00       14.25        0.04        2.06        0.29        3.67       27.51        0.00        0.00        0.00       20.51        0.00
    03/31/1994_24:00      211.39        4.89       24.02       25.23        7.06        7.06        5.55        2.70        6.49       15.17        3.24       19.03       14.68        3.17        2.26        6.42        5.69       21.99      112.01        0.00        2.50       61.24        8.37        5.83        5.51       98.26        8.98       13.96        0.56       12.58        4.48       59.98       14.02        0.00       48.43        3.46        2.77        0.00        0.00        8.89        0.00        0.00        0.00        0.08        0.09        0.00       28.74        1.95        0.13        0.78        0.29        4.14       41.71        0.00        0.00        0.00        0.00        0.00
    04/30/1994_24:00      299.25        5.43       13.94       19.19        3.17        3.17        2.37        1.30        4.61       12.77        1.73        8.25        9.25       17.46        0.74       11.38        2.72       18.42      133.36        0.06        1.37       52.46       10.15        7.17        0.01       68.13       27.16        9.32        0.11       18.56       11.22       30.13       27.53        0.00       73.96        3.50        2.80        0.00        0.01        9.31        0.00        0.00        0.00        0.04        0.03        0.00       58.48        3.43        1.90        0.92        0.29        3.06       41.17        0.00        0.00        0.00        0.00        0.00
    05/31/1994_24:00      495.84        4.69       14.43       21.50        4.41        4.41        3.24        0.45        3.87       15.13        1.77        7.39        8.95        6.82        0.87       20.46        1.93       18.10      118.36        0.03        0.77       63.60       19.13        2.30        0.06       63.58       24.50        9.13        0.09       20.42       12.13       29.15       24.03        0.00       76.18        3.46        2.77       14.50        0.00        9.71        0.00        0.00        0.00        0.04        0.09        0.00      104.30        3.79        2.56        0.96        0.29        3.93       36.82        0.00        0.00        0.00        0.00        0.00
    06/30/1994_24:00      585.58        3.61        3.20       15.62        1.31        1.31        1.20        0.11        1.62        8.59        0.37        1.52        5.05        7.22        0.03       26.83        0.91        9.58      127.50        0.03        0.18       64.44       19.51        3.10        0.10      120.50       36.55        1.77        0.00       21.29       16.73       27.54        1.44        0.00       99.73        2.34        1.87       18.79        9.96       12.26        0.00        0.00        0.00        0.00        0.01        0.00      375.57       50.19       10.32        0.44        0.03        0.63       70.17        0.00        0.00        0.00        0.00        0.00
    07/31/1994_24:00      760.60        3.38        0.64       11.96        0.41        0.41        0.46        0.03        1.07        5.49        0.03        0.20        4.09        7.77        0.00       60.63        0.71        7.30      222.95        0.03        0.09       54.73       18.35       11.79        0.15      142.47       37.59        0.29        0.00       18.64       18.58       28.33        1.41        0.00      125.37        2.27        1.82       21.65       13.92       15.47        0.00        0.00        0.00        0.00        0.00        0.00      352.76       71.52       12.37        0.08        0.00        0.00       75.30        0.00        0.00        0.00        0.42        0.00
    08/31/1994_24:00      721.25        3.28        0.29       10.32        0.36        0.36        0.37        0.01        1.04        4.49        0.00        0.00        3.78        7.54        0.00       61.26        0.71        4.86      163.55        0.03        0.06       64.66       17.79       11.61        0.19      110.25       32.37        0.00        0.00       17.39       16.44       23.44        1.33        0.00       96.47        0.26        0.21        8.30        7.65       15.57        0.00        0.00        0.00        0.00        0.00        0.00      135.92       25.19        8.16        0.11        0.00        0.00       53.11        0.00        1.80        0.00        0.03        0.00
    09/30/1994_24:00      543.09        3.15        0.60       10.57        0.32        0.32        0.19        0.03        1.20        4.42        0.01        0.00        3.78        7.86        0.00       44.74        0.74        4.84      176.94        0.02        0.04       36.65        5.44        5.03        0.10       59.86       24.05        0.00        0.00        9.26       13.58       15.40        1.30        0.00       55.83        0.00        0.00        0.00        0.00       13.85        0.00        0.00        0.00        0.00        0.00        0.00       24.73        1.85        4.15        0.04        0.00        0.00       16.46        0.00        0.00        0.00        0.02        0.00
    10/31/1994_24:00      257.94        4.65        1.53       11.81        0.47        0.47        0.28        0.43        2.08        4.88        0.06        0.08        4.16        3.76        0.00       16.87        1.40        4.89      165.54        0.04        0.72       46.91        1.11        0.25        0.00       37.28       14.06        0.47        0.00        9.88        6.54       25.41        6.91        0.00       56.93        0.00        0.00        0.00        0.00        9.79        0.00        0.00        0.00        0.00        0.00        0.00        5.34        1.63        1.41        0.03        0.00        0.00       13.72        0.00        0.00        0.00        0.00        0.00
    11/30/1994_24:00      233.49        6.36        7.53       14.40        0.59        0.59        0.35        0.52        2.53        5.95        0.45        1.45        5.44        1.84        0.02        5.86        1.83        6.91      103.72        2.35        1.05       43.60        0.71        2.58        0.00       80.15        4.92        3.64        0.00       14.20        3.35       17.18       10.27        0.00       14.82        0.00        0.00        0.00        0.00        7.39        0.00        0.00        0.00        0.00        0.00        0.00        5.66        4.26        0.27        0.11        0.00        0.00       11.65        0.00        0.00        0.00        0.00        0.00
    12/31/1994_24:00      240.48        6.80       37.04       25.52        2.01        2.01        1.93        3.07        7.70       15.26        1.11        4.24       12.04        1.82        1.02        2.90        4.69       14.25       82.97        3.27        2.80       60.49        0.73        7.83        1.01       88.85        4.65       14.03        0.56       15.01        3.56       17.19       11.02        0.00       14.81        0.00        0.00        0.00        0.00        6.32        0.00        0.00        0.00        0.00        0.00        0.00        5.72        7.70        0.40        0.19        0.02        0.00       14.14        0.00        0.00        0.00        0.00        0.00
    01/31/1995_24:00      910.02       69.60      232.62      104.47      137.40      137.40      157.75       37.57       50.31       76.71       74.28      132.81      124.57      485.54       68.96      196.25       71.11      135.15      297.54       18.27       44.57      444.49      146.88      368.05      418.68      540.42        7.00      176.22       16.10       23.84        1.15       29.02       74.95        7.54       15.26       69.38       55.50        0.03        6.39        5.65        2.65        0.67        0.35        2.29        4.42        2.65        2.84       44.88       22.07       23.23        1.45        7.11       14.91        0.00        0.00        0.00       11.18        0.00
    02/28/1995_24:00      971.90       11.97       64.74       48.87       47.48       47.48       52.48       14.92       18.37       25.85       20.35       68.03       37.37       88.90       13.89       42.40       23.64       41.72      637.24        0.02       13.22      273.35       56.15      132.11      156.40      302.62        4.34       55.93        4.58       50.02        1.57       14.61      215.15        1.04       11.90       19.72       15.77        0.00       11.15       24.91        0.35        0.09        0.05        0.51        0.60        0.35        2.82       30.27       12.31        5.44        1.02        5.44       18.07        0.00        4.20        1.90       22.09       14.72
    03/31/1995_24:00     2103.49       48.86      234.34       98.15      111.65      111.65      111.44       33.77       49.05       72.09       54.85      127.89      126.23      330.82       49.92      142.09       76.68      159.93     1963.08       14.12       48.78      896.61      231.72      387.84      425.85     1115.39        8.25      275.34       25.60      136.77       41.61       30.93      292.07       21.21      143.88       86.01       68.81       19.10       51.88      258.43        7.49        1.89        1.00        7.39       21.73        7.49       44.97       57.34       31.92       28.30        4.61       18.89       47.30        0.00        3.00        0.00        9.52       21.88
    04/30/1995_24:00     1063.34        9.84       81.87       66.33       41.51       41.51       38.06        7.90       21.12       38.08       14.89       56.02       65.63       31.75       10.35       33.14       29.41       89.85      862.58        0.07       17.08      369.79       83.35      166.23      177.63      472.58       10.16      121.09       10.82      178.61        3.45       51.46      411.77        2.04      232.30        8.15        6.52        6.48       11.15      361.43        0.71        0.18        0.09        1.58        2.90        0.71      375.31      110.66       29.64        5.10        1.95        7.44      108.28        0.00        0.00        0.00        0.42        5.26
    05/31/1995_24:00     1070.50        8.24       75.37       77.17       21.77       21.77       26.04        4.33       20.84       49.88       12.51       46.80       73.36       69.34        9.12       33.91       21.45       80.79     1191.76        0.21        5.44      677.77       90.05       65.86       10.49      877.43       19.26      145.23       13.13      198.08       15.08       77.97      487.90        0.73      293.97        8.11        6.49       11.00       12.51      469.58        0.25        0.06        0.03        0.58        1.28        0.25      592.18       97.60       19.81        5.47        2.78       10.84      128.25        0.00        0.00        0.00        0.00       13.20
    06/30/1995_24:00      775.93        5.65       26.18       50.84        6.65        6.65        9.19        1.13       11.07       36.81        3.84       16.63       26.53        9.14        2.54       18.62        6.96       36.42      617.12        0.17        1.09      476.12       36.98       22.44        1.66      441.10       33.28       48.78        3.89      233.20       20.57       29.21      292.64        0.04      288.42        3.68        2.95       15.20       13.87      157.75        0.00        0.00        0.00        0.29        0.44        0.00      483.41      173.28       35.19        1.01        1.18        4.11      175.87        0.00        3.20        9.00        0.01       15.94
    07/31/1995_24:00      912.48        4.83        7.90       33.92        2.17        2.17        1.97        0.24        7.42       25.36        1.27        3.55       13.93        9.20        0.52       64.15        3.89       16.30      268.03        0.03        0.20      227.74       28.32       37.58        0.49      658.53       38.92       15.37        0.69      146.50       19.62       16.20      190.86        0.00      295.39        1.93        1.55       10.29       16.90      327.24        0.00        0.00        0.00        0.10        0.11        0.00      610.53      181.74       26.74        0.23        0.30        1.28      186.05        0.00        6.20        0.00        0.00        7.45
    08/31/1995_24:00      855.91        4.51        3.74       25.22        0.65        0.65        0.33        0.09        4.55       12.15        0.45        1.03        9.30       16.25        0.00       41.38        2.68       10.82      303.53        0.03        0.12      130.77       26.47       24.62        0.34      175.49       38.69        3.89        0.00       85.24       20.68       16.39       68.07        0.00      134.04        1.56        1.25        5.65       12.79       28.55        0.00        0.00        0.00        0.03        0.03        0.00      402.41      110.34       22.23        0.11        0.01        0.01      195.17        0.00       10.80        0.00        0.00       10.71
    09/30/1995_24:00      631.34        4.26        3.19       19.20        0.49        0.49        0.24        0.13        3.28        8.07        0.28        0.47        7.27       13.70        0.00       35.35        2.13        6.78      404.70        0.02        0.13       68.55       12.92       20.50        0.17      230.76       27.21        1.94        0.00       89.40       20.88       14.36      123.00        0.00      125.67        1.15        0.92        8.47        1.43       10.77        0.00        0.00        0.00        0.01        0.05        0.00      187.82       34.94       16.50        0.25        0.00        0.00      101.62        0.00        5.90        0.00        3.13       24.76
    10/31/1995_24:00      336.21        8.45        3.66       18.58        0.69        0.69        0.41        0.60        2.93        7.47        0.28        0.38        7.13       16.16        0.00       11.55        2.27        7.77      213.35        0.02        0.98       81.65        3.78       12.27        7.55      175.18       16.74        1.82        0.02       42.08       16.97       24.71       89.77        0.00      159.93        1.15        0.92        0.08        8.68        9.65        0.00        0.00        0.00        0.01        0.04        0.00      154.90        3.61       15.31        0.13        0.00        0.00       70.47        0.00        0.00        0.00       12.74        7.97
    11/30/1995_24:00      318.17        8.92        5.32       17.14        0.54        0.54        0.43        1.19        3.33        7.17        0.38        0.53        7.00       10.31        0.01        4.29        2.72        6.75      147.74        0.00        1.07       72.86       23.25        0.24        1.31      144.54        6.67        1.99        0.01       16.24       24.41       16.10       18.48        0.00       32.76        1.41        1.13        6.25        3.89        7.84        0.00        0.00        0.00        0.01        0.05        0.00       11.78        4.52       12.32        0.07        0.02        0.00       55.91        0.00        3.27        0.00       15.64        8.73
    12/31/1995_24:00      327.91       15.29       45.60       33.26       12.37       12.37       13.61        6.95       11.25       20.46        6.59       29.24       21.10       30.79        5.12       14.59        9.98       22.55      328.06        5.45        4.91      130.20       25.47       35.00       19.77      147.45        4.99        9.67        0.39       16.73        9.38       16.58       17.61        0.00       33.91        3.31        2.65        2.09        9.81        5.06        0.00        0.00        0.00        0.05        0.12        0.00       12.39       12.84        3.93        1.57        0.17        0.57       24.89        0.00        0.21        0.00       21.12        2.56
    01/31/1996_24:00      372.68       16.82       92.56       45.30       40.79       40.79       45.83       11.71       15.81       25.38       13.29       48.51       30.71      103.20       14.01       52.32       16.98       29.37      343.51        3.64        7.25      177.41       60.04      104.16      109.13      132.26        4.03       47.65        0.81       19.12       32.12       18.05       26.83        2.24       17.60       13.21       10.56        1.95        0.16        4.48        0.78        0.20        0.10        0.13        0.29        0.78       17.21       15.96        6.21        6.77        0.68        3.43       25.42        0.00        0.00        0.00        5.64        0.60
    02/29/1996_24:00     1678.45       21.66      120.31       62.35       57.73       57.73       62.69       24.91       32.24       49.03       26.18       91.29       70.29      203.09       26.18       80.70       41.99       83.18     1171.77        5.62       25.18      647.86      175.81      245.30      272.66      820.82       20.94      117.00        3.09       75.65       73.50       88.87      272.30       15.16      140.93       40.99       32.80       10.69       12.39       37.35        5.37        1.35        0.71        0.61        2.27        5.37        7.72       60.73       18.69       11.43        2.26       17.02       23.84        0.00        1.28        0.00       11.78       10.13
    03/31/1996_24:00     1021.92       16.92       61.41       46.07       42.17       42.17       39.61        8.95       16.45       27.48       19.39       66.04       42.75      101.76       17.44       52.28       23.92       56.73      571.14        0.41       13.84      305.86      105.21      165.14      180.30      306.21      125.56      110.06        2.93      102.76       11.85      195.53      293.97        5.22      187.11       16.81       13.45       20.89       18.55      101.33        1.84        0.46        0.24        0.63        1.58        1.84      149.91       68.33       24.60        7.38        2.44       12.14       38.90        0.00        0.54        2.10        9.38       21.51
    04/30/1996_24:00      324.48       10.87       53.63       45.26       15.56       15.56       13.93        5.22       14.25       28.39        7.48       36.06       37.73       13.78        5.78       20.92       16.14       44.47      578.93        1.14        7.56      257.57      102.50       56.13       10.63      328.28       47.23       66.17        1.68       83.63       14.69       94.79      161.26        1.43      106.75        6.25        5.00        0.02        0.05       70.69        0.49        0.12        0.07        0.17        0.44        0.49      268.28       19.12        9.81        3.58        1.33        5.21       54.84        0.00        1.81        1.20       13.39       44.79
    05/31/1996_24:00      651.15        6.84       53.70       54.44       11.34       11.34       12.61        1.87       13.07       37.51        4.65       40.98       39.51       26.91        4.94       15.57       11.28       48.87      540.85        1.91        4.00      591.36       72.59       47.53        2.10      584.75       26.72       62.41        1.09       67.95       13.46       80.92      233.04        0.37      159.87        3.87        3.10        0.02        4.86       99.92        0.14        0.04        0.02        0.09        0.25        0.14      456.33       93.66        7.66        2.31        0.56        2.30      141.19        0.00        5.05        3.30        0.39       18.31
    06/30/1996_24:00      830.08        4.08       12.23       30.57        4.07        4.07        5.72        0.38        5.11       19.90        1.54        9.51       14.63        8.48        1.65       14.61        3.52       20.84      258.01        0.03        0.60      177.97       33.93       41.21        0.38      291.75       38.01       15.88        0.54       69.00       18.19       54.88       35.98        0.01      122.70        2.01        1.61        1.63       12.76       20.71        0.00        0.00        0.00        0.03        0.04        0.00      431.41       93.04       14.75        0.86        0.13        0.86      149.14        0.00        0.69       11.00        0.02        4.02
    07/31/1996_24:00      889.73        3.63        4.64       20.72        1.31        1.31        1.28        0.06        2.97       10.95        0.48        1.94        9.28        9.13        0.31       22.91        2.41       10.63      414.97        0.03        0.25      137.54       29.62       41.36        0.26      175.18       44.57        5.65        0.13       80.19       20.78       36.62       10.41        0.00      126.48        1.26        1.01       21.30       15.83       14.26        0.00        0.00        0.00        0.00        0.05        0.00      426.76      101.17       23.32        0.27        0.00        0.02      145.71        0.00        0.04        4.20        0.00        0.00
    08/31/1996_24:00      881.12        3.28        2.39       16.37        0.49        0.49        0.29        0.04        2.63        7.72        0.12        0.40        7.26       16.49        0.00       56.11        1.94        7.31      317.60        0.03        0.11      152.44       28.71       15.41        0.12      167.37       40.40        2.31        0.03       70.16       20.90       24.36       17.12        0.00      114.92        1.15        0.92       15.19       12.57       13.52        0.00        0.00        0.00        0.00        0.00        0.00      305.16       42.88       33.26        0.15        0.00        0.00      111.20        0.00        0.16        0.00        0.00        0.00
    09/30/1996_24:00      580.05        3.21        3.00       15.58        0.42        0.42        0.20        0.09        2.46        6.54        0.13        0.25        6.58       10.19        0.00       10.66        1.82        9.68      145.60        0.02        0.12       70.57       10.15        5.87        0.16      129.01       26.34        1.82        0.00       30.31       12.13       19.54       17.08        0.00       79.26        0.26        0.21        5.09        8.80       10.95        0.00        0.00        0.00        0.00        0.00        0.00      111.66        3.14        4.61        0.22        0.00        0.00       64.54        0.00        0.00        0.00        0.00        0.00
    10/31/1996_24:00      348.20        9.45        4.32       17.41        0.83        0.83        0.49        0.54        2.63        6.43        0.38        1.30        7.30       14.72        0.00        5.52        2.39        8.29      142.64        0.27        1.10       98.25        5.12        9.64        0.80      165.34       13.37        2.15        0.00       19.81        4.56       28.72       28.08        0.00       73.66        0.00        0.00        8.65        3.82        9.73        0.00        0.00        0.00        0.00        0.06        0.00       18.74        6.95        4.06        0.16        0.00        0.00       43.11        0.00        0.00        0.00        0.14        3.63
    11/30/1996_24:00      308.59       11.05        9.15       19.48        2.97        2.97        3.28        1.54        4.78       10.32        1.92        4.75       10.22        8.72        0.81        5.67        3.98       12.83      146.97        0.14        2.24       81.73        0.78        5.00        4.46      207.25        4.58       11.21        0.42       21.84        6.20       28.53       23.36        0.00       17.88        5.54        4.43        0.02        0.24        5.97        0.00        0.00        0.00        0.00        0.09        0.00        4.49       20.14       10.41        2.81        0.40        0.88       43.91        0.00        0.00        0.00        2.89        2.95
    12/31/1996_24:00     1208.85       28.95      106.93       26.22       32.95       32.95       36.17       29.48       40.83       65.60       24.47       47.02       87.56       92.47       15.82       47.86       48.75      111.23     1088.50        7.72       35.15      527.22      149.65       92.99       45.77      897.10        4.55      159.81        1.80       69.95       78.56      202.91      284.38        5.39      134.04       73.66       58.92       38.94       41.46       70.53        1.91        0.48        0.25        0.35        1.08        1.91        2.62       54.11       40.11       29.57        2.28        7.45       76.39        0.00        0.00        0.00        7.06        0.00
    01/31/1997_24:00     2557.88       66.59      194.97      102.54       78.30       78.30       82.73       39.68       60.95       95.64       37.31      102.72      143.02      308.41       29.47      146.92       81.03      175.05     2552.99       16.59       49.60     1511.81      268.51      395.77      326.78     1954.08      270.55      438.35        0.00      302.91      190.92      369.23      803.64       26.54      453.04       95.98       76.78      113.90       91.48      562.24        9.36        2.36        1.24        1.87       10.17        9.36      259.26      172.52      117.95       39.99        7.52       29.59       49.14        0.00        0.00        0.00        0.15       90.81
    02/28/1997_24:00      712.54       12.41       34.61       36.81       22.95       22.95       21.11        3.75       10.08       19.33        9.47       35.51       30.43       65.59        7.29       22.99       12.45       35.41      875.10        0.01        4.86      323.94       31.96      153.18      143.75      400.92       91.03       71.37        3.83      239.48       17.55      335.22      450.74        2.32      371.32        8.41        6.73       33.12       41.34      361.77        0.81        0.20        0.11        0.60        2.62        0.81      337.22      117.35       70.71        5.86        3.04       12.74      132.93        0.00        0.00        0.00        0.00       33.99
    03/31/1997_24:00      310.51       11.47       26.11       30.80       10.30       10.30        9.16        1.03        7.00       18.62        5.08       18.43       22.62        3.59        3.66       10.43        5.87       19.52      214.19        0.07        1.13      221.78        2.95       19.52        9.12      254.99       19.98       35.27        1.84      101.44        6.66      127.16      150.21        1.20      139.58        8.04        6.43        2.13        0.00       79.07        0.42        0.11        0.06        0.33        1.33        0.42      259.22       72.19       28.96        3.60        1.63        9.34      151.42        0.00        0.00        0.00        0.00        0.00
    04/30/1997_24:00      346.08       11.24       22.42       26.09        6.25        6.25        6.97        1.07        7.38       20.21        2.65       14.92       18.77        9.10        2.12       12.54        4.79       16.95       80.96        0.02        0.87      118.17       12.74       18.43        0.72      155.13       31.28       24.94        0.67       47.74       12.06       69.56       86.70        0.46       99.19        9.90        7.92        0.02        3.37       12.37        0.18        0.04        0.02        0.20        0.58        0.18      186.49       20.71       10.92        2.22        0.89        6.74       95.36        0.00        0.96        0.00        0.13        0.00
    05/31/1997_24:00      560.89        6.31       10.35       26.44        4.38        4.38        5.38        0.46        5.45       20.48        1.33        9.33       13.14       16.28        1.16       61.64        3.26       12.78      120.36        0.02        0.51       94.15       25.74       27.93        0.46      148.49       36.00       14.99        0.30       34.05       11.98       91.00       58.57        0.03      121.99        7.18        5.74        0.20       12.01       16.15        0.00        0.00        0.00        0.09        0.16        0.00      339.70       67.87        4.90        0.90        0.41        4.95      117.58        0.00        0.00        0.00        0.50        0.00
    06/30/1997_24:00      793.19        3.92        5.63       22.54        2.19        2.19        2.98        0.17        3.82       14.05        0.59        4.05        9.21        7.22        0.25       76.59        2.45       10.60      233.67        0.04        0.25       66.32       29.34       30.31        0.39      155.96       38.11        6.73        0.12       35.44       11.72       60.58       15.99        0.00      105.62        3.35        2.68        3.61       12.51       16.94        0.00        0.00        0.00        0.03        0.06        0.00      351.45      100.87       13.97        0.42        0.13        4.96      129.12        0.00        3.08        1.20        0.82        0.00
    07/31/1997_24:00      914.32        3.71        2.62       16.68        0.82        0.82        0.82        0.05        2.77        9.17        0.19        1.01        7.10        8.29        0.00       32.44        1.94        9.77      462.31        0.03        0.14      119.88       29.99       26.00        0.55      137.30       39.86        3.17        0.05       21.23       12.82       19.33       17.81        0.00      111.66        2.38        1.90       11.51       13.61       16.91        0.00        0.00        0.00        0.00        0.01        0.00      364.45       82.47       22.01        0.23        0.00        0.00      133.36        0.00        2.60        0.00        0.80        0.00
    08/31/1997_24:00      684.97        3.63        2.03       14.64        0.40        0.40        0.24        0.05        2.73        7.63        0.08        0.35        6.04        7.37        0.04       26.78        1.68        9.14      282.51        0.03        0.11      142.11       25.12       25.01        0.80      120.58       34.08        1.85        0.02       16.90       11.86       18.34       17.63        0.00       94.69        2.31        1.85       12.64        8.43       19.42        0.00        0.00        0.00        0.00        0.00        0.00      264.02       41.36       21.11        0.20        0.00        0.00      110.42        0.00        0.36        0.00        0.85        0.00
    09/30/1997_24:00      482.58        3.52        3.09       14.50        0.44        0.44        0.21        0.10        2.77        7.10        0.10        0.34        5.97        6.07        0.03       16.69        1.69        7.18      137.85        0.02        0.13       47.37        7.28       15.44        1.17       92.41       24.85        1.34        0.00       16.51        9.39       19.90       16.95        0.00       63.67        2.05        1.64        1.63        3.80       16.17        0.00        0.00        0.00        0.00        0.01        0.00      105.83        3.72        8.87        0.22        0.00        0.00       53.03        0.00        2.12        0.00        1.23        0.00
    10/31/1997_24:00      287.21        7.69        6.43       16.69        0.71        0.71        0.43        0.66        3.16        7.48        0.28        1.00        6.98        3.76        0.00        4.09        2.32        8.76      194.62        0.58        1.38       75.00        3.46        2.28        0.29      148.55       13.95        2.79        0.01       20.00        4.85       41.06       28.61        0.00       49.34        1.30        1.04       13.25        2.52       13.94        0.00        0.00        0.00        0.00        0.03        0.00       22.92        6.93        4.30        0.10        0.00        0.00       43.48        0.00        0.00        5.60        0.00        0.00
    11/30/1997_24:00      275.33       11.53       31.30       18.34        5.04        5.04        5.03        1.63        5.40       11.40        3.14        6.85       11.82        1.82        2.09        5.95        4.50       15.70      144.15        3.32        2.97       73.68        0.71       13.11        2.81      144.95        5.31        5.37        0.28       21.94        5.14       20.86       22.63        0.00       14.02        3.42        2.74        0.03        0.00       10.65        0.00        0.00        0.00        0.00        0.09        0.00        7.87        4.65        1.28        0.16        0.16        0.52       48.43        0.00        0.00        0.00        0.00        0.00
    12/31/1997_24:00      265.50       11.82       41.44       25.40       12.14       12.14       13.68        3.90        7.85       14.93        6.28       18.01       16.04       14.51        4.34       12.34        6.95       20.85      117.87        0.87        4.21       86.46        0.74       21.95       14.10      146.65        5.13        9.76        0.25       34.62        4.36       21.74       20.30        0.20       12.88        4.39        3.51        0.02        0.00        9.44        0.07        0.00        0.00        0.13        0.45        0.07        6.88       17.41       10.71        0.25        0.45        4.94       27.50        0.00        0.00        0.00        3.71        0.00
    01/31/1998_24:00     1045.90       27.29      240.91       85.33       66.96       66.96       75.30       27.37       36.27       54.82       29.03       84.36       67.45      181.79       27.67       78.74       38.70       85.16      400.99       11.57       27.99      278.71      121.79      163.20      131.71      354.78        4.84       95.31        8.35       46.38        9.04       65.30      129.98        4.18       41.68       55.73       44.58        0.03        0.00        7.19        1.48        0.10        0.05        0.19        0.46        1.48        3.66       26.24       18.63       16.69        1.61       13.92       40.20        0.00        0.00        0.90        3.33        0.00
    02/28/1998_24:00     2244.81       89.53      265.16       95.59      167.68      167.68      190.88       33.01       41.15       58.00       69.59      195.65      102.47      559.91       76.36      217.33       63.89      125.85      995.36       15.20       41.81      469.41      183.23      557.27      703.19      690.88      348.27      197.88       18.18      164.04      175.91      194.27      342.55       45.46      229.92       95.42       76.33       60.87       56.03      185.16       16.07       11.02        5.81        4.33       13.50       16.07       11.70       37.87       31.38       22.40       10.83       49.10       59.05        0.00        0.00        0.00        0.00        9.61
    03/31/1998_24:00     1514.44       27.71      108.24       64.17       69.49       69.49       67.48       16.31       24.58       36.99       31.99       81.07       52.90      106.99       24.32       69.23       30.73       61.30      814.98        0.75       15.75      351.66       82.71      302.40      323.88      405.88      114.61      145.42       13.15      140.11       10.11      135.83      332.46        5.71      152.43       29.43       23.54       21.88       13.80      145.17        2.01        0.10        0.05        1.37        4.42        2.01      157.45       62.02       66.23       12.98        8.31       18.84       73.06        0.00        0.00        0.00        0.00       18.97
    04/30/1998_24:00      693.82       20.24       84.13       56.35       33.90       33.90       32.27        8.60       19.16       32.48       20.32       48.27       41.47       72.58       15.56       44.27       19.44       52.85      533.22        0.36       10.64      304.97       84.42      104.77      114.31      453.66       67.48      118.77       10.60       93.10       31.94      115.20      320.85        2.88      182.86       28.76       23.00       30.40       19.44      276.58        1.02        0.41        0.21        1.02        3.20        1.02      290.63       84.80       78.88        9.93       12.36       24.74      106.45        0.00        0.00        0.00        0.00       46.41
    05/31/1998_24:00      908.17       19.76      123.71       93.24       41.63       41.63       38.47        6.30       21.24       44.63       28.50       66.40       55.69      102.42       14.56      182.14       19.58       67.27      519.29        1.19        7.51      336.03       75.69       70.87       43.79      562.06       28.68      111.85        9.94      110.70       31.78      125.80      222.65        1.43      220.37        5.77        4.61        8.64       11.35      252.16        0.49        0.16        0.09        1.02        3.96        0.49      473.61      157.37       53.18        6.13        6.82       16.59      208.68        0.00        0.00        0.00        0.10       13.84
    06/30/1998_24:00      927.67        9.17       69.86       83.09       29.11       29.11       36.25        2.00       15.56       45.94       15.61       58.36       40.12       77.35       10.42       91.08       10.30       46.00      547.58        0.02        1.98      461.12       45.46       57.42       16.15      455.33       43.35       66.11        5.55      142.07       11.81      106.99      263.78        0.43      234.45        3.91        3.12        9.74       17.10      388.86        0.14        0.03        0.02        0.53        1.21        0.14      542.34      170.46       56.45        3.94        4.41        7.46      259.20        0.00        0.00        0.00        0.00        0.26
    07/31/1998_24:00      912.48        4.10       16.86       48.26        5.10        5.10        5.93        0.43        8.61       30.61        3.05        6.19       15.70       17.82        1.98       22.88        4.27       21.87      362.28        0.03        0.47      190.73       31.37       44.87        4.48      267.66       41.23       16.95        0.84      176.38       17.72      114.43      174.93        0.09      240.11        1.41        1.13       12.78       14.91      268.15        0.04        0.00        0.00        0.25        0.43        0.04      573.36      176.97       47.76        0.56        1.60        3.72      224.22        0.00        0.00        4.90        0.00       12.61
    08/31/1998_24:00      903.87        7.86        7.69       31.93        1.21        1.21        0.71        0.08        4.90       13.60        1.08        0.90       10.57       15.28        0.38       28.70        2.96       12.96      362.37        0.03        0.18      183.68       29.31       29.98        2.88      246.44       37.21        5.50        0.00      107.97       17.78      110.12       62.66        0.00      152.74        1.15        0.92       30.72       12.84       23.38        0.00        0.00        0.00        0.09        0.17        0.00      358.01       92.42       42.54        0.11        0.54        2.51      188.81        0.00        0.00        7.00        0.00        0.00
    09/30/1998_24:00      661.09        3.02        6.06       25.66        0.74        0.74        0.36        0.15        3.83        9.46        0.58        0.50        8.74       14.14        0.30       25.19        2.52       10.87      369.38        0.02        0.16      105.51       16.43       16.18        2.99      238.85       27.02        3.93        0.00       19.53       14.47       97.23       84.67        0.00      144.24        1.12        0.89        6.69        6.96       22.79        0.00        0.00        0.00        0.06        0.12        0.00      176.48       69.28       27.77        0.28        0.40        2.52      109.89        0.00        0.00        0.00        1.03        0.00
    10/31/1998_24:00      414.73       11.21        7.73       25.90        1.30        1.30        1.02        0.73        3.65        9.21        0.61        1.94        8.67       21.27        0.00       25.18        2.76       11.44      208.83        0.28        1.38       81.43       23.07       22.48        0.89      139.64       15.23        4.06        0.00       20.37        6.28      106.87       38.60        0.00      110.19        1.15        0.92        9.72       18.87       21.96        0.00        0.00        0.00        0.07        0.13        0.00       84.38       16.61       16.47        0.09        0.60        3.14       90.43        0.00        0.00        0.00        2.08        0.00
    11/30/1998_24:00      643.84       16.21       60.04       36.38       14.80       14.80       16.12        5.26        9.84       19.12        3.11       22.28       20.51       17.47        1.51        8.06        9.12       21.84      127.84        0.91        4.68      107.22       20.16        3.53        4.18      162.63        5.80        6.65        0.00       19.68        3.15       31.57       18.80        0.00       18.20        1.15        0.92        0.01        9.30       22.51        0.00        0.00        0.00        0.11        0.16        0.00       54.90       23.11       12.20        1.44        0.88        3.58       93.09        0.00        0.00        0.00        0.01        0.00
    12/31/1998_24:00      887.27       16.39       53.70       40.35       15.01       15.01       16.33        8.88       12.82       21.39        3.22       21.17       25.18       25.21        2.95       10.42       13.32       29.23      648.11        2.10        7.32      176.59       26.87       11.43       18.72      187.66        5.63       13.46        0.51       34.36        7.99       36.40       81.23        0.00       26.67        2.12        1.70        0.02        3.37       33.03        0.00        0.00        0.00        0.13        0.17        0.00       87.70       14.25        4.92        3.79        0.71        4.19       28.36        0.00        1.73        0.00        1.93       15.27
    01/31/1999_24:00      496.88       17.12       45.98       32.48       10.08       10.08       11.57       10.28       12.74       19.67        2.98       13.27       24.05       17.40        3.72       11.89       14.34       33.09      434.20        3.83        9.45      236.11       80.68       14.81        9.87      374.09        5.17       50.46        4.05       34.45       34.54      104.28       76.68        0.29       48.18        6.70        5.36        0.01        0.00       14.88        0.11        0.00        0.00        0.11        0.17        0.11       22.14       14.23        7.20        2.53        1.29        4.35       28.79        0.00        0.00        0.00        1.38        8.64
    02/28/1999_24:00     1112.97       25.72      139.22       55.99       36.28       36.28       40.57       19.15       25.15       38.31       12.86       47.36       59.37       77.00       12.52       42.64       34.91       75.03      908.40        6.47       22.05      365.38      168.45      141.72      166.35      685.33       29.86      164.61       14.99      130.94       75.90      197.71      272.30        1.64       86.14       27.83       22.26        0.02        5.70       27.07        0.56        0.00        0.00        0.13        0.32        0.56        5.34       24.42       12.69        5.83        1.61        6.66       36.14        0.00        0.00        0.00        0.45       29.79
    03/31/1999_24:00     1052.67       23.76       74.28       52.44       40.37       40.37       40.84        9.44       18.11       31.05       17.28       52.22       48.12       59.30       12.78       42.84       24.83       57.09      567.36        0.20       12.71      357.55       83.56      153.14      192.86      364.38       72.99       86.08        7.47      103.94       14.67      107.91      201.99        0.73       68.25        4.98        3.99        0.01        0.00        5.27        0.25        0.00        0.00        0.20        0.29        0.25       69.14        1.70        3.12        2.22        1.12        4.89       26.14        0.00        0.00        0.00        4.82        0.00
    04/30/1999_24:00      484.13       18.97       41.97       41.32       34.01       34.01       31.25        4.50       12.64       25.29       15.40       52.26       33.60       57.32       10.27       29.24       12.62       38.84      247.83        0.11        5.25      213.13       56.54       61.96       59.89      258.55       69.14       67.66        5.70       71.61       11.00       81.76      121.03        0.66      111.93       34.04       27.23        0.01        1.11        5.75        0.25        0.00        0.00        0.18        0.32        0.25       76.39        3.13        1.84        3.01        1.84        5.67       26.51        0.00        0.41        0.00        3.18        0.65
    05/31/1999_24:00      646.24       14.77       27.11       41.68       13.27       13.27       13.86        1.48       10.08       28.65        6.16       29.19       23.79       26.57        4.45       58.81        5.95       28.13      179.25        0.02        1.37      165.95       39.46       52.62        1.09      271.35       40.19       46.05        3.63       74.01       13.28       89.46      104.34        0.05      119.78        6.06        4.85        3.22        6.54        9.02        0.00        0.00        0.00        0.06        0.12        0.00      209.88        6.86        5.02        1.71        0.95        3.13       37.19        0.00        1.11        0.00        6.35        1.23
    06/30/1999_24:00      697.39        9.87       14.06       31.87        4.42        4.42        6.03        0.54        6.06       22.88        1.82        8.53       11.62        8.59        1.15       38.79        2.77       19.71      154.12        0.03        0.56      152.02       30.34       34.60        1.04      235.46       39.48       16.48        0.80       62.83       13.50       78.96       16.92        0.00       98.18        0.97        0.77       19.94        7.67       19.85        0.00        0.07        0.04        0.03        0.04        0.00      337.32       56.48       12.34        0.72        0.39        0.98       63.70        0.00        4.97        0.00        7.74        0.00
    07/31/1999_24:00      819.63        9.24        4.88       22.53        1.26        1.26        1.27        0.09        3.23       12.27        0.57        1.58        8.31        9.65        0.00       93.13        2.12       12.14      548.14        0.03        0.26      148.95       30.43       36.94        0.94      263.97       44.50        4.81        0.00       49.47       14.39       39.40       17.65        0.00      111.91        0.04        0.03       12.07       11.49       34.46        0.00        0.00        0.00        0.00        0.00        0.00      365.28       79.84       15.34        0.04        0.09        0.16       77.85        0.00        5.40        0.00        8.74        0.00
    08/31/1999_24:00      639.47        9.30        3.41       18.97        0.54        0.54        0.32        0.04        2.82        8.59        0.32        0.46        7.85        8.88        0.03       41.21        2.07       10.94      315.60        0.03        0.16      171.36       29.06       32.23        1.40      153.04       35.67        2.76        0.00       37.77       12.66       31.24       15.95        0.00       91.49        0.00        0.00        3.56        9.86       17.08        0.00        0.00        0.00        0.00        0.00        0.00      203.58       38.98       13.96        0.10        0.02        0.00       62.41        0.00        1.37        0.00        7.29        0.00
    09/30/1999_24:00      475.26       13.39        3.00       17.84        0.36        0.36        0.16        0.10        2.70        7.25        0.15        0.27        7.25        9.62        0.00       20.32        1.98        8.90      195.48        0.02        0.13       78.59       13.09       17.50        1.35      122.82       23.90        1.76        0.00       19.60        9.39       23.87       17.46        0.00       60.75        0.00        0.00        1.31        6.29       12.32        0.00        0.00        0.00        0.00        0.02        0.00       81.50        3.41        3.37        0.25        0.00        0.00       36.08        0.00        0.00        0.00        6.50        0.00
    10/31/1999_24:00      387.25       12.48        4.64       20.36        0.67        0.67        0.40        0.64        3.19        8.28        0.24        1.04        7.42       10.66        0.00        5.99        2.31        8.02      189.45        0.48        1.14       76.87        5.48        6.03        1.37      147.63       14.30        1.80        0.00       20.29        6.37       25.67       26.08        0.00       52.43        0.00        0.00        6.03        7.14        8.15        0.00        0.00        0.00        0.00        0.01        0.00       18.25        2.63        2.27        0.20        0.00        0.00       19.61        0.00        0.00        0.00        8.51        0.00
    11/30/1999_24:00      381.72       12.89       16.01       23.39        2.60        2.60        2.78        2.17        5.03       10.80        1.10        4.00        9.76        3.15        0.62        2.15        3.87       12.06      144.78        0.59        2.15       64.26        0.87        2.41        2.56      140.25        4.22        4.38        0.00       19.63        1.44       22.33       20.12        0.00       15.62        0.33        0.27        0.01        0.00        5.21        0.00        0.00        0.00        0.00        0.02        0.00        8.66        1.20        0.85        0.12        0.15        0.00       10.71        0.00        0.00        0.00        5.17        0.04
    12/31/1999_24:00      427.59       13.04       13.83       21.54        3.50        3.50        3.84        3.56        5.37        9.51        1.05        5.74        8.24        1.90        0.72        2.06        4.01       11.52      196.44        0.09        2.34       64.60        0.91        1.36        1.75      140.75        3.67        4.36        0.00       20.25        1.59       21.32       20.63        0.00       15.77        1.15        0.92        0.03        0.00        5.17        0.00        0.00        0.00        0.00        0.03        0.00        9.27        0.80        0.87        0.12        0.23        1.26       15.29        0.00        0.00        0.00        0.00        1.85
    01/31/2000_24:00      476.90       16.88       87.92       35.40       15.12       15.12       16.49        8.83       12.46       20.93        5.47       21.56       22.68       11.97        3.89       11.07       11.86       26.75      181.23        5.41        6.84      106.84       12.11       17.42        3.74      227.44        4.15       48.14        3.83       22.54        2.35       19.74       19.93        0.03       15.89       10.90        8.72        0.01        0.00        5.89        0.00        0.00        0.00        0.11        0.16        0.00       11.46        0.81        0.73        7.72        0.41        1.30       18.46        0.00        0.00        0.00        0.00        0.00
    02/29/2000_24:00     1632.44       36.57      143.50       53.04       68.01       68.01       75.91       23.69       30.97       48.65       29.47       88.97       66.49      117.88       16.67       55.46       37.64       83.63      422.69       12.34       25.20      292.08      180.35       95.23       62.67      579.81        4.19      148.40       13.44       86.32       71.91       80.82      131.38        6.65       88.29       73.17       58.54        0.03        1.64        7.06        2.33        0.07        0.04        0.43        1.40        2.33        4.41       26.97        7.30       14.83        1.60        3.96       20.25        0.00        0.00        1.90        1.97        0.00
    03/31/2000_24:00     1379.17       25.27       90.27       47.56       50.44       50.44       49.55        8.92       18.21       32.77       18.07       64.83       40.08       57.06       11.17       31.79       19.19       67.94      621.87        2.47       15.55      331.19       99.95       95.70      110.64      345.13       38.66       78.40        6.73      105.06       41.11      121.32      282.97        1.45      131.77       28.90       23.12       11.45       16.57       57.42        0.49        0.05        0.03        0.24        0.56        0.49       28.48       45.62        9.69        6.18        2.23        5.90       30.26        0.00        3.86        0.00        3.06       41.50
    04/30/2000_24:00      466.57       16.69       33.72       35.15       23.75       23.75       21.42        3.40       11.15       24.94       17.52       40.71       23.95       17.59        6.17       17.57        8.19       37.85      286.73        0.19        4.69      180.12       41.88       20.34       10.18      261.05       21.19       39.27        2.98       30.44        6.07       68.49       92.11        0.23      105.86        5.17        4.14        0.02        6.93        8.20        0.07        0.00        0.00        0.10        0.28        0.07       94.93       18.27        1.93        2.87        0.94        1.38       46.32        0.00        1.98        0.00        3.09        1.36
    05/31/2000_24:00      672.06       12.45       16.97       31.58       11.75       11.75       12.99        1.10        7.92       23.88        5.88       26.36       15.27       12.27        2.95       48.12        3.69       23.82      224.11        0.03        1.05      142.37       37.16       45.71        1.61      222.71       29.79       32.39        2.32       41.89        8.12       92.05       71.57        0.00      103.79        2.27        1.82        2.02        9.63        8.08        0.00        0.00        0.00        0.06        0.12        0.00      251.00       59.37        2.95        1.77        0.48        0.69       50.17        0.00        0.00        0.00        7.42       24.36
    06/30/2000_24:00      761.06        6.33        6.29       23.73        3.55        3.55        5.05        0.34        4.27       17.21        1.76        6.97        9.34       11.39        0.97       59.29        2.14       15.81      302.08        0.03        0.38      105.39       30.54       45.24        1.00      156.50       41.50        8.66        0.05       44.77       11.31       53.12       20.21        0.00      110.80        0.11        0.09        9.54       11.33       27.91        0.00        0.03        0.01        0.02        0.00        0.00      377.94       83.25       18.09        0.42        0.14        0.04       81.99        0.00        0.11        9.00        5.10        1.69
    07/31/2000_24:00      926.62        3.57        3.19       18.27        1.30        1.30        1.29        0.05        2.56        9.94        0.78        1.60        7.72       10.38        0.18       55.24        1.88       10.35      482.43        0.03        0.22      103.53       30.06       35.45        1.18      200.51       41.17        3.28        0.00       37.76       11.70       18.50       25.90        0.00      116.58        0.00        0.00       15.42       12.16       13.66        0.00        0.00        0.00        0.00        0.00        0.00      400.18       83.26       35.08        0.01        0.00        0.00       83.86        0.00        0.00        0.00        5.28        0.00
    08/31/2000_24:00      712.03        3.36        1.59       15.37        0.43        0.43        0.27        0.03        2.37        7.40        0.34        0.37        6.24        9.21        0.00       66.19        1.58        9.59      380.17        0.03        0.13      104.08       28.41       29.75        0.64      110.49       34.03        1.49        0.00       24.21       11.64       18.50       37.08        0.00      101.27        0.00        0.00       16.05        9.73       15.13        0.00        0.00        0.00        0.00        0.00        0.00      232.38       36.49       19.39        0.03        0.00        0.00       58.00        0.00        0.00        0.00        4.73        0.00
    09/30/2000_24:00      445.86        3.42        3.39       15.26        0.50        0.50        0.24        0.09        2.48        6.87        0.33        0.37        6.02        8.58        0.00       28.97        1.58        8.79      216.39        0.02        0.13       66.42        9.86       16.89        0.80       87.06       21.16        2.04        0.00       21.73        8.61       17.92       28.14        0.00       64.44        0.00        0.00        4.73        5.90       14.69        0.00        0.00        0.00        0.00        0.00        0.00       58.56        2.34        3.20        0.15        0.00        0.00       26.87        0.00        0.00        0.00        1.61        0.00
    10/31/2000_24:00      371.57        7.96        7.73       18.72        1.51        1.51        1.37        0.62        2.55        7.65        0.48        2.75        7.18        7.50        0.00       44.52        2.12        9.16      164.56        0.75        1.15       70.98        7.47        7.66        3.93      119.22       10.41        3.34        0.00       20.47        5.32       29.87       25.30        0.00       60.92        0.07        0.06        8.62        3.83       12.17        0.00        0.00        0.00        0.00        0.00        0.00       37.01        1.82        2.65        1.74        0.00        0.00       19.78        0.00        0.00        0.00        0.04        0.00
    11/30/2000_24:00      349.23        7.60        8.39       17.72        1.58        1.58        1.64        1.57        3.18        7.67        0.61        3.07        6.96        1.80        0.29       12.07        2.69        7.52      145.15        0.00        1.21       63.73        0.87        1.09        1.07      122.46        5.34        3.63        0.00       19.93        2.21       22.31       20.64        0.00       30.77        1.04        0.83        0.01        0.13       10.18        0.00        0.00        0.00        0.00        0.00        0.00        7.06        6.71        1.51        1.37        0.17        0.00       11.59        0.00        0.10        0.00        0.50        0.00
    12/31/2000_24:00      321.64       10.45       16.65       18.79        2.32        2.32        2.40        2.22        3.68        7.93        0.73        3.92        7.64        2.80        0.39        3.20        3.26        8.52      149.47        0.07        1.55       64.54        0.86        0.99        1.07      144.37        4.89        4.63        0.00       20.43        2.23       22.26       20.54        0.00       19.47        0.00        0.00        0.00        0.98       10.50        0.00        0.00        0.00        0.00        0.00        0.00        6.22        8.42        0.78        0.50        0.51        0.00       15.55        0.00        3.09        0.00        0.38        0.00
    01/31/2001_24:00      266.98       11.69       33.61       21.54        8.10        8.10        8.36        3.68        5.55       11.08        3.75       13.72       10.87        3.18        2.25        6.40        5.19       10.75      121.33        0.71        2.13       60.27        0.86        7.40        5.17      124.27        5.17        8.60        0.04       20.33        2.65       18.94       20.01        0.00       16.44        2.68        2.14        0.01        0.00        8.84        0.00        0.00        0.00        0.09        0.15        0.00        6.33        0.95        0.27        0.92        1.83        0.12       12.84        0.00        0.00        0.00        0.00        0.00
    02/28/2001_24:00      196.77       17.38       51.33       23.64       21.00       21.00       22.53        6.40        9.62       18.66       10.00       32.33       22.20        4.92        4.67       13.30       10.73       23.56       97.23        1.98        5.55       52.72        0.67       28.28       23.56       83.70        4.20       19.48        1.09       18.41        2.24       16.28       70.70        1.06       14.46        6.92        5.54        0.00        3.35        5.54        0.39        0.00        0.00        0.33        0.42        0.39        5.81        0.12        0.07        2.35        1.37        0.89       16.28        0.00        0.00        0.00        0.00        0.00
    03/31/2001_24:00      287.76       14.45       36.27       26.82       34.43       34.43       32.52        5.10        9.99       21.06       23.93       54.18       24.21       66.67       13.92       39.60       10.91       33.71      111.47        0.25        6.11       49.68        0.83       34.71       32.54       92.79        8.82       28.22        1.92       20.30        2.31       17.04       37.83        2.18       27.23       13.02       10.42        7.13        0.40        5.68        0.78        0.90        0.47        1.93        3.29        0.78       21.73        9.05        0.22        4.20        0.70        1.01       25.29        0.00        0.00        2.10        6.12        0.00
    04/30/2001_24:00      375.35        9.96       16.38       20.34        8.12        8.12        6.87        1.78        5.88       15.07        5.45       16.37       15.07        5.91        2.23        9.69        4.98       23.31       81.28        0.18        3.16       59.67        3.77        6.54        2.58       94.79       19.43       27.69        1.87       16.84        7.90       55.01       33.19        0.02       78.72        2.05        1.64        6.90        4.65        7.08        0.00        0.01        0.00        0.20        0.25        0.00       24.37        3.13        1.76        1.97        1.23        1.20       28.64        0.00        0.00        1.20        0.00        0.00
    05/31/2001_24:00      603.81        9.01        7.11       21.17        4.39        4.39        4.58        0.56        4.56       16.59        2.44       12.05        9.50       24.22        1.25      109.46        2.09       18.17      117.40        0.02        1.22       61.93       16.80       16.76        1.21      109.14       37.34       16.49        0.80       25.79       11.15       71.14       43.42        0.00      125.62        0.26        0.21        0.66        7.49        9.21        0.00        0.01        0.00        0.06        0.04        0.00      132.15       59.16        6.64        1.21        0.20        0.25       42.51        0.00        4.37        3.30        0.00        0.00
    06/30/2001_24:00      812.23        8.34        1.84       15.40        1.57        1.57        1.88        0.11        1.66        8.27        0.63        3.69        6.06        7.96        0.60       57.36        1.22       11.40      137.84        0.03        0.27       59.14       14.67       13.41        0.28      148.88       37.73        2.67        0.00       22.46       12.24       30.44        3.21        0.00      107.94        0.00        0.00       17.58        9.94       15.86        0.00        0.01        0.00        0.01        0.00        0.00      373.38       66.85       15.84        0.14        0.00        0.04       72.30        0.00        1.86       11.00        0.00        0.00
    07/31/2001_24:00      916.17        5.05        0.97       13.86        1.00        1.00        1.37        0.05        1.35        6.63        0.26        2.30        5.41        8.08        0.04       55.28        1.06        8.22      124.06        0.03        0.13      125.93       17.44       14.20        0.35      130.54       36.03        0.92        0.00       19.84       12.12       26.66        5.46        0.00      110.92        0.00        0.00       18.89        9.88       13.25        0.00        0.00        0.00        0.00        0.00        0.00      322.61       88.65       18.34        0.09        0.00        0.00       61.23        0.00        1.56        4.20        0.00        0.00
    08/31/2001_24:00      686.20        4.53        0.64       12.17        0.67        0.67        0.64        0.01        1.30        5.59        0.07        0.98        4.65        7.84        0.00       71.50        0.99        7.10      128.28        0.03        0.09      107.78       16.72       16.55        0.94       96.17       33.34        0.35        0.00       15.99       12.10       21.05        6.75        0.00       89.34        0.00        0.00       15.27        5.79       15.03        0.00        0.00        0.00        0.00        0.00        0.00      117.14       11.59        4.60        0.09        0.00        0.00       42.68        0.00        2.61        0.00        0.00        0.00
    09/30/2001_24:00      511.02        6.57        0.91       12.33        0.43        0.43        0.22        0.04        1.58        5.55        0.05        0.40        4.75        7.02        0.00      118.94        1.05        6.13       78.47        0.03        0.06       40.62        5.16        2.43        0.11       90.51       22.93        0.38        0.00       13.23        9.56       15.45        6.68        0.00       44.50        0.00        0.00        7.60        0.00       18.85        0.00        0.00        0.00        0.00        0.00        0.00       27.45        2.86        2.56        0.05        0.00        0.00       22.12        0.00        0.00        0.00        0.00        0.00
    10/31/2001_24:00      371.88       10.91        1.64       13.72        0.55        0.55        0.32        0.40        2.09        5.92        0.12        0.87        5.11        4.89        0.00       37.00        1.46        5.82       93.48        0.03        0.69       49.32        2.39        0.42        0.07       79.01       11.38        0.63        0.00       14.51        3.34       27.51       11.64        0.00       53.39        0.00        0.00        0.00        0.00       11.58        0.00        0.00        0.00        0.00        0.00        0.00        8.71        1.98        2.41        0.02        0.00        0.00       16.28        0.00        0.00        0.00        0.00        1.26
    11/30/2001_24:00      273.06       15.28       25.87       19.29        6.16        6.16        6.61        1.98        4.70       10.78        3.00       10.19       10.31        2.89        1.67        6.84        3.99       13.45       86.47        0.85        2.35       47.00        0.83       10.02        3.47       57.43        4.28        3.43        0.00       13.58        3.48       21.12       10.92        0.00       29.29        0.15        0.12        0.00        0.00        7.12        0.00        0.00        0.00        0.00        0.00        0.00        6.17        0.95        0.70        0.13        0.00        0.00       12.94        0.00        0.00        0.00        0.00        0.00
    12/31/2001_24:00      239.62       28.67      131.78       36.82       37.25       37.25       41.22        9.28       13.62       24.76       18.16       52.57       28.00       81.92       15.20       43.26       13.98       35.93       80.86        2.80        8.86       69.39        0.81       70.66       56.16       88.42        5.16       18.45        0.99       13.94        2.60       20.66       10.85        0.76       25.01       12.46        9.97        0.01        0.00        6.83        0.28        0.00        0.00        0.00        0.05        0.28        8.11       15.94        4.87        4.12        1.97        0.00       17.63        0.00        0.00        0.00        0.00        0.00
    01/31/2002_24:00      431.46       25.27       73.18       38.71       50.64       50.64       52.88       10.86       14.70       24.89       26.01       67.77       29.53      156.50       18.09       64.88       15.73       41.26       81.17        3.89        9.92      119.22       17.74       95.92      106.47       90.39        4.64       32.77        2.36       13.91        1.78       19.03       10.85        1.32       15.38        9.97        7.98        0.01        0.00        5.83        0.46        0.00        0.00        0.03        0.10        0.46        5.88       24.39       13.19        2.78        1.49        1.30       23.07        0.00        0.00        0.00        0.00        0.00
    02/28/2002_24:00      234.42       15.80       51.29       26.80       18.86       18.86       17.60        5.45        7.83       13.42        5.63       26.68       14.91        3.47        4.36       12.40        7.61       23.79       72.75        0.57        4.54      102.14       25.65       11.71       10.13       83.70        3.72       31.50        2.24       12.52        1.26       27.25        9.52        0.04       13.60        3.68        2.95        0.00        0.00        5.26        0.00        0.00        0.00        0.03        0.03        0.00       33.36       20.24        0.31        1.86        0.24        1.47       18.83        0.13        0.00        0.00        0.00        0.00
    03/31/2002_24:00      342.42       14.49       37.76       27.14       14.26       14.26       12.62        5.20       10.81       20.61        5.10       24.98       23.34        3.19        3.30        9.41       10.62       32.45       81.27        1.39        5.40      155.21       65.87       13.01        6.83      179.91        4.87       52.50        4.25       14.80        0.82       31.05       10.16        0.05       32.56        4.87        3.90        0.00        0.00        8.09        0.00        0.00        0.00        0.03        0.03        0.00       62.57        2.40        0.78        2.38        2.32        3.45       25.35        0.00        0.00        0.00        1.70        0.00
    04/30/2002_24:00      326.56       11.54       24.35       27.39        8.47        8.47        8.64        2.98        9.81       23.26        4.45       19.22       22.31       19.18        1.93       15.87        7.24       26.15       78.43        0.02        2.54      135.40       33.49        7.17        1.35      219.15       19.35       33.62        2.44       19.37        6.32       59.56       39.58        0.00       77.77        1.64        1.31        0.00        0.00       10.09        0.00        0.00        0.00        0.01        0.02        0.00       96.30        6.42        1.88        0.97        0.95        2.20       28.03        0.00        0.00        0.00        2.29        0.00
    05/31/2002_24:00      582.66       10.22       15.70       25.15        4.43        4.43        5.43        0.78        5.86       18.99        2.04        9.76       11.35       15.39        0.94       24.04        2.55       16.47      100.40        0.11        0.62      136.28       27.13       31.79        0.99      165.34       29.71       19.57        1.09       26.98        8.09       55.84       25.75        0.00      111.60        0.00        0.00        0.00        1.11       11.42        0.00        0.00        0.00        0.00        0.00        0.00      195.35       36.41        7.12        0.94        0.74        0.76       36.13        1.55        2.19        0.00        0.00        0.00
    06/30/2002_24:00      771.17        9.41        4.75       19.56        1.69        1.69        2.26        0.24        3.28       14.23        0.70        3.14        6.74        7.97        0.12       18.86        1.44       11.63      225.70        0.03        0.25      124.83       30.92       30.90        0.34      162.45       38.63        6.14        0.00       28.84       10.42       28.59        5.80        0.00      101.57        0.00        0.00        7.46       10.16       11.27        0.00        0.03        0.01        0.00        0.00        0.00      359.86       81.09       10.98        0.09        0.01        0.00       55.23       23.86        3.71        0.00        0.62        0.00
    07/31/2002_24:00      897.72        4.93        1.28       13.95        0.66        0.66        0.69        0.04        1.84        7.70        0.24        0.87        5.05        8.80        0.19       25.34        1.15        7.70      367.93        0.03        0.14      130.81       30.41       27.12        0.18      205.49       40.61        1.37        0.00       20.32       11.67       25.78        5.39        0.00      107.36        0.00        0.00        9.87        8.28       13.74        0.00        0.00        0.00        0.00        0.00        0.00      344.57       81.63       16.57        0.02        0.00        0.00       57.52       16.97        1.68        0.00        1.42        0.00
    08/31/2002_24:00      678.21        5.01        0.80       12.19        0.43        0.43        0.26        0.01        1.83        6.14        0.06        0.39        4.73        7.83        0.05       12.78        1.12        7.24      301.01        0.03        0.09      103.76       28.41       23.43        0.34      119.96       34.17        0.47        0.00       17.49       10.63       13.88        5.28        0.00       82.58        0.00        0.00        5.58        4.92       11.74        0.00        0.00        0.00        0.00        0.00        0.00      125.60       23.32       10.84        0.04        0.00        0.00       36.04       17.17        0.46        0.00        0.80        0.00
    09/30/2002_24:00      466.33       10.28        0.83       11.83        0.41        0.41        0.19        0.06        1.75        5.19        0.03        0.32        4.64        6.86        0.00        4.83        1.14        5.97      226.07        0.02        0.07       38.93       10.95       14.71        0.23       87.53       25.14        0.34        0.00       15.04        8.10       11.79        4.05        0.00       50.94        0.00        0.00        0.00        0.72       11.06        0.00        0.00        0.00        0.00        0.00        0.00       16.00        2.59        3.56        0.06        0.00        0.00       16.76        0.00        0.00        0.00        0.86        0.00
    10/31/2002_24:00      438.84       12.70        1.17       12.85        0.64        0.64        0.39        0.43        2.12        5.26        0.10        0.97        4.93        5.10        0.00       10.49        1.58        5.10      149.03        0.02        0.79       54.12        3.79        0.47        0.71       91.49       14.71        0.54        0.00       13.25        3.64       20.86       12.39        0.00       43.69        0.00        0.00        0.00        0.00        9.95        0.00        0.00        0.00        0.00        0.00        0.00        9.13        2.01        2.21        0.02        0.00        0.00       13.65        0.00        0.00        0.00        0.00        0.00
    11/30/2002_24:00      357.20       12.42        4.63       14.72        1.33        1.33        1.33        0.78        3.26        7.45        0.58        1.87        7.12        1.79        0.30        1.02        2.55        8.17      126.44        2.10        1.33       53.61        0.70        2.22        0.31       97.05        5.79        3.46        0.00        0.00        2.30       17.00       11.38        0.00       14.79        0.15        0.12        0.00        0.00        8.09        0.00        0.00        0.00        0.00        0.00        0.00        6.33       45.99       18.38        2.02        0.92        0.00       18.13        0.00        0.00        0.00        0.00        0.00
    12/31/2002_24:00      379.99       34.91      106.57       44.93       54.22       54.22       60.68       16.30       25.30       43.60       34.40       74.40       56.72       85.08       41.55      118.26       29.46       60.29      121.57       10.91       17.42      114.34        0.73      104.48       96.49      105.88        6.24       14.99        0.66        0.00        2.71       16.62       11.51        4.91       13.28       11.83        9.46        0.00        0.00        7.14        1.73        0.08        0.04        0.07        0.18        1.73        5.64       14.45        8.03        1.72        1.18        1.29       21.83        0.00        0.00        0.00        1.55        0.18
    01/31/2003_24:00      886.65       29.29      114.28       58.90       52.85       52.85       58.43       21.10       26.08       38.87       23.17       66.99       45.12      146.37       17.27       49.15       27.09       67.08       99.23        1.41       21.28      131.84       24.57      143.81      129.99      163.25        4.78       16.79        0.83        8.98        2.55       18.34       11.33        1.17       12.39        3.61        2.89        0.00        0.00        6.54        0.42        0.01        0.00        0.00        0.02        0.42        6.88       16.44        6.25        1.31        0.50        3.98       26.06        0.00        0.00        0.00        0.00        0.00
    02/28/2003_24:00      553.10       14.82       43.01       31.62       16.17       16.17       16.11       10.34       13.64       19.96        6.22       20.33       21.45        7.40        4.41       16.78       12.80       31.06      281.46        0.46        8.08      127.50       42.75       19.24       14.20      237.14       13.68       14.23        0.58       14.03        1.98       30.73       10.29        0.21       13.70        1.19        0.95        0.00        0.00        5.68        0.07        0.03        0.02        0.00        0.02        0.07        5.25       23.89        0.49        1.38        0.40        3.30       19.11        0.00        0.00        0.00        0.00        0.00
    03/31/2003_24:00      273.93       17.55       58.76       41.16       17.40       17.40       16.52       12.02       18.94       30.10       10.08       22.09       39.55        2.01        6.26       17.82       22.35       43.79       89.02        0.64       11.00      150.42       46.40       46.22       38.17      127.40       24.44       20.90        1.22       17.09        2.16       28.97       11.17        0.25       42.13        1.41        1.13        0.00        0.00        6.55        0.07        0.00        0.00        0.05        0.14        0.07       24.87        0.97        0.57        2.45        0.99        4.67       23.29        0.00        0.00        0.00        3.11        0.00
    04/30/2003_24:00      459.37       28.80       61.75       45.52       22.12       22.12       20.69        8.14       20.33       37.71       10.00       32.59       46.06       30.81        5.45       16.90       20.75       66.88       69.62        1.91       14.53      152.85       64.19      101.38       76.46      124.84       27.54       60.81        5.05       17.96        4.10       49.45       40.78        0.03       64.68        2.46        1.96        0.00        0.00        8.44        0.00        0.00        0.00        0.04        0.02        0.00       42.12        2.17        1.20        1.45        0.92        4.77       23.87        0.00        0.00        4.64        0.21        0.83
    05/31/2003_24:00     1007.17       36.42       53.23       53.50       27.82       27.82       27.36        2.65       15.00       39.26       12.48       53.47       43.94       48.46        6.47       27.54       12.43       59.08      163.43        0.29        5.34      332.54       61.73       73.15       49.47      340.89       46.23       66.53        5.59       31.64        8.13       48.27       29.32        0.03      103.85        1.45        1.16        0.00        0.00       10.23        0.00        0.00        0.00        0.35        0.20        0.00      127.58       97.72        7.08        1.77        2.33        5.09       41.70        0.00        0.00       13.32        2.82       12.51
    06/30/2003_24:00      775.34        9.68       10.52       34.43        5.39        5.39        7.32        0.60        7.44       27.82        2.38       10.01       13.25        9.10        1.03       48.84        3.24       23.41      224.86        0.03        0.63      232.91       27.57       31.49        2.60      251.17       34.97       12.46        0.41       65.75       11.92       70.75       13.94        0.00      105.50        0.00        0.00        5.20        2.35       19.26        0.00        0.00        0.00        0.02        0.00        0.00      392.42      114.76       17.68        0.89        0.14        0.41       77.86       14.49        0.00        1.39       10.20        0.87
    07/31/2003_24:00      859.60        5.87        3.57       21.02        1.37        1.37        1.36        0.09        3.75       13.36        0.79        1.63        8.89        9.95        0.07       51.94        2.33       11.04      582.08        0.04        0.18      167.34       28.76       35.38        0.69      208.14       39.71        2.34        0.00       54.95       13.45       25.20       14.97        0.00      109.63        0.00        0.00        7.00       10.86       14.68        0.00        0.00        0.00        0.00        0.00        0.00      402.76       89.05       38.69        0.53        0.00        0.00       82.31       29.29        0.00        0.00       12.83        0.00
    08/31/2003_24:00      643.78        5.88        2.65       16.32        0.58        0.58        0.33        0.05        3.05        8.67        0.41        0.47        7.02       12.47        0.00       39.30        1.89        9.51      389.36        0.03        0.12      158.54       25.61       27.72        0.81      170.63       31.29        1.25        0.00       39.72       12.46       17.89       14.53        0.00       87.07        0.00        0.00        0.01        8.98       12.48        0.00        0.00        0.00        0.00        0.00        0.00      193.73       12.39       19.41        0.10        0.00        0.00       67.42       29.51        0.00        0.00        7.72        0.00
    09/30/2003_24:00      466.93       10.43        1.90       14.74        0.38        0.38        0.18        0.10        2.66        6.89        0.17        0.28        5.86       19.25        0.00       13.34        1.62        7.65      241.97        0.02        0.11       48.58        9.31       15.57        0.83      106.69       24.50        0.52        0.00       21.80        8.94       15.23       14.89        0.00       52.67        0.00        0.00        0.00        5.11       12.48        0.00        0.00        0.00        0.00        0.00        0.00       86.50        6.20        5.02        0.02        0.00        0.00       37.47        3.16        0.00        0.00        0.41        0.00
    10/31/2003_24:00      422.60       12.93        2.49       15.46        0.67        0.67        0.40        0.52        2.63        6.88        0.20        1.01        6.03       12.81        0.00       11.36        1.84        6.21      159.78        0.02        0.87       56.90        4.99        9.31        0.21      119.47       12.74        0.52        0.00       20.92        7.17       28.51       18.24        0.00       91.19        0.00        0.00        0.00        2.58       10.91        0.00        0.00        0.00        0.00        0.00        0.00       50.43        2.56        3.51        0.02        0.00        0.00       28.84        0.68        0.00        0.00        0.00        0.00
    11/30/2003_24:00      342.68       12.97        8.62       16.85        1.42        1.42        1.45        1.43        3.74        8.21        1.09        2.01        7.45        1.78        0.45        3.76        2.88        8.00      153.71        0.45        1.36       54.63        0.86        1.64        1.52      119.78        4.61        1.89        0.00       19.71        1.81       15.04       13.72        0.00       21.21        0.00        0.00        0.00        0.00        7.16        0.00        0.00        0.00        0.00        0.00        0.00        8.69        0.77        0.46        0.05        0.00        0.00       12.19        0.00        0.00        0.00        6.00        0.00
    12/31/2003_24:00      512.56       20.97      102.46       37.01       32.05       32.05       35.14        8.69       13.47       24.31       15.75       45.97       25.70      111.39       13.29       43.78       12.41       32.87      159.10        1.47        8.13      102.68        6.79       65.91       41.46      122.30        3.92       12.38        0.41       20.20        3.41       15.50       13.91        0.00       19.18        3.05        2.44        0.00        0.00        6.47        0.00        0.00        0.00        0.00        0.00        0.00       18.80        6.90        0.35        1.96        0.69        0.00       16.71        0.00        0.00        0.00        7.38        0.00
    01/31/2004_24:00      467.80       20.68       74.69       30.29       30.50       30.50       35.23        9.51       12.46       19.98       12.58       39.14       22.91       66.64        8.70       36.08       12.96       31.24      132.71        1.36        8.60      149.03       17.87       88.09       87.15      155.93        4.78       17.81        0.93       20.40        3.44       14.51       13.70        0.30       18.60        5.10        4.08        0.00        0.00        5.96        0.11        0.00        0.00        0.00        0.00        0.11        9.67       14.12        6.79        1.14        0.28        0.00       18.60        0.00        0.00        0.00        0.39        0.00
    02/29/2004_24:00     1274.66       33.80      155.44       62.35       75.70       75.70       79.00       21.32       29.09       46.04       33.68       95.71       62.47      188.39       25.35       77.00       35.03       78.40      314.50        3.97       21.92      174.85       69.45      214.36      179.67      204.66      157.61       42.21        3.26       19.01        3.08       21.28       12.66        2.97       17.07       20.27       16.22        0.01        0.00        5.64        1.06        0.04        0.02        0.15        0.16        1.06        5.98        0.36        0.04        2.82        1.21        0.58       16.51        0.27        0.00        0.00        3.94        0.00
    03/31/2004_24:00      963.51       20.14       54.54       44.61       38.77       38.77       35.71        7.21       15.46       28.23       16.23       59.36       39.98       29.11       11.00       31.31       18.00       42.33      388.06        0.38        8.82      169.61       51.40      118.31      150.26      209.18       99.43       45.61        3.59       20.40        2.00       13.11       67.51        0.30       30.60        8.48        6.79        0.01        0.00        8.66        0.11        0.00        0.00        0.01        0.00        0.11       33.79        8.86        1.13        1.64        0.59        0.62       32.82        0.00        0.00        0.00       15.64        0.00
    04/30/2004_24:00      508.76       15.20       27.51       32.13       10.92       10.92       11.71        3.12       10.13       22.47        5.96       24.52       23.00       21.04        2.80       14.63        6.81       28.33      359.06        0.02        3.00      132.01       25.02       22.13        2.67      253.73       29.85       23.97        1.52       25.84        8.21       35.75       60.10        0.00       91.99        0.33        0.27        0.00        0.00       10.90        0.00        0.00        0.00        0.02        0.00        0.00       99.41       14.65        1.90        0.74        0.22        0.11       49.46        3.75        0.00        0.00        0.00        0.00
    05/31/2004_24:00      613.03       14.48       15.67       29.80        5.87        5.87        7.55        1.15        8.20       24.43        2.68       11.90       13.29       16.04        1.43        5.17        3.16       25.55      128.97        0.02        1.00      149.42       24.16       33.21        1.11      127.40       34.53       10.55        0.23       46.39        9.78       47.44       25.30        0.00      129.12        0.00        0.00        0.00        3.23       11.88        0.00        0.00        0.00        0.00        0.00        0.00      127.57       10.89        1.51        0.43        0.03        0.00       50.51        7.68        0.00        0.00        1.96        0.00
    06/30/2004_24:00      867.57       10.25        6.05       21.87        2.19        2.19        2.70        0.36        4.50       18.09        0.90        3.32        7.50        8.04        0.42        5.16        1.74       15.67      248.88        0.03        0.38      116.22       26.84       33.59        0.50      132.69       38.70        2.76        0.00       29.93       10.68       42.15        7.56        0.00      101.99        0.00        0.00        6.49        7.41       12.98        0.00        0.00        0.00        0.00        0.00        0.00      372.20       73.69        8.37        0.00        0.00        0.00       71.40       22.28        0.83        6.17        0.43        0.00
    07/31/2004_24:00      956.13        5.09        2.05       16.81        0.67        0.67        0.58        0.06        2.74       10.60        0.30        0.65        6.32        9.05        0.00       14.93        1.57        9.97      451.62        0.03        0.21      125.21       22.85       28.12        1.02      192.64       40.96        0.90        0.00       21.40       11.57       29.69        6.62        0.00      110.92        0.00        0.00       13.54        7.20       12.33        0.00        0.00        0.00        0.00        0.00        0.00      302.60       72.50       14.32        0.01        0.00        0.00       61.60       22.65        0.00        0.88        2.34        0.00
    08/31/2004_24:00      684.36        4.88        1.27       13.54        0.42        0.42        0.23        0.03        2.50        7.67        0.09        0.33        5.58        8.53        0.00       27.13        1.43        9.02      381.14        0.03        0.11      100.73       17.15       27.89        0.22      109.94       33.18        0.36        0.00       20.49       10.96       18.35        6.54        0.00       86.02        0.00        0.00        0.44        4.25       12.45        0.00        0.00        0.00        0.00        0.00        0.00      106.00       21.10       10.46        0.00        0.00        0.00       49.01        1.56        0.80        0.00        0.00        0.00
    09/30/2004_24:00      520.54        8.52        1.39       13.28        0.33        0.33        0.15        0.09        2.29        6.26        0.07        0.24        5.55        7.06        0.00        6.61        1.47        6.80      199.24        0.02        0.10       46.50        6.27       19.58        0.17       84.44       22.92        0.32        0.00       15.85        8.47       10.97        6.55        0.00       53.79        0.00        0.00        0.00        0.00       11.22        0.00        0.00        0.00        0.00        0.00        0.00       21.40        2.41        2.92        0.05        0.00        0.00       27.10        0.00        0.00        0.00        0.62        0.00
    10/31/2004_24:00      445.72       13.47        7.03       15.97        0.83        0.83        0.49        0.64        3.14        8.30        0.49        1.26        7.88        3.56        0.13       10.39        2.51        8.87      150.70        0.96        1.34       63.80        1.17        4.22        1.16       80.12        9.49        2.76        0.00       16.39        2.73       19.42       12.86        0.00       33.49        2.98        2.38        0.00        0.00       10.08        0.00        0.00        0.00        0.00        0.00        0.00       11.51        1.51        1.19        0.15        0.00        0.00       14.70        0.00        0.00        0.00        0.00        0.00
    11/30/2004_24:00      278.84       13.64        6.35       16.10        1.47        1.47        1.61        1.54        3.46        7.81        0.78        2.16        6.83        2.45        0.41        2.08        2.64        8.15      128.90        0.13        1.42       51.52        0.68        2.45        0.75       91.64        3.86        4.29        0.00       15.30        3.13       16.65       11.05        0.00       15.01        3.16        2.53        0.00        0.00        7.90        0.00        0.00        0.00        0.00        0.00        0.00        6.10        7.72        0.17        0.12        0.00        0.00       13.95        0.00        0.00        0.00        0.00        0.30
    12/31/2004_24:00      261.63       19.26       50.31       23.87       26.42       26.42       28.87        5.76        8.80       16.25       15.68       38.55       18.23       53.82       10.50       29.88        8.78       19.58      116.17        3.88        4.52       67.28        0.68       31.68       22.90       98.07        4.41       17.19        0.87       15.77        3.34       17.30       10.93        0.89       15.70       12.42        9.94        0.00        0.00        6.94        0.32        0.72        0.38        1.37        1.66        0.32        7.36        7.31        0.99        7.19        0.16        0.00       15.77        0.00        0.00        0.00        0.23        0.28
    01/31/2005_24:00      245.15       18.21       50.13       26.28       27.67       27.67       31.64        8.55       11.53       19.52       15.10       36.07       23.47      103.76       15.70       44.68       12.86       28.01      114.77        3.41        7.50       89.95        4.25       50.67       49.45       88.30        4.88       71.88        6.11       16.92        3.64       14.26       11.47        6.36       17.06       79.09       63.27        0.04        0.00        7.15        2.26        1.02        0.54        2.05        1.88        2.26        3.99       53.95       28.27       12.28        2.40        0.73       31.68        0.00        0.00        0.00       10.51        9.75
    02/28/2005_24:00      211.38       15.19       32.68       20.95       17.82       17.82       19.98        5.96        7.91       13.06       17.86       22.94       15.13       89.53       15.15       43.13        8.43       22.93      103.96        0.45        5.96       66.00       37.70       30.29       25.98      208.38        4.77       47.18        3.74       35.81        2.64       12.37      101.24        7.79       15.06       26.60       21.28        0.03        5.82        7.60        2.75        0.82        0.43        2.35        2.94        2.75        5.67       12.04        4.73        9.78        0.50        0.44       31.89        0.00        0.00       17.60       28.44       40.85
    03/31/2005_24:00      240.42       24.16       60.43       27.59       34.39       34.39       36.81        9.16       12.96       21.48       22.78       43.77       30.69       89.67       16.02       47.18       16.72       42.70      115.68        2.00       11.00      126.82       88.25       89.12       67.08      391.98       40.37      121.32       10.84       74.55       32.23       17.62      238.26        3.29       70.34       53.20       42.56        0.88       20.13       17.64        1.17        0.29        0.16        1.04        2.15        1.17       33.46       22.89       15.16       10.37        1.37        2.65       33.56        0.00        0.00       23.48       27.99       36.04
    04/30/2005_24:00      243.19       17.56       38.15       27.41       18.64       18.64       17.63        5.22       10.31       18.70       12.56       23.95       24.68       47.74        7.46       22.10       12.33       35.11       72.54        0.08        8.07      140.33       54.31       51.86       43.91      245.87       45.27       84.20        7.29       96.11        9.70       21.67      269.20        0.61      193.39        4.54        3.63        6.83       11.19       91.40        0.21        0.01        0.00        0.46        0.93        0.21      124.32       44.98       25.50        3.91        1.01        3.92       36.47        1.41        0.00       15.03       25.67       46.46
    05/31/2005_24:00      901.41       24.21      116.84       48.61       44.61       44.61       41.47        4.24       15.06       36.64       26.90       71.75       38.23       76.10       12.03       34.24       12.52       52.91      130.26        0.66        8.68      498.88       77.47       51.09       18.57      564.95       30.23       97.64        8.57      127.89        6.09       90.51      299.32        0.21      222.89        5.43        4.34        3.56        7.14      310.64        0.07        0.01        0.00        0.39        0.50        0.07      408.00       88.66       31.64        3.79        2.20        4.71       80.66        6.97        1.59        6.64        2.97       65.79
    06/30/2005_24:00      720.00       12.59       15.07       27.48        9.36        9.36       11.22        0.66        5.98       21.50        5.82       20.59       13.35       17.51        3.08       62.62        3.06       24.31      209.36        0.06        0.93      236.90       36.39       31.70        2.36      443.66       34.33       31.09        2.20      122.87        9.80       26.22      226.65        0.00      200.05        0.56        0.45        6.99        9.63      187.02        0.00        0.01        0.00        0.14        0.05        0.00      477.24      133.34       29.87        1.80        0.48        0.45      183.83        3.69       11.67        0.99       10.21       11.80
    07/31/2005_24:00      873.12        8.81        4.33       18.97        2.92        2.92        3.77        0.14        3.08       12.76        1.48        4.94        7.53       17.09        0.55       45.50        1.77       14.46      219.47        0.04        0.32      157.90       31.83       32.88        1.30      215.82       40.10        7.34        0.00       77.08       12.39       15.93      117.63        0.00      166.45        0.00        0.00       12.47       12.94       38.28        0.00        0.00        0.00        0.05        0.00        0.00      463.42      119.51       16.22        0.46        0.04        0.01      183.30       27.93        2.67       18.86        4.74        1.37
    08/31/2005_24:00      654.23        7.87        1.93       14.17        0.82        0.82        0.67        0.03        2.11        7.17        0.52        0.79        5.98       19.38        0.00       24.43        1.48       11.91      242.18        0.03        0.19      102.50       27.01       21.09        0.92      195.53       34.64        2.47        0.00       57.71       12.15       15.32       47.53        0.00      142.28        0.00        0.00       12.94        9.73       14.77        0.00        0.00        0.00        0.00        0.00        0.00      329.35      109.81       16.68        0.81        0.00        0.00      134.28       29.77        0.00       18.22       10.84        9.23
    09/30/2005_24:00      517.81        9.97        2.11       14.55        0.50        0.50        0.24        0.08        2.18        6.39        0.38        0.37        5.48       12.56        0.00       53.33        1.40        7.52      260.32        0.02        0.11       50.75        8.89       11.73        1.02      155.66       21.41        1.57        0.00       46.35       10.96       15.26       19.51        0.00       99.97        0.37        0.30        4.57        5.74       14.39        0.00        0.00        0.00        0.00        0.00        0.00      148.77       15.80        2.14        0.14        0.00        0.00       79.32       13.70        0.00        0.00        9.77       12.64
    10/31/2005_24:00      476.47       12.74        3.85       14.79        0.91        0.91        0.55        0.62        2.98        6.97        0.40        1.30        6.00        6.35        0.04       24.94        2.01        7.13      211.90        0.06        1.14       61.21        8.00        6.67        1.51      136.26       10.47        1.81        0.00       20.51        6.61       32.31       28.51        0.00       58.25        1.30        1.04        6.28        6.08       10.91        0.00        0.00        0.00        0.00        0.00        0.00      104.72        4.00        1.26        0.07        0.03        0.00       58.85        0.00        0.00        0.00       16.92        6.44
    11/30/2005_24:00      340.25       13.79       12.50       17.74        1.45        1.45        1.37        0.99        4.51        9.85        0.88        1.96        8.46        3.65        0.61       10.80        2.84       11.65      156.78        0.34        1.87       72.16        0.78        2.49        1.69      126.45        3.71        2.42        0.00       19.59       25.47       23.18       21.97        0.00       17.17        1.97        1.58        0.01        5.46        8.75        0.00        0.00        0.00        0.00        0.00        0.00       23.03        1.07        0.87        0.02        0.01        0.00       33.55        0.00        0.00        0.00       14.20        0.00
    12/31/2005_24:00      480.10       29.34      180.64       70.26       72.95       72.95       82.34       27.58       40.95       66.02       30.47       95.71       74.58      115.77       28.63       81.48       38.46      102.44      766.61       15.95       31.86      473.02       82.78      107.77       64.35      558.62        5.32       88.48        7.70       26.56       11.39       90.08       79.01        0.65       55.69        4.17        3.33        0.01        6.65        6.38        0.21        0.00        0.00        0.00        0.02        0.21       21.79       15.61        1.41        0.72        0.45        0.00       28.17        0.00        0.00        0.00       20.36        0.00
    01/31/2006_24:00     1740.10       26.31      159.08       67.01       47.00       47.00       54.56       25.68       30.64       43.17       18.87       56.86       62.53      208.36       12.77       83.16       39.56       82.70     1127.25        5.24       29.36      592.55      131.10      222.13      254.24      880.50      149.42      109.02        9.66      186.27       68.48      240.85      273.99        2.67      146.22       14.10       11.28        3.97        8.18       25.49        0.95        0.11        0.06        0.61        1.34        0.95       13.32       50.78       20.27       15.36        1.41        0.20       51.81        0.00        2.79        0.00       10.37       24.93
    02/28/2006_24:00      762.53       18.48       89.77       55.45       30.52       30.52       33.58       17.47       22.44       30.98       11.02       36.41       44.09       38.67       12.24       34.85       27.65       57.76      476.54        1.74       17.68      286.36       87.08       59.04       65.30      460.96       46.10       61.09        5.07       70.13        4.29       88.86      131.79        0.18       45.44        3.05        2.44        0.01        0.21        5.28        0.07        0.00        0.00        0.11        0.28        0.07       25.91       20.73        2.83        2.00        0.41        0.17       30.82        0.00        2.92        0.72       22.74        0.00
    03/31/2006_24:00     1571.01       30.31      167.94       71.09       44.78       44.78       46.74       23.30       36.00       53.86       20.83       53.34       83.50      133.80       19.44       55.32       50.19       99.98     1192.85        4.03       29.54      437.84      163.25      285.76      303.89      444.80      197.44      158.45       14.40       52.41       32.70      189.63      260.34        2.07      178.68       37.01       29.61        6.36        5.33       34.40        0.74        0.04        0.02        0.34        0.62        0.74       51.45       25.15       16.16       12.52        2.26        2.75       21.09        0.00        0.00        6.31       18.74        6.69
    04/30/2006_24:00     1741.69       38.00      175.87       97.16       86.47       86.47       81.46       11.16       33.37       64.36       40.68      121.31      101.75      228.43       32.57       92.69       43.95      132.75     1349.31        4.91       24.08      709.86      234.99      295.60      319.89     1134.15      208.38      312.69       29.18      264.29      154.21      267.29      442.47        4.86      261.16       60.41       48.33       67.18       60.23      438.37        1.73        0.50        0.27        0.75        2.49        1.73      365.92       67.33       36.57       19.02        5.93        6.96       46.21        0.00        0.00        0.48        2.21       68.30
    05/31/2006_24:00      774.74       16.59       56.94       69.13       21.43       21.43       25.37        2.33       16.82       46.82       11.65       44.55       48.20       44.14        7.45       60.41       12.62       53.93      665.82        0.02        2.81      620.90       61.01       39.81       33.87      635.78       47.54       96.17        8.43      242.14       12.42      247.24      482.49        0.19      319.74        4.61        3.69        8.25       10.61      409.45        0.07        0.00        0.00        0.27        0.45        0.07      736.33      153.88       50.85        4.55        1.80        2.25      261.14        0.00        0.00        0.00        0.00       24.14
    06/30/2006_24:00      847.93        8.00       16.88       39.33        5.02        5.02        6.59        0.60        8.39       29.88        2.87        7.93       16.90       14.91        1.88       30.09        4.45       23.93      260.62        0.03        0.63      225.75       34.99       37.09        3.62      343.64       37.73       24.25        1.54      141.94       17.68       93.36      277.11        0.00      235.52        0.89        0.71        6.50        8.04      345.66        0.00        0.00        0.00        0.12        0.10        0.00      660.59      145.13       31.19        0.97        0.51        0.22      248.26        0.00        7.58        0.00        0.30        5.27
    07/31/2006_24:00      896.49        5.85        6.42       26.26        1.14        1.14        0.97        0.11        5.44       17.52        1.00        1.02       11.49       11.65        0.09       14.67        3.18       14.42      215.59        0.04        0.23      159.80       30.28       39.33        3.71      234.94       40.00        7.30        0.00       77.61       19.15       73.91       51.26        0.00      144.19        0.00        0.00       13.59       11.73       47.70        0.00        0.00        0.00        0.03        0.01        0.00      467.10      113.84       16.75        0.26        0.13        0.00      151.21       30.23        0.00        0.00        9.64        0.00
    08/31/2006_24:00      817.79        5.09        4.70       19.67        0.59        0.59        0.31        0.09        4.02       10.62        0.46        0.42        9.97       14.70        0.00       76.32        2.84       12.29      256.82        0.03        0.18       95.21       27.95       27.62        3.67      197.50       33.10        3.62        0.00       38.47       19.42       73.85       35.88        0.00      133.31        0.07        0.06       14.93        9.35       19.64        0.00        0.00        0.00        0.01        0.00        0.00      334.90       85.63        9.03        0.09        0.02        0.00       84.75       19.52        0.00        4.49       15.75        0.00
    09/30/2006_24:00      565.35        5.53        3.80       18.00        0.45        0.45        0.22        0.14        3.43        8.38        0.26        0.31        8.40       10.56        0.00       48.70        2.45        8.69      247.35        0.02        0.15       47.58        9.33       10.74        1.56      158.10       22.89        2.49        0.00       42.81       12.93       69.50       24.53        0.00       98.78        0.00        0.00        8.79        7.01       18.13        0.00        0.00        0.00        0.00        0.00        0.00      166.81       24.48        7.21        0.13        0.03        0.00       44.83        2.94        0.00        0.00       17.06        0.00
    10/31/2006_24:00      378.76       12.04        5.12       20.04        1.02        1.02        0.86        0.70        2.86        8.20        0.36        2.48        8.15        6.27        0.00       17.66        2.47        8.34      177.33        0.01        0.98       80.00        3.87        2.88        1.41      132.75        9.96        3.23        0.00       26.98        3.77       91.80       27.63        0.00       91.19        0.07        0.06        8.41        6.70       18.21        0.00        0.00        0.00        0.00        0.00        0.00       90.60        1.52        1.28        0.09        0.03        0.04       20.68        0.00        0.00        0.00       17.56        0.00
    11/30/2006_24:00      351.97       13.49        9.78       21.57        1.76        1.76        1.61        2.33        4.40        9.96        0.72        4.04        9.58        4.29        0.30       23.43        3.92       10.83      158.61        0.11        1.73      153.88        0.84        1.84        1.17      123.65        5.43        4.55        0.00       20.30       14.81       37.77       22.53        0.00       19.18        0.37        0.30        0.02        7.31       10.38        0.00        0.00        0.00        0.00        0.00        0.00       17.07        1.53        1.07        1.69        0.05        0.20       20.35        0.00        0.00        0.00       20.33        0.00
    12/31/2006_24:00      359.46       15.77       60.16       31.01        6.71        6.71        6.24        5.19        7.97       15.76        2.73       14.31       15.55       12.06        2.42       10.08        7.28       19.31      150.12        2.19        3.74      104.90        0.75        8.67        4.53      127.34        3.39        7.88        0.00       21.04        8.06       59.48       21.66        0.00       18.83        1.90        1.52        0.02        5.09        7.56        0.00        0.00        0.00        0.00        0.01        0.00       16.47        1.10        1.03        0.82        0.09        0.30       18.24        0.00        0.00        0.00       21.83        0.00
    01/31/2007_24:00      327.11       13.58       15.60       23.00        3.45        3.45        3.35        4.40        6.11       11.47        1.18        6.99       10.15       22.09        1.56        4.44        5.00       12.24      124.80        0.00        2.11       67.77        0.74        2.17        2.59      112.34        3.69        9.40        0.12       20.89        6.05       71.39       21.68        0.00       19.17        1.71        1.37        0.01        0.69        7.58        0.00        0.00        0.00        0.00        0.03        0.00       18.25       15.90        2.42        0.73        0.08        0.56       22.17        0.00        0.00        0.00       13.39        3.43
    02/28/2007_24:00      280.91       16.39       68.74       34.06        9.58        9.58        8.79        7.91       12.52       23.70        6.84       19.09       24.00       12.02        3.65       15.90       11.55       31.65      201.85        5.52        6.30      116.81       22.52       25.55        9.95       97.47        3.52       35.54        2.63       18.93        4.94       48.90       19.85        0.00       16.88       12.72       10.18        0.03        0.00        4.15        0.00        0.00        0.00        0.01        0.04        0.00       23.02        2.16        0.08        2.40        0.23        0.39       21.43        0.00        0.00        0.00        0.00        3.15
    03/31/2007_24:00      305.53       14.83       29.79       28.75        8.66        8.66        7.00        3.28        8.02       17.66        4.13       17.23       19.13        4.23        3.27       11.96        8.06       23.19      239.48        0.02        3.48       88.68       24.08        9.46        5.20      110.49       10.53       34.89        2.56       21.10        5.71       56.36       21.94        0.00       63.95        2.90        2.32        0.13        0.00        8.41        0.00        0.00        0.00        0.02        0.02        0.00       32.36        0.44        0.14        1.38        0.26        0.48       26.99        0.00        0.00        0.00        0.00        0.00
    04/30/2007_24:00      464.07       14.26       16.08       23.65        4.19        4.19        3.21        1.38        5.20       14.03        1.64       10.59       12.25        8.79        1.13        5.19        4.11       17.45      206.13        0.23        1.61      104.70       13.08       12.12        1.03      107.29       27.49       20.65        1.20       18.32        7.09       51.50       28.96        0.00       74.44        0.00        0.00        0.00        5.13       12.25        0.00        0.00        0.00        0.01        0.01        0.00       31.44        1.22        0.48        0.77        0.18        0.15       27.12        0.00        0.00        0.00        0.00        0.00
    05/31/2007_24:00      606.82       13.91        8.52       21.53        3.12        3.12        2.46        0.52        4.22       15.03        0.88        9.20        9.46       12.03        0.68        9.17        1.99       12.73      119.80        0.03        0.72       89.93       18.68       13.78        0.69       93.77       32.72       13.26        0.49       22.18       10.36       89.03       23.66        0.00      113.14        0.11        0.09        7.15        7.85       15.66        0.00        0.00        0.00        0.00        0.00        0.00      117.00        3.37        1.41        0.62        0.13        0.20       37.02        0.00        0.00        0.00        0.00        0.00
    06/30/2007_24:00      734.28       10.04        2.37       16.86        1.13        1.13        1.09        0.14        1.90        9.08        0.22        4.13        5.74        7.91        0.08       17.15        1.17       10.09      221.62        0.03        0.27       57.18       17.74       20.29        0.22      177.32       40.36        3.54        0.00       19.05       11.30       39.52        7.55        0.00      116.33        0.00        0.00       15.94        9.98       16.74        0.00        0.00        0.00        0.00        0.00        0.00      252.16       50.41       12.66        0.11        0.03        0.00       49.94       13.78        0.00        0.00        0.00        0.00
    07/31/2007_24:00      905.10        6.68        1.50       14.34        0.98        0.98        1.07        0.05        1.45        6.75        0.03        3.07        5.57        7.42        0.00       15.76        1.11        8.59      396.04        0.03        0.14       61.64       20.02       23.46        0.33      224.00       41.69        1.30        0.00       21.23       12.36       22.29        6.99        0.00      110.80        0.00        0.00       32.98        9.13       17.51        0.00        0.00        0.00        0.00        0.00        0.00      278.24       60.13       15.66        0.04        0.01        0.00       59.34       13.79        0.00        0.00        0.00        0.00
    08/31/2007_24:00      713.26        4.75        1.01       12.54        0.51        0.51        0.54        0.01        1.44        5.71        0.00        1.28        5.04        7.00        0.00       23.59        1.08        7.14      351.04        0.03        0.09       61.67       18.84       17.03        0.13      172.17       34.96        0.61        0.00       21.32       14.13       16.32        6.77        0.00       81.23        0.00        0.00       16.58        7.09       17.01        0.00        0.00        0.00        0.00        0.00        0.00      109.40       22.04        1.33        0.03        0.01        0.00       36.81        0.00        0.00        0.00        0.00        0.00
    09/30/2007_24:00      511.86        7.36        1.31       12.41        0.32        0.32        0.19        0.05        1.63        5.43        0.02        0.45        4.64        5.72        0.00       19.08        1.04        6.38      296.81        0.02        0.07       57.38        5.63       11.79        0.48      101.04       25.49        0.62        0.00       19.92        8.46       10.85        5.27        0.00       51.29        0.00        0.00        0.00        0.00       16.02        0.00        0.00        0.00        0.00        0.00        0.00       18.91        3.26        1.05        0.07        0.01        0.00       17.41        0.00        0.00        0.00        0.00        0.00
    10/31/2007_24:00      398.93       12.95        5.34       15.64        0.62        0.62        0.42        0.46        2.28        6.70        0.21        1.11        5.25        2.37        0.00        8.77        1.49        6.76      185.49        0.10        0.67       64.97        2.68        1.89        0.44       78.58        7.59        1.53        0.00       13.98        3.20       27.95        8.69        0.00       28.75        0.00        0.00        0.00        0.00        9.75        0.00        0.00        0.00        0.00        0.00        0.00       11.29        1.98        0.65        0.25        0.01        0.00       12.89        0.00        0.00        0.00        0.00        0.00
    11/30/2007_24:00      338.70       12.45        4.28       14.63        0.88        0.88        0.96        1.02        2.45        6.19        0.24        1.55        5.42        1.11        0.00        1.59        1.88        5.88      148.06        0.17        0.68       64.24        0.74        0.50        0.00       72.54        3.27        1.74        0.00       13.44        2.37       16.52       10.34        0.00       38.78        0.00        0.00        0.00        0.00        8.76        0.00        0.00        0.00        0.00        0.00        0.00        6.15        0.82        0.48        0.30        0.02        0.00        9.41        0.00        0.00        0.00        0.00        0.65
    12/31/2007_24:00      290.34       14.14       17.63       16.88        2.66        2.66        2.79        2.74        4.44        9.12        0.94        5.00        7.72        1.80        0.35        0.98        3.35        9.44      115.97        1.90        1.46       60.04        0.71        3.39        0.09       70.96        5.47        3.67        0.00       13.49        3.73       16.56       10.40        0.00       27.79        0.22        0.18        0.00        0.00        6.29        0.00        0.00        0.00        0.00        0.00        0.00        6.55        0.86        0.33        0.94        0.07        1.29       11.83        0.00        0.00        0.00        0.00        0.07
    01/31/2008_24:00      238.70       20.36       72.67       29.79       27.70       27.70       29.79        8.21       11.89       22.64       14.32       42.90       23.90       38.27       12.29       34.98       11.59       21.63       96.91        3.27        4.19       88.26        0.74       62.20       63.10       65.42        5.24       20.14        1.15       13.90        3.30       13.98       10.50        6.68       20.62       11.98        9.58        0.00        0.00        5.63        2.36        0.32        0.17        0.76        1.81        2.36        6.73        7.65        6.38        1.77        0.42        3.98       13.50        0.00        0.00        0.00        0.00        0.00
    02/29/2008_24:00      202.70       21.85       59.10       22.91       32.80       32.80       32.66        6.49        9.65       17.61       14.51       48.28       22.95      107.50       13.98       41.54       11.43       21.94       80.36        1.26        3.93       89.99       26.55       48.54       39.13       56.64        4.33       24.36        1.55       13.04        2.74       13.45        9.96        3.22       20.85       13.32       10.65        0.01        0.00        6.37        1.14        0.18        0.10        0.26        0.56        1.14        6.06       23.07        7.52        5.14        0.83        3.30       17.76        0.00        0.00        0.00        0.00        0.00
    03/31/2008_24:00      205.80       15.10       16.20       23.27       14.24       14.24       12.69        4.03        7.54       15.15        7.32       23.93       16.92       23.12        7.21       20.51        7.89       18.82       75.41        0.01        2.47       58.52       14.78       12.92       10.54       61.36       12.67       21.61        1.29       13.95        4.24       53.97       10.58        0.66       30.76        1.82        1.46        0.01        0.00       13.36        0.23        0.00        0.00        0.10        0.14        0.23       88.29       35.86       21.79        2.67        0.41        4.67       34.47        0.00        0.29        0.00        0.00        0.00
    04/30/2008_24:00      406.00       13.40       11.09       22.77        7.29        7.29        6.23        2.41        7.16       16.76        5.50       14.42       16.71       15.45        3.06       19.68        6.09       17.50      147.42        0.02        1.71       77.49       17.27       13.75        2.27       63.73       30.37       19.16        1.06       21.72        9.43       65.57       31.70        0.12       78.55        1.38        1.10        0.00        4.05       15.69        0.04        0.00        0.00        0.05        0.02        0.04      109.73        4.50        1.24        1.35        0.28        4.77       39.26        0.00        0.00        0.00        0.00        0.00
    05/31/2008_24:00      578.29       13.58       11.35       26.70        5.33        5.33        5.68        1.13        6.89       22.11        4.52       14.03       14.82       16.49        2.78       54.02        3.83       16.54      103.91        0.02        0.96      100.93       15.16       28.59        0.86       76.12       34.01       15.06        0.66       23.62       10.35       52.08       41.84        0.00      101.02        1.00        0.80        0.00        7.81       16.82        0.00        0.00        0.00        0.01        0.00        0.00      192.78       12.91        2.47        1.13        0.33        5.09       58.61        0.00        0.00        2.55        0.00        0.00
    06/30/2008_24:00      697.39       12.07        2.81       16.42        1.80        1.80        2.35        0.17        2.36       11.18        0.89        4.10        7.73        8.09        0.72       23.73        1.60        9.83      149.83        0.03        0.15       80.57       20.48       26.07        0.08      204.58       38.74        3.98        0.00       15.35       11.81       25.10        5.65        0.00       78.96        0.26        0.21        8.89        9.20       16.99        0.00        0.00        0.00        0.00        0.00        0.00      354.29       95.89       23.43        0.39        0.13        0.41       83.70       24.46        0.34        2.62        0.00        0.00
    07/31/2008_24:00      783.97        7.72        0.80       13.70        0.76        0.76        0.93        0.05        1.49        6.87        0.24        1.35        5.56        8.18        0.00       14.09        1.15        6.55      131.01        0.03        0.08      101.36       19.17       26.78        0.04      180.53       41.04        0.94        0.00       15.72       13.48       22.60        5.74        0.00       88.91        0.00        0.00       11.13        9.16       17.36        0.00        0.00        0.00        0.00        0.00        0.00      343.94      114.90        6.61        0.04        0.03        0.00       79.56       28.09        0.19        0.00        0.00        0.00
    08/31/2008_24:00      643.78        5.39        0.38       12.13        0.50        0.50        0.43        0.01        1.46        5.67        0.03        0.63        4.72        8.27        0.00        7.55        1.04        6.03      128.01        0.03        0.06       91.44       26.07       28.54        0.09      106.25       35.61        0.27        0.00       18.84       13.43       17.42        6.10        0.00       65.85        0.00        0.00        4.66        5.05       14.27        0.00        0.00        0.00        0.00        0.00        0.00      103.70       25.77        2.07        0.00        0.24        0.00       68.51        0.00        0.00        0.00        0.00        0.00
    09/30/2008_24:00      448.30        7.91        0.52       11.35        0.36        0.36        0.18        0.05        1.58        5.22        0.02        0.33        4.37        6.96        0.00        8.27        1.00        4.59      124.66        0.02        0.04       52.87        7.66       14.60        0.22       77.00       25.97        0.16        0.00       15.12        8.59       10.51        5.78        0.00       40.14        0.00        0.00        0.00        0.00       10.25        0.00        0.00        0.00        0.00        0.00        0.00       23.22        4.04        1.07        0.00        0.01        0.00       28.89        0.00        0.00        0.00        0.00        0.00
    10/31/2008_24:00      436.69       12.57        1.94       12.43        0.92        0.92        0.79        0.38        2.13        6.14        0.15        1.77        4.97        4.80        0.00       10.82        1.41        5.46      115.98        0.08        0.72       59.04        1.46        0.49        0.00       63.21       11.30        0.76        0.00       13.87        3.25       23.88       10.67        0.00       23.40        0.00        0.00        0.00        0.00        8.90        0.00        0.00        0.00        0.00        0.00        0.00       15.15        1.83        0.83        0.15        0.00        0.00       19.08        0.00        0.00        0.00        0.00        0.00
    11/30/2008_24:00      277.71       13.39        6.39       14.33        2.11        2.11        2.13        1.22        3.00        7.22        0.95        4.38        7.05        1.87        0.00        1.64        2.60        8.19       69.97        0.93        1.29       49.51        0.70        1.17        0.00       67.24        4.18        2.05        0.00       13.45        2.81       14.62        9.59        0.00       21.12        0.00        0.00        0.00        0.00        7.09        0.00        0.00        0.00        0.00        0.00        0.00        6.10        0.57        0.17        0.56        0.00        0.00       15.90        0.00        0.00        0.00        0.00        0.09
    12/31/2008_24:00      228.43       12.41       16.01       15.03        1.73        1.73        1.73        2.12        3.47        6.99        0.54        2.98        6.91        1.89        0.00        1.54        3.09        7.82       66.27        0.54        1.58       50.10        0.68        1.91        0.01       58.41        5.55        2.92        0.00       13.83        1.67       15.14       10.08        0.00       19.41        0.04        0.03        0.00        0.00        5.93        0.00        0.00        0.00        0.00        0.00        0.00        6.30       12.64        0.52        0.93        0.00        1.26        9.60        0.00        0.00        0.00        0.00        0.00
    01/31/2009_24:00      200.82       13.23       14.30       17.42        2.32        2.32        2.34        3.16        4.92        9.55        0.58        4.21        9.71        2.04        0.52        1.47        4.54        9.95       66.03        0.24        1.96       45.09        0.68        1.27        0.00       49.86        3.79        8.89        0.07       13.89        2.29       11.37       10.14        0.00       17.79        4.58        3.66        0.00        0.00        5.87        0.00        0.00        0.00        0.00        0.00        0.00        7.61        0.25        1.13        1.20        0.11        1.30       13.42        0.00        0.00        0.00        0.00        0.00
    02/28/2009_24:00      189.88       21.67       68.55       29.48       19.28       19.28       20.07       11.21       15.52       27.44        8.28       32.42       36.77        1.75        3.79       10.80       19.41       43.26       59.60        4.01       11.90       78.50        0.61       24.01       16.47       42.66        4.48       29.55        2.05       12.60        2.14       14.41        9.35        1.02       16.24        6.84        5.48        0.00        0.00        4.32        0.36        0.00        0.00        0.00        0.00        0.36        6.43       22.69        0.42        2.19        0.40        3.96       19.38        0.00        0.00        0.00        0.00        0.00
    03/31/2009_24:00      212.69       21.43       46.53       40.55       19.06       19.06       18.20       10.39       17.79       33.02       10.10       30.94       44.61        6.68        5.14       17.90       21.37       50.14       57.29        1.91       11.03       91.15       39.12       25.94       19.15       67.27        7.29       66.90        5.63       14.50        2.08       17.62       10.38        1.11       32.43        4.95        3.96        0.00        0.00        7.55        0.39        0.01        0.00        0.04        0.19        0.39       28.88        3.38        0.80        2.21        0.50        5.90       27.59        0.00        0.00        0.00        0.00        0.00
    04/30/2009_24:00      371.84       15.14       12.07       22.27        6.73        6.73        5.86        2.19        6.44       14.78        2.84       10.99       13.47        4.84        1.03        8.88        4.88       20.56      195.53        0.02        2.86       96.25       34.38        3.70        0.04      201.72       24.64       28.32        1.93       19.58        8.76       48.90       22.12        0.02       53.22        1.45        1.16        0.00        0.00        8.65        0.01        0.00        0.00        0.02        0.00        0.01       82.89        3.18        2.24        1.68        0.33        1.38       34.40        0.76        0.00        0.00        0.00        0.00
    05/31/2009_24:00      536.42       20.62       16.04       28.33       11.01       11.01        9.27        1.33        8.26       25.99        2.66       24.17       16.92        8.95        1.64       17.28        3.95       26.74      135.64        1.29        1.79      259.07       44.54        8.03        0.00      245.95       31.29       47.27        3.75       23.72        9.61       52.79       42.22        0.00       98.75        0.26        0.21        0.00        0.00       11.03        0.00        0.00        0.00        0.00        0.00        0.00      102.15       35.24       11.37        1.17        0.46        0.69       49.04       28.48        5.20        5.92        0.00        2.52
    06/30/2009_24:00      626.58       10.43        4.48       19.63        3.36        3.36        3.57        0.20        2.80       12.59        0.76        9.60        7.77        6.20        0.14       13.70        1.66       12.33      178.05        0.03        0.29      127.10       24.47       10.19        0.00      170.78       37.08        5.73        0.00       24.39       11.17       35.94        8.84        0.00       99.01        0.00        0.00        0.96        4.06       11.35        0.00        0.00        0.00        0.00        0.00        0.00      347.00      112.05        2.82        0.56        0.06        0.04       76.88       14.31        0.00        1.32        0.00        0.00
    07/31/2009_24:00      772.28        7.38        0.83       13.97        1.03        1.03        1.36        0.04        1.68        7.29        0.12        2.69        5.44        7.45        0.00        4.60        1.23        7.85      434.44        0.03        0.15      128.63       31.86        5.88        0.00      314.45       41.89        1.35        0.00       20.58       12.65       19.10        6.59        0.00      108.28        0.00        0.00       11.46        7.66       12.51        0.00        0.00        0.00        0.00        0.00        0.00      381.96       91.01       29.48        0.05        0.01        0.00       84.43       15.18        0.00        0.00        0.00        0.00
    08/31/2009_24:00      671.45        7.11        0.35       12.66        0.69        0.69        0.76        0.01        1.59        5.52        0.01        1.25        4.75        7.43        0.00       16.05        1.12        6.90      164.04        0.03        0.09      120.59       25.05        5.31        0.00      223.51       37.93        0.41        0.00       20.78       11.00       16.32        6.24        0.00       88.42        0.00        0.00        3.49        1.12       12.18        0.00        0.00        0.00        0.00        0.00        0.00      176.20       23.67        3.73        0.00        0.01        0.00       56.71        2.79        0.00        0.00        0.00        0.00
    09/30/2009_24:00      440.03       11.27        0.69       11.55        0.42        0.42        0.23        0.05        1.57        4.84        0.01        0.43        4.42        6.03        0.00        5.02        1.08        5.56      102.57        0.02        0.07       51.73       12.25        2.07        0.00      124.42       28.64        0.28        0.00       22.16        7.56       31.32        6.30        0.00       63.61        0.00        0.00        0.00        0.00       10.25        0.00        0.00        0.00        0.00        0.00        0.00       44.61        3.99        1.22        0.00        0.01        0.00       35.29        0.00        0.00        0.00        0.00        0.00
    10/31/2009_24:00      379.38       16.69        3.14       13.16        1.28        1.28        1.01        0.47        2.37        6.34        0.59        1.91        5.59        2.98        0.00        1.26        1.68        6.43      134.03        0.48        0.88       53.99        5.39        1.30        0.00      127.24        9.72        1.40        0.00       43.15        2.38       41.09       23.65        0.28       44.53        0.00        0.00        0.00        0.15       22.68        0.10        0.00        0.00        0.00        0.00        0.10       13.25       19.58        0.85        0.21        0.02        0.00       21.29        0.00        0.00        0.00        0.00        0.00
    11/30/2009_24:00      278.76       12.69        4.07       12.73        2.06        2.06        2.26        0.99        2.80        6.32        0.36        3.34        5.68        3.02        0.00        1.38        2.15        6.23      126.00        0.05        1.04       53.71        0.94        0.47        0.00      111.63        4.04        1.20        0.00       20.86        2.49       16.34       15.17        0.00       17.27        0.00        0.00        0.00        0.94       23.53        0.00        0.00        0.00        0.00        0.00        0.00       12.85       10.24        0.60        0.43        0.04        0.00       14.58        0.00        0.00        0.00        0.00        0.00
    12/31/2009_24:00      202.53       15.14        9.75       15.54        3.31        3.31        3.62        2.17        4.17        8.57        0.99        5.50        7.99        1.82        0.44        1.27        3.34       10.28      109.63        0.73        1.96       50.97        0.68        2.16        0.00      114.55        5.89        4.87        0.00       20.43        2.65       13.71       15.74        0.00       16.74        2.53        2.02        0.00        0.23        6.01        0.00        0.00        0.00        0.01        0.03        0.00        7.54       12.98        4.74        1.29        0.06        0.57        9.45        0.00        0.00        0.00        0.00        0.14
    01/31/2010_24:00      227.82       35.71       99.77       36.12       42.57       42.57       47.42       13.04       18.24       31.04       20.93       58.68       36.68       87.14       14.13       40.23       19.39       37.15       94.01        5.30       10.25       77.85        0.70       64.19       52.98      100.11        6.12       21.20        1.25       20.41        2.37       13.79       14.27        9.95       16.95       24.07       19.25        0.00        0.27        7.76        3.51        0.41        0.21        0.73        1.54        3.51        5.28       20.22        6.47        1.57        0.21        3.43       10.82        0.00        0.00        0.00        0.00        0.00
    02/28/2010_24:00      184.54       25.34       71.46       31.11       37.96       37.96       41.61       10.16       13.23       21.17       16.23       49.50       26.31       84.28       12.00       34.13       14.81       36.42       84.98        0.73       10.21       71.91        3.66       30.72       18.30       83.48        3.87       26.11        1.72       18.42        1.73       49.16       12.49        2.99       15.28       14.95       11.96        0.01        0.00       22.61        1.05        0.29        0.15        0.66        1.03        1.05        6.40       22.70        7.42        5.60        0.65       17.02       12.92        0.00        0.00        0.00        0.00        0.00
    03/31/2010_24:00      202.10       20.34       36.28       28.71       22.12       22.12       22.02        9.70       13.58       21.93       10.08       28.67       25.77        9.47        6.33       17.99       14.12       32.58       93.41        0.26        7.96       83.17       21.69       27.43       18.26       75.47        6.08       40.37        3.09       21.03        1.72       16.42       17.48        2.75       25.87       14.81       11.84        0.01        0.00       45.11        0.97        0.15        0.08        0.36        0.61        0.97       46.95       28.89       37.84        5.72        1.00       12.14       29.46        1.64        0.00        0.00        0.00        0.00
    04/30/2010_24:00      279.27       21.84       45.37       31.53       31.75       31.75       29.47        7.03       14.65       26.87       19.76       46.47       36.34       53.00       12.56       35.75       17.06       43.33       59.50        0.78        9.40      114.25       33.75       73.14       62.64       93.02        9.60       58.57        4.83       29.82        1.24       65.27       79.85        0.94       52.53       10.94        8.75        0.01        3.80       79.12        0.33        0.07        0.04        0.32        0.41        0.33       94.33        7.41        2.36        4.62        1.28        5.21       48.99        6.53        1.40        3.03        0.00        0.00
    05/31/2010_24:00      549.84       22.20       26.87       32.69       15.52       15.52       14.57        3.34       11.30       26.03        9.43       29.60       29.34       32.66        5.45       70.11        9.16       34.11       65.62        0.04        4.12      170.11       52.83       52.91       13.32      304.62       23.78       65.36        5.48       75.26        6.35       46.56      166.39        0.21      105.14        1.08        0.86        0.00        9.64       95.36        0.07        0.00        0.00        0.17        0.12        0.07      305.47       73.91       18.45        3.91        1.53        2.30      115.42        3.92        2.67        9.24        0.00        0.00
    06/30/2010_24:00      712.34       15.95       17.25       35.36        7.75        7.75        9.35        1.10        9.00       30.01        3.80       17.15       14.62       17.69        2.61       12.91        3.39       26.16       74.85        0.03        0.97      285.08       31.97       41.59        0.05      355.60       35.58       37.49        2.81       57.25        9.65       17.57      152.03        0.01      123.41        1.23        0.98        4.30        7.29       29.46        0.00        0.00        0.00        0.04        0.01        0.00      431.16      139.31       22.43        2.27        0.73        0.86      143.56        0.00        2.25        1.28        0.00        0.00
    07/31/2010_24:00      771.17        9.51        2.91       22.50        2.16        2.16        2.82        0.18        3.96       15.92        0.85        3.73        8.24       12.87        0.25       26.11        1.96       13.27      315.70        0.03        0.26      201.74       33.92       44.26        0.00      267.85       42.71        4.89        0.00       55.04       10.98       17.10       49.98        0.00      129.00        0.93        0.74       12.43       16.15       21.24        0.00        0.00        0.00        0.00        0.00        0.00      434.65      142.30       23.45        0.69        0.29        0.02      123.94        9.79        0.00        0.00        0.00        0.00
    08/31/2010_24:00      635.62        6.07        1.19       13.88        0.85        0.85        0.75        0.03        2.37        7.60        0.31        0.92        6.05       18.58        0.00        5.06        1.51        9.04      376.09        0.03        0.11      145.99       29.54       32.79        0.10      164.99       33.59        1.21        0.00       25.64        9.91       12.06       19.45        0.00      112.28        0.00        0.00        2.88        9.83       19.88        0.00        0.00        0.00        0.00        0.00        0.00      319.47       79.10       17.58        0.22        0.06        0.00      105.96       14.93        0.00        0.00        2.29        0.00
    09/30/2010_24:00      448.78        9.19        1.88       12.35        0.59        0.59        0.29        0.09        2.23        6.26        0.20        0.46        5.36       13.84        0.00       12.19        1.39        7.66      365.47        0.02        0.10       56.08       11.64       12.75        0.12       96.81       23.93        0.73        0.00       25.05        7.56       11.14       18.35        0.00      103.24        0.00        0.00        0.00        2.45       19.83        0.00        0.00        0.00        0.00        0.00        0.00      143.15       15.17        2.59        0.11        0.02        0.00       55.28        5.70        0.00        0.00        8.54        0.00
    10/31/2010_24:00      379.74       14.45        7.68       15.23        2.39        2.39        2.22        0.74        3.60        8.83        1.33        3.64        7.72        7.45        0.55        1.57        2.52        7.84      185.58        3.87        1.22       60.67        4.01        2.30        0.00      102.05       11.25        4.17        0.00       73.93        3.49       38.76       30.17        0.00       63.95        0.00        0.00        0.00        0.00       20.96        0.00        0.00        0.00        0.00        0.00        0.00       68.73        1.93        1.20        0.32        0.02        0.23       28.84        0.00        0.00        0.00        1.21        0.00
    11/30/2010_24:00      357.12       14.67       11.56       16.39        3.88        3.88        4.24        1.64        4.45        9.21        1.05        6.38        8.29       22.08        0.95        2.69        3.22        9.45      130.18        0.46        1.75       58.88        9.26        3.05        0.00      168.95        3.44        9.66        0.14       43.84        2.11       12.21       23.72        0.00       19.20        0.97        0.77        0.00        0.00       24.77        0.00        0.00        0.00        0.00        0.00        0.00        8.20        2.77        0.23        0.85        0.06        0.30       17.67        0.00        0.00        0.00        2.74        0.00
    12/31/2010_24:00      670.06       22.66      120.38       41.76       24.53       24.53       26.70       13.62       20.67       35.16        8.46       34.92       40.40       56.32        9.07       25.82       20.28       47.84      120.70        4.52       13.25      355.85      145.44       35.48       18.00      761.99        4.62      111.61        9.91      110.51        1.93       27.78      255.30        0.58       78.09       45.35       36.28        0.01       13.71       37.93        0.20        0.00        0.00        0.23        0.40        0.20        9.13       41.63       23.93       16.46        0.12        0.31       31.14        0.00        0.00        0.00        9.32        0.00
    01/31/2011_24:00      512.55       15.85       27.79       26.01       15.63       15.63       17.91        8.00       10.37       15.61        6.90       20.45       17.51       56.81        6.61       26.51       10.02       25.00      121.40        0.33        6.58      223.26       64.51       17.33        9.81      295.26        5.07       60.57        5.02       88.74        7.90       14.73      251.85        1.59       83.19       20.53       16.43        0.03       31.93      164.42        0.56        0.34        0.18        0.56        1.01        0.56      150.80       80.56       54.33        9.10        2.30       12.72       79.40        0.00        0.10        0.00       21.58        0.00
    02/28/2011_24:00      228.38       15.84       41.45       24.56        8.80        8.80       10.16       11.76       14.27       21.12        3.21       11.54       26.04       18.76        3.48       13.78       16.01       32.68      109.39        2.52       10.07      166.40       65.40       34.03       21.00      145.73        4.38       54.95        4.48       33.45        2.05       16.53      176.39        6.47      202.21       29.05       23.24        0.86        5.91       12.97        2.28        0.72        0.38        0.63        1.63        2.28       74.29       53.17       14.73        4.69        1.80       30.99       66.15        0.00       11.55        1.56       18.00        0.00
    03/31/2011_24:00     1369.75       37.59      158.75       55.60       63.02       63.02       66.15       23.66       31.55       46.58       21.49       81.27       78.88      152.87       20.54      105.77       47.69       87.52      871.71        8.17       26.62      475.92      218.17      255.59      232.12      889.94        6.00      234.81       21.72      122.82      139.16       35.14      316.17       13.28      216.07       69.90       55.92       53.52       52.59      144.95        4.69        2.52        1.33        2.15        5.55        4.69      144.54       15.22       20.91       14.87        1.48       22.29       57.90        0.00        7.14        3.31       26.40        0.00
    04/30/2011_24:00      757.65       18.23       49.94       47.61       29.37       29.37       27.31       10.81       21.76       36.71       13.96       43.10       61.57       25.81       10.59       67.31       32.09       62.00      567.67        0.01       15.10      400.23       95.50      118.95      108.66      556.98       13.24      129.18       11.60      188.37        9.16      139.04      440.33        1.39      304.30        7.74        6.19       12.01       27.38      398.58        0.49        0.35        0.18        1.06        1.97        0.49      460.92      121.46       49.10       11.67        5.60       20.06      143.23        0.00        0.76        0.00        2.91        0.00
    05/31/2011_24:00      529.17       19.37       43.13       51.39       13.12       13.12       11.71        5.48       18.21       39.09        6.05       23.05       50.10       10.60        3.65       30.74       17.69       49.72      650.01        0.08        7.15      432.15       66.84       39.56        3.23      428.23       27.41       80.69        6.95      138.13        8.86      119.82      208.81        0.27      250.01        3.24        2.59        0.01       12.78      197.34        0.10        0.00        0.00        0.41        0.58        0.10      442.65       98.87       33.36        7.19        2.98        8.24      239.80        0.00        3.76        0.00        0.59        0.00
    06/30/2011_24:00      746.24       15.83       37.21       53.28       10.35       10.35       11.89        1.57       12.31       37.48        7.59       23.51       31.31       47.83        5.90       37.48        7.90       40.90      508.18        0.06        1.93      519.38       37.29       37.91        1.93      575.07       27.64       56.17        4.60      114.35       13.19      118.02      299.13        0.10      168.40        2.90        2.32        4.40       14.06      232.76        0.03        0.00        0.00        0.28        0.18        0.03      526.15      139.09       26.93        4.37        1.74        3.33      236.68        0.00        0.52        2.61        0.00        0.00
    07/31/2011_24:00      776.73        7.78        9.64       37.35        3.37        3.37        4.65        0.34        6.73       24.85        1.61        6.36       13.40       19.14        1.13        9.46        3.51       21.30      177.58        0.03        0.50      294.31       29.55       43.90        1.25      308.31       39.16       16.59        0.81      134.72       16.57      132.10      131.09        0.00      208.38        1.56        1.25        7.36       17.48      134.92        0.00        0.00        0.00        0.09        0.02        0.00      535.36      140.68        8.98        1.70        0.79        0.88      188.95        5.12        2.27        1.73        5.88        0.00
    08/31/2011_24:00      735.07        7.24        3.91       22.62        1.17        1.17        1.06        0.05        3.94       11.56        0.52        1.31       10.05       19.79        0.00        4.07        2.75       13.54      194.06        0.03        0.17      186.47       29.13       34.28        0.55      208.38       36.43        4.06        0.00       66.06       14.25      109.91      153.60        0.00      161.65        0.00        0.00        9.64       10.69       19.55        0.00        0.00        0.00        0.03        0.00        0.00      350.82      111.40       14.73        0.86        0.24        0.23      120.42       18.38        0.00        0.00        9.53        0.00
    09/30/2011_24:00      595.95       10.55        2.86       16.02        0.60        0.60        0.30        0.13        3.17        8.12        0.21        0.47        7.60       11.92        0.00       10.95        2.15        9.13      356.41        0.02        0.13       55.77       12.26       16.75        0.13      213.88       24.07        2.20        0.00       43.61       11.08       88.62       71.23        0.00       98.12        0.00        0.00        6.54        5.43       19.41        0.00        0.00        0.00        0.01        0.00        0.00      176.23       51.61       18.06        0.49        0.06        0.19       90.33       17.86        0.00        0.00       14.76        0.00
    10/31/2011_24:00      484.30       15.26        6.48       17.54        1.54        1.54        1.39        0.83        3.26        8.94        0.50        3.23        8.35        8.92        0.18        2.87        2.64        8.29      254.20        0.40        0.97       63.42        3.49        3.13        0.28      226.18        8.10        3.87        0.00       75.86        4.04      133.88       30.21        0.00       99.24        0.00        0.00        2.54        4.52       27.53        0.00        0.00        0.00        0.00        0.00        0.00      114.79        4.38        9.55        1.03        0.05        0.00       94.17        6.89        3.43        0.00        6.62        0.00
    11/30/2011_24:00      432.32       13.73        7.02       15.90        1.84        1.84        1.82        1.94        3.76        8.41        0.70        3.73        8.23        4.58        0.47        2.70        3.35        8.30      144.83        0.02        1.18       62.90        0.97        1.09        0.23      141.52        4.41        3.59        0.00       34.85       14.03       33.14       21.75        0.00       25.90        0.00        0.00        7.79        0.00        8.52        0.00        0.00        0.00        0.01        0.01        0.00       51.10       12.58        1.03        1.14        0.06        0.00       26.84        0.00        0.00        0.00       14.25        0.00
    12/31/2011_24:00      329.41       13.56        5.81       15.35        1.57        1.57        1.54        2.50        3.90        7.67        0.54        2.96        7.68        8.17        0.24        2.60        3.57        7.65      290.14        0.00        1.38       58.96        0.74        1.07        0.53      125.79        5.41        3.26        0.00       20.45        6.17       30.49       22.49        0.00       20.38        0.00        0.00        7.54        0.00        6.16        0.00        0.00        0.00        0.02        0.04        0.00       27.61       13.40        0.95        1.16        0.07        0.00       23.64        0.00        0.00        0.00       21.92        0.00
    01/31/2012_24:00      283.44       14.72       31.55       23.73        5.12        5.12        5.03        4.23        6.24       11.62        2.47        9.71       11.31        6.66        1.56        7.14        5.62       12.55      121.20        4.08        2.49       56.84        0.66        8.37        3.45      106.77        5.88        8.19        0.00       20.43        2.95       35.76       21.02        0.00       17.48        0.60        0.48        0.01        0.00       11.83        0.00        0.00        0.00        0.04        0.06        0.00       16.54        0.47        0.85        1.53        0.06        3.36       24.00        0.00        0.00        0.00        6.60        0.00
    02/29/2012_24:00      240.04       13.22        9.61       17.33        3.19        3.19        3.27        3.34        4.50        8.08        1.17        5.54        8.31        3.97        0.94        3.80        4.41        9.52      145.46        0.02        1.85       42.79        0.66        3.83        2.61       87.71        7.11        5.66        0.00       19.18        1.76       25.36       19.56        0.00       18.79        0.00        0.00        0.00        0.00       20.13        0.00        0.00        0.00        0.02        0.05        0.00       22.29        0.31        0.79        1.56        0.18        2.72       26.61        0.00        0.00        0.00        2.96        0.00
    03/31/2012_24:00      229.59       24.45       67.87       34.42       14.64       14.64       14.77       11.07       16.41       29.52        6.05       25.34       39.70        1.78        4.27       36.95       20.64       45.80      118.94        8.25       10.90      178.91       68.85       33.92       12.29       62.92       11.14       48.06        3.82       16.08        2.66       18.55       19.87        0.00       43.13        3.46        2.77        0.00        0.00       21.83        0.00        0.00        0.00        0.05        0.04        0.00       19.90        0.73        0.55        2.72        0.13        2.33       32.03        0.00        0.00        0.00        0.00        0.00
    04/30/2012_24:00      251.11       20.02       48.29       38.76       19.99       19.99       17.67        5.43       13.39       28.77        7.98       35.88       36.23        7.97        4.50       40.90       15.22       38.91      108.07        1.52        7.00      258.36      101.31       23.57       11.97      137.16       11.48       69.00        5.83       15.31        5.18       90.89       16.11        0.00       35.32        4.84        3.87        0.00        0.00       27.39        0.00        0.00        0.00        0.06        0.05        0.00       65.53        2.20        8.98        5.60        0.43        0.00       32.69        0.00        0.00        0.00        0.00        0.00
    05/31/2012_24:00      562.14       16.85       15.33       29.77        6.51        6.51        5.35        1.10        7.01       22.06        1.81       15.59       15.40       17.77        1.19       14.82        3.81       23.69      133.84        0.02        1.64      188.70       38.13       18.19        0.20      238.59       33.90       23.29        1.45       20.91        9.70       82.67       49.09        0.00      107.23        0.07        0.06        2.36        4.24       56.67        0.00        0.00        0.00        0.03        0.02        0.00      122.76       20.14        2.29        2.58        0.62        0.00       52.76        0.00        0.00        0.00        0.00        0.00
    06/30/2012_24:00      722.78       19.05        4.50       20.15        2.23        2.23        2.31        0.22        2.89       13.01        0.44        7.03        8.16       14.49        0.00        4.81        1.77       13.21      260.57        0.03        0.34      111.13       16.86       18.19        0.00      188.53       39.02        5.44        0.00       14.63       11.22       53.58        8.00        0.00       92.23        0.00        0.00       14.97       10.08       19.66        0.00        0.00        0.00        0.00        0.00        0.00      303.05       66.59       12.34        0.77        0.00        0.00       69.13        5.60        0.04        0.00        0.03        0.00
    07/31/2012_24:00      921.32        8.93        1.51       13.91        1.05        1.05        1.25        0.05        1.68        7.42        0.09        2.69        6.48        8.66        0.00        2.50        1.42        8.25      490.33        0.03        0.15      140.70       21.11       27.55        0.00      257.22       41.85        1.92        0.00       18.34       12.73       25.39        6.57        0.00      109.20        0.00        0.00       31.29       10.48       20.51        0.00        0.00        0.00        0.00        0.00        0.00      338.77      102.88       23.23        0.18        0.09        0.00       60.83       14.28        0.00        0.00        0.00        0.00
    08/31/2012_24:00      772.17        5.02        0.75       11.70        0.74        0.74        0.88        0.01        1.62        5.97        0.01        1.70        5.27        8.87        0.00        2.19        1.23        7.03      356.05        0.03        0.08      134.14       19.82       19.12        0.00      189.44       37.84        0.76        0.00       19.26       12.47       17.40        6.39        0.00       94.44        0.00        0.00       32.15        7.62       20.86        0.00        0.00        0.00        0.00        0.00        0.00      161.51       18.60       25.12        0.01        0.01        0.00       31.25        0.41        0.00        0.00        0.00        0.00
    09/30/2012_24:00      467.78        7.77        0.73       11.96        0.51        0.51        0.33        0.05        1.69        5.33        0.01        0.64        4.91        7.92        0.00       14.17        1.19        5.71      291.60        0.02        0.07       63.67        7.44        8.75        0.00      107.15       25.16        0.68        0.00       16.48       10.45       15.00        6.04        0.00       56.37        0.00        0.00        0.01        0.55       15.36        0.00        0.00        0.00        0.00        0.00        0.00       36.01        6.05        1.86        0.00        0.01        0.00       15.58        0.00        0.00        0.00        0.00        0.00
    10/31/2012_24:00      381.72       14.66        2.56       14.70        0.71        0.71        0.57        0.38        2.07        5.94        0.06        1.28        5.71        4.81        0.00        3.69        1.68        5.96      231.50        0.10        0.83       63.54        3.62        2.00        0.00       99.27       13.58        1.18        0.00       19.95        5.07       44.82       15.65        0.00       52.87        0.00        0.00        0.01        0.00       24.83        0.00        0.00        0.00        0.00        0.00        0.00       12.78        3.56        1.41        0.24        0.00        0.00       10.78        0.00        0.00        0.00        2.59        0.00
    11/30/2012_24:00      329.65       15.86       24.41       22.71        3.05        3.05        3.13        3.08        6.29       13.79        3.07        6.00       15.52        1.89        1.19        9.07        6.52       17.04      152.67        2.37        3.55       82.06        0.64       13.30        2.94      109.23        3.86        4.51        0.00       16.34        2.99       16.52       10.45        0.00       20.41        0.00        0.00        0.00        0.00       30.50        0.00        0.00        0.00        0.00        0.00        0.00        6.37        1.69        1.40        0.46        0.00        0.00       11.99        0.27        0.00        0.00        3.21        0.00
    12/31/2012_24:00      289.84       24.79      142.72       66.36       36.14       36.14       37.35       20.54       29.00       51.00       15.67       58.88       64.27      135.82       13.99      122.62       34.25       70.26      137.05       13.53       18.65      304.86       62.76       92.46       69.42      309.12        6.58       62.32        5.19       26.42        1.86       17.50       10.67        4.09       20.02       14.17       11.34        0.00        0.00       21.98        1.44        0.00        0.00        0.02        0.01        1.44        6.37       10.89        0.89        1.50        0.03        0.00       17.25        0.00        0.00        0.00        0.13        0.00
    01/31/2013_24:00      278.18       14.89       20.43       25.39       11.78       11.78       10.72        4.45        7.40       13.57        4.75       18.62       16.23       35.91        4.54       33.13        8.28       23.42      123.03        0.02        4.43      128.05       37.84       22.63       18.79      191.31        5.41       18.26        0.97       21.13        1.66       19.31       10.76        0.23       19.71        2.98        2.38        0.00        0.00       21.88        0.08        0.00        0.00        0.00        0.00        0.08        7.65        6.19        0.61        1.51        0.27        0.00       19.79        0.00        0.00        0.00        0.00        0.00
    02/28/2013_24:00      226.43       12.28       11.76       21.62        5.96        5.96        5.24        2.77        6.01       11.63        2.04        9.49       12.84       12.30        1.68       12.25        6.39       18.08      109.62        0.02        3.09       81.76       25.96        5.48        4.28      124.94        6.04       12.36        0.40       15.16        1.32       75.34        9.53        0.02       16.98        2.53        2.02        0.00        0.00       20.88        0.01        0.00        0.00        0.00        0.00        0.01        9.87       12.07        0.51        1.40        0.14        0.99       16.50        0.00        0.00        0.00        0.00        0.00
    03/31/2013_24:00      274.21       13.61       16.20       25.39        5.67        5.67        4.80        2.55        7.44       16.70        2.53       12.01       19.41        4.15        1.53        8.91        7.23       24.85      192.85        0.07        2.77       85.86       12.35        6.29        1.74       98.82       26.21       18.56        1.00       16.52        4.63       28.58       10.35        0.00       39.65        0.00        0.00        0.00        0.00       26.64        0.00        0.00        0.00        0.00        0.00        0.00       30.15        0.83        0.48        1.35        0.12        3.35       18.16        0.00        0.00        0.00        0.00        0.00
    04/30/2013_24:00      429.12       21.32       27.42       26.00        6.33        6.33        5.60        0.89        5.74       17.50        3.17       14.89       16.15        5.08        1.11       11.73        4.43       18.83      176.53        0.05        1.42       76.19        7.89        5.38        0.51       68.89       25.72       18.60        1.00       18.82        7.33       79.12       24.51        0.00       48.34        0.00        0.00        0.00        0.00       52.34        0.00        0.00        0.00        0.00        0.00        0.00       52.46        1.60        0.88        0.82        0.17        1.99       23.46        0.00        0.00        0.00        0.00        0.00
    05/31/2013_24:00      736.86       12.89        6.12       20.00        2.58        2.58        2.76        0.40        3.76       14.25        0.87        7.07        8.64        7.26        0.07       17.41        1.98       10.92      201.63        0.02        0.38      104.02       13.69       15.83        0.00       57.98       35.61        6.22        0.00       23.70       10.33       86.85       18.10        0.00       69.42        0.00        0.00        0.00        0.19       24.01        0.00        0.00        0.00        0.00        0.00        0.00       91.44       14.87        0.96        0.38        0.16        0.21       27.75        0.00        0.00        0.00        0.00        0.00
    06/30/2013_24:00      831.67       12.65        3.06       15.08        1.04        1.04        1.37        0.13        2.16        9.42        0.26        2.63        6.93        7.38        0.00       17.86        1.52        8.64      211.38        0.04        0.19       81.25       11.38       22.94        0.00      140.13       40.20        2.16        0.00       15.88       11.76       18.63        5.75        0.00       71.64        0.00        0.00       11.67        9.65       22.28        0.00        0.00        0.00        0.00        0.00        0.00      195.63       46.78        0.99        0.06        0.07        0.00       36.66        0.00        0.00        0.00        0.00        0.00
    07/31/2013_24:00      908.03        8.39        1.27       13.09        0.60        0.60        0.75        0.03        1.39        5.92        0.04        1.23        5.47        8.04        0.00       17.44        1.28        7.21      347.27        0.03        0.13      106.61       15.93       25.12        0.00      196.34       43.56        0.82        0.00       19.22       12.24       17.81        6.25        0.00       92.78        0.00        0.00       22.87       10.03       21.19        0.00        0.00        0.00        0.00        0.00        0.00      214.85       33.60        5.37        0.00        0.02        0.00       25.36        0.00        0.37        0.00        0.00        0.00
    08/31/2013_24:00      666.55        6.47        0.69       12.17        0.44        0.44        0.40        0.01        1.54        5.15        0.00        0.64        5.23        7.27        0.00       15.65        1.27        7.00      345.31        0.03        0.09       93.24       16.62       19.23        0.00      156.54       33.54        0.36        0.00       17.42       10.76       14.01        6.62        0.00       65.36        0.00        0.00        2.16        6.66       19.87        0.00        0.00        0.00        0.00        0.00        0.00       60.85        8.80       15.62        0.00        0.00        0.00       14.82        0.00        2.34        0.00        0.00        0.00
    09/30/2013_24:00      440.89       10.09        1.08       11.49        0.35        0.35        0.17        0.05        1.74        5.26        0.01        0.34        5.08        5.41        0.00        0.91        1.27        6.12      199.32        0.05        0.08       46.40        5.74       10.71        0.00      104.65       21.63        0.52        0.00       16.62        7.22       13.31        6.09        0.00       60.52        0.00        0.00        0.00        0.05       19.51        0.00        0.00        0.00        0.00        0.00        0.00       17.85        6.60        1.17        0.00        0.00        0.00       11.59        0.00        0.00        0.00        0.00        0.00
    10/31/2013_24:00      416.97       13.11        2.36       12.11        0.56        0.56        0.39        0.31        1.56        5.56        0.05        1.72        5.33        4.59        0.00        1.49        1.36        5.54      120.14        0.01        0.56       64.77        2.43        0.49        0.00       78.72       11.80        0.94        0.00       19.80        3.00       35.81       16.95        0.00       41.83        0.00        0.00        0.00        0.00       24.75        0.00        0.00        0.00        0.00        0.00        0.00       13.26        5.02        0.99        0.14        0.78        0.04        9.66        0.00        0.00        0.00        0.00        0.00
    11/30/2013_24:00      266.40       12.68        3.81       12.45        0.60        0.60        0.48        0.78        1.91        5.60        0.16        1.97        5.67        1.39        0.00        2.06        1.90        6.09       99.98        0.19        0.77       62.02        0.83        0.39        0.00       78.43        6.75        1.36        0.00       16.08        2.11       16.47        9.77        0.00       15.56        0.00        0.00        0.00        0.00       25.41        0.00        0.00        0.00        0.00        0.00        0.00        6.41        1.88        0.20        0.41        0.00        0.20        6.84        0.00        0.00        0.00        0.00        0.00
    12/31/2013_24:00      231.61       12.72        4.03       12.93        0.71        0.71        0.55        1.17        2.22        5.59        0.23        1.97        5.58        1.50        0.00        2.39        2.06        6.32       86.19        0.00        0.89        0.44        0.82        0.47        0.00       79.40        6.71        1.49        0.00       15.74        1.60       12.63        9.72        0.00       15.51        0.00        0.00        0.00        0.04       24.23        0.00        0.00        0.00        0.00        0.00        0.00        7.29        1.33        0.57        0.65        0.01        0.30        4.08        0.00        0.00        0.00        0.00        0.00
    01/31/2014_24:00      207.93       12.53        3.85       12.53        0.59        0.59        0.45        1.25        2.34        5.68        0.21        1.68        5.52        1.40        0.00        2.43        2.27        5.96       73.64        0.01        0.91       45.45        0.89        0.50        0.00       41.58       14.13        1.45        0.00       15.76        1.73       17.76        9.78        0.00       16.04        0.00        0.00        0.00        0.09       25.12        0.00        0.00        0.00        0.00        0.00        0.00        9.50        1.08        0.18        0.53        0.03        0.56       11.04        0.09        0.00        0.00        0.00        0.00
    02/28/2014_24:00      197.18       12.57       24.91       19.03        2.11        2.11        1.64        2.98        4.89       11.24        1.54        5.92       11.11        0.36        0.88        4.86        4.67       14.10       64.42        9.30        2.33       58.60        0.67        6.74        0.01       29.58        7.57       17.70        0.91       14.14        0.78       13.86        8.73        0.00       13.10        0.00        0.00        0.00        0.00        7.40        0.00        0.00        0.00        0.00        0.00        0.00        5.66        0.42        0.96        0.74        0.04        0.39        8.72        7.24        0.00        0.00        0.00        0.00
    03/31/2014_24:00      207.49       19.79       63.61       34.01       11.62       11.62        8.94        5.44       11.42       27.66        5.41       30.01       25.55        0.32        3.80       26.06       10.29       31.08       59.19        4.84        4.37       53.81        0.74        9.85        1.86       32.22        8.40       21.93        1.32       12.73        1.29       24.45        9.70        0.00       13.78        0.00        0.00        0.00        0.00        8.13        0.00        0.00        0.00        0.07        0.04        0.00        9.10        1.00        0.70        0.84        0.06        0.48       15.77        0.00        0.00        0.00        0.00        0.00
    04/30/2014_24:00      212.77       16.68       19.46       20.09        6.07        6.07        3.98        0.99        4.34       14.24        2.33       17.89       11.96        1.77        1.02       32.25        3.43       17.69       56.96        0.41        1.63       51.20       19.31        7.13        1.10       40.68       14.39       15.60        0.71       17.61        5.51       91.52       21.16        0.00       27.66        0.00        0.00        0.00        0.00       10.21        0.00        0.00        0.00        0.00        0.00        0.00       13.36        1.78        0.17        0.99        0.10        0.15       19.23        0.00        0.00        0.00        0.00        0.00
    05/31/2014_24:00      460.92       13.12        3.57       15.83        1.80        1.80        1.28        0.24        2.37       10.40        0.45        7.56        6.53        4.21        0.00       19.18        1.29        7.97       94.84        0.02        0.27       80.36       17.16        1.65        0.00       85.09       31.50        5.42        0.00       21.34        9.44       77.88        9.75        0.00       38.08        0.00        0.00        0.00        0.00       42.69        0.00        0.00        0.00        0.00        0.00        0.00       23.98        4.06        1.09        0.46        0.09        0.20       23.83        0.00        0.00        0.00        0.00        0.00
    06/30/2014_24:00      578.74       19.79        0.70       13.40        0.58        0.58        0.49        0.06        1.06        6.22        0.04        2.44        4.72        4.84        0.00        0.55        0.83        5.61      180.75        0.03        0.12       73.46       15.17        1.16        0.00      123.03       42.64        0.99        0.00       17.49       11.00       15.78        5.58        0.00       53.88        0.00        0.00        0.00        2.39       76.80        0.00        0.00        0.00        0.00        0.00        0.00      155.23       46.23        1.03        0.02        0.03        0.00       25.26        0.00        0.00        0.00        0.00        0.00
    07/31/2014_24:00      609.22       11.55        0.24       11.97        0.24        0.24        0.24        0.03        0.84        4.83        0.00        1.01        4.19        4.73        0.00        0.67        0.71        5.60      202.40        0.03        0.07       95.22       23.25        1.12        0.00      118.91       43.04        0.13        0.00       15.79       11.45       19.01        5.84        0.00       64.83        0.00        0.00        0.00        0.52       80.41        0.00        0.00        0.00        0.00        0.00        0.00      253.26       21.30        1.09        0.00        0.00        0.00       19.52        0.00        0.00        0.00        0.00        0.00
    08/31/2014_24:00      514.27       11.12        0.17       11.21        0.30        0.30        0.26        0.01        0.91        4.49        0.00        0.95        4.00        4.56        0.00        0.58        0.73        5.87      126.78        0.03        0.07       83.83       22.41        0.88        0.00       92.97       30.87        0.00        0.00       16.02       10.87       14.14        5.83        0.00       52.84        0.00        0.00        0.00        0.00       80.55        0.00        0.00        0.00        0.00        0.00        0.00       66.63        7.67        4.78        0.00        0.00        0.00       15.70        0.00        0.00        0.00        0.00        0.00
    09/30/2014_24:00      355.48       10.94        0.64       10.99        0.19        0.19        0.10        0.03        1.02        4.20        0.01        0.35        3.74        2.78        0.00        0.53        0.72        4.46       99.92        0.02        0.04       37.06        8.69        0.87        0.00       84.67       23.15        0.00        0.00       14.56        7.72        9.37        5.50        0.00       34.64        0.00        0.00        0.00        0.00       64.79        0.00        0.00        0.00        0.00        0.00        0.00       21.71        4.05        1.41        0.00        0.02        0.00        7.27        0.00        0.00        0.00        0.00        0.00
    10/31/2014_24:00      309.76       10.28        2.45       12.62        0.28        0.28        0.16        0.27        1.52        4.94        0.06        0.50        4.28        2.82        0.00        1.17        1.12        4.83      103.21        0.02        0.48       34.78        2.75        0.70        0.00       65.12       12.42        0.26        0.00       18.62        2.58       25.93        8.34        0.00       29.71        0.00        0.00        0.00        0.00       10.42        0.00        0.00        0.00        0.00        0.00        0.00       15.57        3.14        0.70        0.01        0.00        0.00        9.54        0.00        0.00        0.00        0.00        0.00
    11/30/2014_24:00      278.94        8.85        9.18       13.92        0.87        0.87        0.84        1.07        2.56        6.89        0.31        1.49        5.21        0.26        0.03        2.31        1.69        6.04       71.72        0.12        0.75       49.20        1.07        0.87        0.00       60.86        7.18        1.21        0.00       14.98        0.61       20.86       10.00        0.00       15.19        0.00        0.00        0.00        0.00        9.39        0.00        0.00        0.00        0.00        0.00        0.00        8.17        0.95        0.10        0.32        0.00        0.00        7.89        0.00        0.00        0.00        0.00        0.00
    12/31/2014_24:00      225.08       26.54      147.98       71.07       47.72       47.72       50.64       13.58       20.54       41.91       23.92       73.62       39.89       73.74       14.04       58.92       17.75       38.08       68.59        8.82        7.64       49.49        0.80       54.50       49.55       53.82        6.38       14.40        0.60       14.09        0.97       12.51       10.29        2.05       15.00        0.00        0.00        0.00        0.00        8.87        0.73        0.00        0.00        0.00        0.00        0.73        8.73        0.77        0.73        0.82        0.00        0.00       11.50        0.00        0.00        0.00        0.00        0.00
    01/31/2015_24:00      200.91       12.94       12.58       22.34        5.53        5.53        5.64        2.08        4.74       10.11        1.86        8.06        8.61        6.82        1.31        3.74        3.79        9.43       67.91        0.00        1.73       52.63        0.75        5.05        1.07       53.62        6.80        3.54        0.00       13.87        0.63       16.07       10.23        0.01       14.72        0.00        0.00        0.00        0.00        9.05        0.00        0.00        0.00        0.00        0.00        0.00       11.41        0.78        0.64        0.58        0.00        0.00       10.04        0.00        0.00        0.00        0.00        0.00
    02/28/2015_24:00      192.38       22.25       32.98       26.26       30.40       30.40       27.07        2.73        7.89       19.15       10.99       50.41       19.76       33.59        6.51       35.19        7.52       22.90       62.68        2.08        3.42       59.91       14.71       32.17       19.03       48.88        5.83       34.30        2.51       12.51        1.08       17.31        9.14        0.68       11.22        0.00        0.00        0.00        0.00        7.56        0.24        0.00        0.00        0.00        0.02        0.24        8.84        0.62        0.71        0.57        0.00        0.58       10.13        0.00        0.00        0.00        0.00        0.00
    03/31/2015_24:00      193.13       13.48        8.33       16.54        4.86        4.86        4.84        0.56        3.06        9.96        1.71       12.40        7.46        3.23        0.92        8.54        2.32       12.11       60.21        0.01        0.86       59.32        4.35        4.86        0.00       48.13       15.32        5.44        0.00       14.87        1.69       28.82       10.58        0.01       12.72        0.00        0.00        0.00        0.00       10.20        0.00        0.00        0.00        0.00        0.00        0.00        9.25        1.28        0.63        0.40        0.00        0.62       14.03        0.00        0.00        0.00        0.00        0.00
    04/30/2015_24:00      259.52       13.06        5.01       13.90        2.60        2.60        2.97        0.29        2.32        8.55        0.84        6.40        5.59        4.08        0.47       14.88        1.23        7.36       84.13        0.08        0.22       66.01        7.05        3.01        0.00       34.29       24.13        4.16        0.00       13.84        2.28       29.45       21.45        0.00       14.01        0.00        0.00        0.00        0.00       11.63        0.00        0.00        0.00        0.00        0.00        0.00        9.86        2.75        0.09        0.23        0.00        0.11       14.22        0.00        0.00        0.00        0.00        0.00
    05/31/2015_24:00      465.96       19.17        2.00       14.57        1.50        1.50        2.05        0.13        1.64        8.04        0.39        3.34        5.23        5.36        0.00       14.29        0.99        5.58      175.42        0.02        0.16       54.34       12.82       10.18        0.00       82.36       30.66        3.18        0.00       13.60        4.45       10.28       10.52        0.00       14.52        0.00        0.00        0.00        0.00       13.98        0.00        0.00        0.00        0.00        0.00        0.00       12.77        4.01        0.46        0.23        0.00        0.00       17.49        0.00        0.00        0.00        0.00        0.00
    06/30/2015_24:00      436.58       12.03        0.55       11.63        0.53        0.53        0.50        0.06        1.16        5.86        0.08        0.79        4.26        5.92        0.00       18.60        0.73        4.51      148.77        0.03        0.08       34.35       11.58        7.14        0.00      138.72       35.33        1.00        0.00       36.37        5.97       10.86        6.22        0.00       14.69        0.00        0.00        0.00        1.53       16.27        0.00        0.00        0.00        0.00        0.00        0.00       54.23       32.04        1.00        0.05        0.00        0.00       19.40        0.00        0.00        0.00        0.00        0.00
    07/31/2015_24:00      449.12       10.62        0.24       11.03        0.22        0.22        0.18        0.01        0.92        4.49        0.01        0.23        3.64        5.82        0.00        3.94        0.73        5.38      203.08        0.03        0.07       42.61       20.46        8.27        0.00      189.18       37.03        0.17        0.00       15.75        8.34       10.77        6.00        0.00       27.42        0.00        0.00        0.00        0.10       53.94        0.00        0.00        0.00        0.00        0.00        0.00      143.18       24.91        1.02        0.00        0.00        0.00       14.57        0.00        0.00        0.00        0.00        0.00
    08/31/2015_24:00      443.31       10.72        0.08       10.30        0.18        0.18        0.10        0.01        1.01        3.93        0.00        0.17        3.64        5.58        0.00        0.52        0.67        5.18      127.85        0.03        0.05       38.86       19.49        7.14        0.00      131.86       27.65        0.00        0.00       14.00        7.80       10.30        5.86        0.00       14.22        0.00        0.00        0.00        0.00       72.23        0.00        0.00        0.00        0.00        0.00        0.00       44.34        6.91        1.35        0.00        0.00        0.00        5.52        0.00        0.00        0.00        0.00        0.00
    09/30/2015_24:00      420.95       12.24        0.36        9.70        0.23        0.23        0.11        0.04        1.15        4.03        0.01        0.20        3.88        4.45        0.00        0.47        0.74        4.20       82.53        0.02        0.04       47.52        8.38        2.29        0.00       48.71       21.30        0.00        0.00        8.63        5.47        9.94        5.35        0.00        9.37        0.00        0.00        0.00        0.00       11.57        0.00        0.00        0.00        0.00        0.00        0.00       19.04        6.42        1.38        0.00        0.00        0.00        3.93        0.00        0.00        0.00        0.00        0.00
C-------------------------------------------------------------------------------
C                    Pathnames for Stream Inflow Data
C                         (READ FROM DSS FILE)
C
C   List the pathnames for the stream inflow data below, if it will be read 
C   from a DSS file (i.e. DSSFL is specified above).
C
C   REC  ;  Time series record number
C   PATH ;  Pathname for the time series record 
C
C----------------------------------------------------------------------------------------------------------- 
C   REC       PATH
C-----------------------------------------------------------------------------------------------------------
*
*
